This is pdfTeX, Version 3.141592653-2.6-1.40.29 (TeX Live 2026) (preloaded format=pdflatex 2026.9.1)  1 OCT 2026 19:24
entering extended mode
 restricted \write18 enabled.
 %&-line parsing enabled.
**AppuntiElettronica.tex
(./AppuntiElettronica.tex
LaTeX2e <2025-11-01>
L3 programming layer <2026-01-19>
(/usr/local/texlive/2026/texmf-dist/tex/latex/base/article.cls
Document Class: article 2025/01/22 v1.4n Standard LaTeX document class
(/usr/local/texlive/2026/texmf-dist/tex/latex/base/size10.clo
File: size10.clo 2025/01/22 v1.4n Standard LaTeX file (size option)
)
\c@part=\count275
\c@section=\count276
\c@subsection=\count277
\c@subsubsection=\count278
\c@paragraph=\count279
\c@subparagraph=\count280
\c@figure=\count281
\c@table=\count282
\abovecaptionskip=\skip49
\belowcaptionskip=\skip50
\bibindent=\dimen148
)
(/usr/local/texlive/2026/texmf-dist/tex/latex/graphics/graphicx.sty
Package: graphicx 2024/12/31 v1.2e Enhanced LaTeX Graphics (DPC,SPQR)

(/usr/local/texlive/2026/texmf-dist/tex/latex/graphics/keyval.sty
Package: keyval 2022/05/29 v1.15 key=value parser (DPC)
\KV@toks@=\toks17
)
(/usr/local/texlive/2026/texmf-dist/tex/latex/graphics/graphics.sty
Package: graphics 2024/08/06 v1.4g Standard LaTeX Graphics (DPC,SPQR)

(/usr/local/texlive/2026/texmf-dist/tex/latex/graphics/trig.sty
Package: trig 2023/12/02 v1.11 sin cos tan (DPC)
)
(/usr/local/texlive/2026/texmf-dist/tex/latex/graphics-cfg/graphics.cfg
File: graphics.cfg 2016/06/04 v1.11 sample graphics configuration
)
Package graphics Info: Driver file: pdftex.def on input line 106.

(/usr/local/texlive/2026/texmf-dist/tex/latex/graphics-def/pdftex.def
File: pdftex.def 2025/09/29 v1.2d Graphics/color driver for pdftex
))
\Gin@req@height=\dimen149
\Gin@req@width=\dimen150
)
(/usr/local/texlive/2026/texmf-dist/tex/latex/blindtext/blindtext.sty
Package: blindtext 2012/01/06 V2.0 blindtext-Package

(/usr/local/texlive/2026/texmf-dist/tex/latex/tools/xspace.sty
Package: xspace 2014/10/28 v1.13 Space after command names (DPC,MH)
)
\c@blindtext=\count283
\c@Blindtext=\count284
\c@blind@countparstart=\count285
\blind@countxx=\count286
\blindtext@numBlindtext=\count287
\blind@countyy=\count288
\c@blindlist=\count289
\c@blindlistlevel=\count290
\c@blindlist@level=\count291
\blind@listitem=\count292
\c@blind@listcount=\count293
\c@blind@levelcount=\count294
\blind@mathformula=\count295
\blind@Mathformula=\count296
\c@blind@randomcount=\count297
\c@blind@randommax=\count298
\c@blind@pangramcount=\count299
\c@blind@pangrammax=\count300
)
(/usr/local/texlive/2026/texmf-dist/tex/latex/titlesec/titlesec.sty
Package: titlesec 2025/01/04 v2.17 Sectioning titles
\ttl@box=\box53
\beforetitleunit=\skip51
\aftertitleunit=\skip52
\ttl@plus=\dimen151
\ttl@minus=\dimen152
\ttl@toksa=\toks18
\titlewidth=\dimen153
\titlewidthlast=\dimen154
\titlewidthfirst=\dimen155
)
(/usr/local/texlive/2026/texmf-dist/tex/latex/xcolor/xcolor.sty
Package: xcolor 2024/09/29 v3.02 LaTeX color extensions (UK)

(/usr/local/texlive/2026/texmf-dist/tex/latex/graphics-cfg/color.cfg
File: color.cfg 2016/01/02 v1.6 sample color configuration
)
Package xcolor Info: Driver file: pdftex.def on input line 274.

(/usr/local/texlive/2026/texmf-dist/tex/latex/graphics/mathcolor.ltx)
Package xcolor Info: Model `cmy' substituted by `cmy0' on input line 1349.
Package xcolor Info: Model `hsb' substituted by `rgb' on input line 1353.
Package xcolor Info: Model `RGB' extended on input line 1365.
Package xcolor Info: Model `HTML' substituted by `rgb' on input line 1367.
Package xcolor Info: Model `Hsb' substituted by `hsb' on input line 1368.
Package xcolor Info: Model `tHsb' substituted by `hsb' on input line 1369.
Package xcolor Info: Model `HSB' substituted by `hsb' on input line 1370.
Package xcolor Info: Model `Gray' substituted by `gray' on input line 1371.
Package xcolor Info: Model `wave' substituted by `hsb' on input line 1372.
)
(/usr/local/texlive/2026/texmf-dist/tex/latex/graphics/dvipsnam.def
File: dvipsnam.def 2016/06/17 v3.0m Driver-dependent file (DPC,SPQR)
)
(/usr/local/texlive/2026/texmf-dist/tex/latex/geometry/geometry.sty
Package: geometry 2026/03/07 v6.0 Page Geometry

(/usr/local/texlive/2026/texmf-dist/tex/generic/iftex/ifvtex.sty
Package: ifvtex 2019/10/25 v1.7 ifvtex legacy package. Use iftex instead.

(/usr/local/texlive/2026/texmf-dist/tex/generic/iftex/iftex.sty
Package: iftex 2024/12/12 v1.0g TeX engine tests
))
\Gm@cnth=\count301
\Gm@cntv=\count302
\c@Gm@tempcnt=\count303
\Gm@bindingoffset=\dimen156
\Gm@wd@mp=\dimen157
\Gm@odd@mp=\dimen158
\Gm@even@mp=\dimen159
\Gm@layoutwidth=\dimen160
\Gm@layoutheight=\dimen161
\Gm@layouthoffset=\dimen162
\Gm@layoutvoffset=\dimen163
\Gm@dimlist=\toks19
)
(/usr/local/texlive/2026/texmf-dist/tex/latex/adjustbox/adjustbox.sty
Package: adjustbox 2025/02/26 v1.3c Adjusting TeX boxes (trim, clip, ...)

(/usr/local/texlive/2026/texmf-dist/tex/latex/xkeyval/xkeyval.sty
Package: xkeyval 2025/11/04 v2.10 package option processing (HA)

(/usr/local/texlive/2026/texmf-dist/tex/generic/xkeyval/xkeyval.tex
(/usr/local/texlive/2026/texmf-dist/tex/generic/xkeyval/xkvutils.tex
\XKV@toks=\toks20
\XKV@tempa@toks=\toks21
\XKV@tempb@toks=\toks22
)
\XKV@depth=\count304
File: xkeyval.tex 2014/12/03 v2.7a key=value parser (HA)
))
(/usr/local/texlive/2026/texmf-dist/tex/latex/adjustbox/adjcalc.sty
Package: adjcalc 2012/05/16 v1.1 Provides advanced setlength with multiple back
-ends (calc, etex, pgfmath)
)
(/usr/local/texlive/2026/texmf-dist/tex/latex/adjustbox/trimclip.sty
Package: trimclip 2025/02/21 v1.2a Trim and clip general TeX material

(/usr/local/texlive/2026/texmf-dist/tex/latex/collectbox/collectbox.sty
Package: collectbox 2022/10/17 v0.4c Collect macro arguments as boxes
\collectedbox=\box54
)
\tc@llx=\dimen164
\tc@lly=\dimen165
\tc@urx=\dimen166
\tc@ury=\dimen167
Package trimclip Info: Using driver 'tc-pdftex.def'.

(/usr/local/texlive/2026/texmf-dist/tex/latex/adjustbox/tc-pdftex.def
File: tc-pdftex.def 2025/02/26 v2.3 Clipping driver for pdftex
))
\adjbox@Width=\dimen168
\adjbox@Height=\dimen169
\adjbox@Depth=\dimen170
\adjbox@Totalheight=\dimen171
\adjbox@pwidth=\dimen172
\adjbox@pheight=\dimen173
\adjbox@pdepth=\dimen174
\adjbox@ptotalheight=\dimen175

(/usr/local/texlive/2026/texmf-dist/tex/latex/ifoddpage/ifoddpage.sty
Package: ifoddpage 2022/10/18 v1.2 Conditionals for odd/even page detection
\c@checkoddpage=\count305
)
(/usr/local/texlive/2026/texmf-dist/tex/latex/varwidth/varwidth.sty
Package: varwidth 2009/03/30 ver 0.92;  Variable-width minipages
\@vwid@box=\box55
\sift@deathcycles=\count306
\@vwid@loff=\dimen176
\@vwid@roff=\dimen177
)
==> First Aid for varwidth.sty applied!
) (/usr/local/texlive/2026/texmf-dist/tex/latex/amsmath/amsmath.sty
Package: amsmath 2025/07/09 v2.17z AMS math features
\@mathmargin=\skip53

For additional information on amsmath, use the `?' option.
(/usr/local/texlive/2026/texmf-dist/tex/latex/amsmath/amstext.sty
Package: amstext 2024/11/17 v2.01 AMS text

(/usr/local/texlive/2026/texmf-dist/tex/latex/amsmath/amsgen.sty
File: amsgen.sty 1999/11/30 v2.0 generic functions
\@emptytoks=\toks23
\ex@=\dimen178
))
(/usr/local/texlive/2026/texmf-dist/tex/latex/amsmath/amsbsy.sty
Package: amsbsy 1999/11/29 v1.2d Bold Symbols
\pmbraise@=\dimen179
)
(/usr/local/texlive/2026/texmf-dist/tex/latex/amsmath/amsopn.sty
Package: amsopn 2022/04/08 v2.04 operator names
)
\inf@bad=\count307
LaTeX Info: Redefining \frac on input line 233.
\uproot@=\count308
\leftroot@=\count309
LaTeX Info: Redefining \overline on input line 398.
LaTeX Info: Redefining \colon on input line 409.
\classnum@=\count310
\DOTSCASE@=\count311
LaTeX Info: Redefining \ldots on input line 495.
LaTeX Info: Redefining \dots on input line 498.
LaTeX Info: Redefining \cdots on input line 619.
\Mathstrutbox@=\box56
\strutbox@=\box57
LaTeX Info: Redefining \big on input line 721.
LaTeX Info: Redefining \Big on input line 722.
LaTeX Info: Redefining \bigg on input line 723.
LaTeX Info: Redefining \Bigg on input line 724.
\big@size=\dimen180
LaTeX Font Info:    Redeclaring font encoding OML on input line 742.
LaTeX Font Info:    Redeclaring font encoding OMS on input line 743.
\macc@depth=\count312
LaTeX Info: Redefining \bmod on input line 904.
LaTeX Info: Redefining \pmod on input line 909.
LaTeX Info: Redefining \smash on input line 939.
LaTeX Info: Redefining \relbar on input line 969.
LaTeX Info: Redefining \Relbar on input line 970.
\c@MaxMatrixCols=\count313
\dotsspace@=\muskip17
\c@parentequation=\count314
\dspbrk@lvl=\count315
\tag@help=\toks24
\row@=\count316
\column@=\count317
\maxfields@=\count318
\andhelp@=\toks25
\eqnshift@=\dimen181
\alignsep@=\dimen182
\tagshift@=\dimen183
\tagwidth@=\dimen184
\totwidth@=\dimen185
\lineht@=\dimen186
\@envbody=\toks26
\multlinegap=\skip54
\multlinetaggap=\skip55
\mathdisplay@stack=\toks27
LaTeX Info: Redefining \[ on input line 2950.
LaTeX Info: Redefining \] on input line 2951.
)
(/usr/local/texlive/2026/texmf-dist/tex/latex/amscls/amsthm.sty
Package: amsthm 2020/05/29 v2.20.6
\thm@style=\toks28
\thm@bodyfont=\toks29
\thm@headfont=\toks30
\thm@notefont=\toks31
\thm@headpunct=\toks32
\thm@preskip=\skip56
\thm@postskip=\skip57
\thm@headsep=\skip58
\dth@everypar=\toks33
)
(/usr/local/texlive/2026/texmf-dist/tex/latex/amsfonts/amssymb.sty
Package: amssymb 2013/01/14 v3.01 AMS font symbols

(/usr/local/texlive/2026/texmf-dist/tex/latex/amsfonts/amsfonts.sty
Package: amsfonts 2013/01/14 v3.01 Basic AMSFonts support
\symAMSa=\mathgroup4
\symAMSb=\mathgroup5
LaTeX Font Info:    Redeclaring math symbol \hbar on input line 98.
LaTeX Font Info:    Overwriting math alphabet `\mathfrak' in version `bold'
(Font)                  U/euf/m/n --> U/euf/b/n on input line 106.
))
(/usr/local/texlive/2026/texmf-dist/tex/latex/cancel/cancel.sty
Package: cancel 2013/04/12 v2.2 Cancel math terms
)
(/usr/local/texlive/2026/texmf-dist/tex/latex/caption/caption.sty
Package: caption 2023/08/05 v3.6o Customizing captions (AR)

(/usr/local/texlive/2026/texmf-dist/tex/latex/caption/caption3.sty
Package: caption3 2023/07/31 v2.4d caption3 kernel (AR)
\caption@tempdima=\dimen187
\captionmargin=\dimen188
\caption@leftmargin=\dimen189
\caption@rightmargin=\dimen190
\caption@width=\dimen191
\caption@indent=\dimen192
\caption@parindent=\dimen193
\caption@hangindent=\dimen194
Package caption Info: Standard document class detected.
)
\c@caption@flags=\count319
\c@continuedfloat=\count320
)
(/usr/local/texlive/2026/texmf-dist/tex/latex/caption/subcaption.sty
Package: subcaption 2023/07/28 v1.6b Sub-captions (AR)
Package caption Info: New subtype `subfigure' on input line 238.
\c@subfigure=\count321
Package caption Info: New subtype `subtable' on input line 238.
\c@subtable=\count322
)
(/usr/local/texlive/2026/texmf-dist/tex/latex/float/float.sty
Package: float 2001/11/08 v1.3d Float enhancements (AL)
\c@float@type=\count323
\float@exts=\toks34
\float@box=\box58
\@float@everytoks=\toks35
\@floatcapt=\box59
)
(/usr/local/texlive/2026/texmf-dist/tex/latex/enumitem/enumitem.sty
Package: enumitem 2025/02/06 v3.11 Customized lists
\labelindent=\skip59
\enit@outerparindent=\dimen195
\enit@toks=\toks36
\enit@inbox=\box60
\enit@count@id=\count324
\enitdp@description=\count325
)
(/usr/local/texlive/2026/texmf-dist/tex/latex/hyperref/hyperref.sty
Package: hyperref 2026-01-29 v7.01p Hypertext links for LaTeX

(/usr/local/texlive/2026/texmf-dist/tex/latex/kvsetkeys/kvsetkeys.sty
Package: kvsetkeys 2022-10-05 v1.19 Key value parser (HO)
)
(/usr/local/texlive/2026/texmf-dist/tex/generic/kvdefinekeys/kvdefinekeys.sty
Package: kvdefinekeys 2019-12-19 v1.6 Define keys (HO)
)
(/usr/local/texlive/2026/texmf-dist/tex/generic/pdfescape/pdfescape.sty
Package: pdfescape 2019/12/09 v1.15 Implements pdfTeX's escape features (HO)

(/usr/local/texlive/2026/texmf-dist/tex/generic/ltxcmds/ltxcmds.sty
Package: ltxcmds 2023-12-04 v1.26 LaTeX kernel commands for general use (HO)
)
(/usr/local/texlive/2026/texmf-dist/tex/generic/pdftexcmds/pdftexcmds.sty
Package: pdftexcmds 2020-06-27 v0.33 Utility functions of pdfTeX for LuaTeX (HO
)

(/usr/local/texlive/2026/texmf-dist/tex/generic/infwarerr/infwarerr.sty
Package: infwarerr 2019/12/03 v1.5 Providing info/warning/error messages (HO)
)
Package pdftexcmds Info: \pdf@primitive is available.
Package pdftexcmds Info: \pdf@ifprimitive is available.
Package pdftexcmds Info: \pdfdraftmode found.
))
(/usr/local/texlive/2026/texmf-dist/tex/latex/hycolor/hycolor.sty
Package: hycolor 2020-01-27 v1.10 Color options for hyperref/bookmark (HO)
)
(/usr/local/texlive/2026/texmf-dist/tex/latex/hyperref/nameref.sty
Package: nameref 2026-01-29 v2.58 Cross-referencing by name of section

(/usr/local/texlive/2026/texmf-dist/tex/latex/refcount/refcount.sty
Package: refcount 2019/12/15 v3.6 Data extraction from label references (HO)
)
(/usr/local/texlive/2026/texmf-dist/tex/generic/gettitlestring/gettitlestring.s
ty
Package: gettitlestring 2019/12/15 v1.6 Cleanup title references (HO)
 (/usr/local/texlive/2026/texmf-dist/tex/latex/kvoptions/kvoptions.sty
Package: kvoptions 2022-06-15 v3.15 Key value format for package options (HO)
))
\c@section@level=\count326
)
(/usr/local/texlive/2026/texmf-dist/tex/latex/etoolbox/etoolbox.sty
Package: etoolbox 2025/10/02 v2.5m e-TeX tools for LaTeX (JAW)
\etb@tempcnta=\count327
)
(/usr/local/texlive/2026/texmf-dist/tex/generic/stringenc/stringenc.sty
Package: stringenc 2019/11/29 v1.12 Convert strings between diff. encodings (HO
)
)
\@linkdim=\dimen196
\Hy@linkcounter=\count328
\Hy@pagecounter=\count329

(/usr/local/texlive/2026/texmf-dist/tex/latex/hyperref/pd1enc.def
File: pd1enc.def 2026-01-29 v7.01p Hyperref: PDFDocEncoding definition (HO)
Now handling font encoding PD1 ...
... no UTF-8 mapping file for font encoding PD1
)
(/usr/local/texlive/2026/texmf-dist/tex/generic/intcalc/intcalc.sty
Package: intcalc 2019/12/15 v1.3 Expandable calculations with integers (HO)
)
\Hy@SavedSpaceFactor=\count330

(/usr/local/texlive/2026/texmf-dist/tex/latex/hyperref/puenc.def
File: puenc.def 2026-01-29 v7.01p Hyperref: PDF Unicode definition (HO)
Now handling font encoding PU ...
... no UTF-8 mapping file for font encoding PU
)
Package hyperref Info: Hyper figures OFF on input line 4201.
Package hyperref Info: Link nesting OFF on input line 4206.
Package hyperref Info: Hyper index ON on input line 4209.
Package hyperref Info: Plain pages OFF on input line 4216.
Package hyperref Info: Backreferencing OFF on input line 4221.
Package hyperref Info: Implicit mode ON; LaTeX internals redefined.
Package hyperref Info: Bookmarks ON on input line 4468.
\c@Hy@tempcnt=\count331

(/usr/local/texlive/2026/texmf-dist/tex/latex/url/url.sty
\Urlmuskip=\muskip18
Package: url 2013/09/16  ver 3.4  Verb mode for urls, etc.
)
LaTeX Info: Redefining \url on input line 4807.
\XeTeXLinkMargin=\dimen197

(/usr/local/texlive/2026/texmf-dist/tex/generic/bitset/bitset.sty
Package: bitset 2019/12/09 v1.3 Handle bit-vector datatype (HO)

(/usr/local/texlive/2026/texmf-dist/tex/generic/bigintcalc/bigintcalc.sty
Package: bigintcalc 2019/12/15 v1.5 Expandable calculations on big integers (HO
)
))
\Fld@menulength=\count332
\Field@Width=\dimen198
\Fld@charsize=\dimen199
Package hyperref Info: Hyper figures OFF on input line 6084.
Package hyperref Info: Link nesting OFF on input line 6089.
Package hyperref Info: Hyper index ON on input line 6092.
Package hyperref Info: backreferencing OFF on input line 6099.
Package hyperref Info: Link coloring OFF on input line 6104.
Package hyperref Info: Link coloring with OCG OFF on input line 6109.
Package hyperref Info: PDF/A mode OFF on input line 6114.
\Hy@abspage=\count333
\c@Item=\count334
\c@Hfootnote=\count335
)
Package hyperref Info: Driver (autodetected): hpdftex.

(/usr/local/texlive/2026/texmf-dist/tex/latex/hyperref/hpdftex.def
File: hpdftex.def 2026-01-29 v7.01p Hyperref driver for pdfTeX
\Fld@listcount=\count336
\c@bookmark@seq@number=\count337

(/usr/local/texlive/2026/texmf-dist/tex/latex/rerunfilecheck/rerunfilecheck.sty
Package: rerunfilecheck 2025-06-21 v1.11 Rerun checks for auxiliary files (HO)

(/usr/local/texlive/2026/texmf-dist/tex/generic/uniquecounter/uniquecounter.sty
Package: uniquecounter 2019/12/15 v1.4 Provide unlimited unique counter (HO)
)
Package uniquecounter Info: New unique counter `rerunfilecheck' on input line 2
84.
)
\Hy@SectionHShift=\skip60
) (/usr/local/texlive/2026/texmf-dist/tex/latex/makecell/makecell.sty
Package: makecell 2009/08/03 V0.1e Managing of Tab Column Heads and Cells

(/usr/local/texlive/2026/texmf-dist/tex/latex/tools/array.sty
Package: array 2025/09/25 v2.6n Tabular extension package (FMi)
\col@sep=\dimen256
\ar@mcellbox=\box61
\extrarowheight=\dimen257
\NC@list=\toks37
\extratabsurround=\skip61
\backup@length=\skip62
\ar@cellbox=\box62
)
\rotheadsize=\dimen258
\c@nlinenum=\count338
\TeXr@lab=\toks38
)
(/usr/local/texlive/2026/texmf-dist/tex/latex/chronology/chronology.sty
Package: chronology 2023/08/20 v2.0 - Horizontal Timeline

(/usr/local/texlive/2026/texmf-dist/tex/latex/tools/calc.sty
Package: calc 2025/03/01 v4.3b Infix arithmetic (KKT,FJ)
\calc@Acount=\count339
\calc@Bcount=\count340
\calc@Adimen=\dimen259
\calc@Bdimen=\dimen260
\calc@Askip=\skip63
\calc@Bskip=\skip64
LaTeX Info: Redefining \setlength on input line 86.
LaTeX Info: Redefining \addtolength on input line 87.
\calc@Ccount=\count341
\calc@Cskip=\skip65
)
(/usr/local/texlive/2026/texmf-dist/tex/latex/pgf/frontendlayer/tikz.sty
(/usr/local/texlive/2026/texmf-dist/tex/latex/pgf/basiclayer/pgf.sty
(/usr/local/texlive/2026/texmf-dist/tex/latex/pgf/utilities/pgfrcs.sty
(/usr/local/texlive/2026/texmf-dist/tex/generic/pgf/utilities/pgfutil-common.te
x
\pgfutil@everybye=\toks39
\pgfutil@tempdima=\dimen261
\pgfutil@tempdimb=\dimen262
)
(/usr/local/texlive/2026/texmf-dist/tex/generic/pgf/utilities/pgfutil-latex.def
\pgfutil@abb=\box63
) (/usr/local/texlive/2026/texmf-dist/tex/generic/pgf/utilities/pgfrcs.code.tex
(/usr/local/texlive/2026/texmf-dist/tex/generic/pgf/pgf.revision.tex)
Package: pgfrcs 2025-08-29 v3.1.11a (3.1.11a)
))
Package: pgf 2025-08-29 v3.1.11a (3.1.11a)

(/usr/local/texlive/2026/texmf-dist/tex/latex/pgf/basiclayer/pgfcore.sty
(/usr/local/texlive/2026/texmf-dist/tex/latex/pgf/systemlayer/pgfsys.sty
(/usr/local/texlive/2026/texmf-dist/tex/generic/pgf/systemlayer/pgfsys.code.tex
Package: pgfsys 2025-08-29 v3.1.11a (3.1.11a)
(/usr/local/texlive/2026/texmf-dist/tex/generic/pgf/utilities/pgfkeys.code.tex
\pgfkeys@pathtoks=\toks40
\pgfkeys@temptoks=\toks41

(/usr/local/texlive/2026/texmf-dist/tex/generic/pgf/utilities/pgfkeyslibraryfil
tered.code.tex
\pgfkeys@tmptoks=\toks42
))
\pgf@x=\dimen263
\pgf@y=\dimen264
\pgf@xa=\dimen265
\pgf@ya=\dimen266
\pgf@xb=\dimen267
\pgf@yb=\dimen268
\pgf@xc=\dimen269
\pgf@yc=\dimen270
\pgf@xd=\dimen271
\pgf@yd=\dimen272
\w@pgf@writea=\write3
\r@pgf@reada=\read2
\c@pgf@counta=\count342
\c@pgf@countb=\count343
\c@pgf@countc=\count344
\c@pgf@countd=\count345
\t@pgf@toka=\toks43
\t@pgf@tokb=\toks44
\t@pgf@tokc=\toks45
\pgf@sys@id@count=\count346

(/usr/local/texlive/2026/texmf-dist/tex/generic/pgf/systemlayer/pgf.cfg
File: pgf.cfg 2025-08-29 v3.1.11a (3.1.11a)
)
Driver file for pgf: pgfsys-pdftex.def

(/usr/local/texlive/2026/texmf-dist/tex/generic/pgf/systemlayer/pgfsys-pdftex.d
ef
File: pgfsys-pdftex.def 2025-08-29 v3.1.11a (3.1.11a)

(/usr/local/texlive/2026/texmf-dist/tex/generic/pgf/systemlayer/pgfsys-common-p
df.def
File: pgfsys-common-pdf.def 2025-08-29 v3.1.11a (3.1.11a)
)))
(/usr/local/texlive/2026/texmf-dist/tex/generic/pgf/systemlayer/pgfsyssoftpath.
code.tex
File: pgfsyssoftpath.code.tex 2025-08-29 v3.1.11a (3.1.11a)
\pgfsyssoftpath@smallbuffer@items=\count347
\pgfsyssoftpath@bigbuffer@items=\count348
)
(/usr/local/texlive/2026/texmf-dist/tex/generic/pgf/systemlayer/pgfsysprotocol.
code.tex
File: pgfsysprotocol.code.tex 2025-08-29 v3.1.11a (3.1.11a)
))
(/usr/local/texlive/2026/texmf-dist/tex/generic/pgf/basiclayer/pgfcore.code.tex
Package: pgfcore 2025-08-29 v3.1.11a (3.1.11a)
(/usr/local/texlive/2026/texmf-dist/tex/generic/pgf/math/pgfmath.code.tex
(/usr/local/texlive/2026/texmf-dist/tex/generic/pgf/math/pgfmathutil.code.tex)
(/usr/local/texlive/2026/texmf-dist/tex/generic/pgf/math/pgfmathparser.code.tex
\pgfmath@dimen=\dimen273
\pgfmath@count=\count349
\pgfmath@box=\box64
\pgfmath@toks=\toks46
\pgfmath@stack@operand=\toks47
\pgfmath@stack@operation=\toks48
)
(/usr/local/texlive/2026/texmf-dist/tex/generic/pgf/math/pgfmathfunctions.code.
tex)
(/usr/local/texlive/2026/texmf-dist/tex/generic/pgf/math/pgfmathfunctions.basic
.code.tex)
(/usr/local/texlive/2026/texmf-dist/tex/generic/pgf/math/pgfmathfunctions.trigo
nometric.code.tex)
(/usr/local/texlive/2026/texmf-dist/tex/generic/pgf/math/pgfmathfunctions.rando
m.code.tex)
(/usr/local/texlive/2026/texmf-dist/tex/generic/pgf/math/pgfmathfunctions.compa
rison.code.tex)
(/usr/local/texlive/2026/texmf-dist/tex/generic/pgf/math/pgfmathfunctions.base.
code.tex)
(/usr/local/texlive/2026/texmf-dist/tex/generic/pgf/math/pgfmathfunctions.round
.code.tex)
(/usr/local/texlive/2026/texmf-dist/tex/generic/pgf/math/pgfmathfunctions.misc.
code.tex)
(/usr/local/texlive/2026/texmf-dist/tex/generic/pgf/math/pgfmathfunctions.integ
erarithmetics.code.tex)
(/usr/local/texlive/2026/texmf-dist/tex/generic/pgf/math/pgfmathcalc.code.tex)
(/usr/local/texlive/2026/texmf-dist/tex/generic/pgf/math/pgfmathfloat.code.tex
\c@pgfmathroundto@lastzeros=\count350
)) (/usr/local/texlive/2026/texmf-dist/tex/generic/pgf/math/pgfint.code.tex)
(/usr/local/texlive/2026/texmf-dist/tex/generic/pgf/basiclayer/pgfcorepoints.co
de.tex
File: pgfcorepoints.code.tex 2025-08-29 v3.1.11a (3.1.11a)
\pgf@picminx=\dimen274
\pgf@picmaxx=\dimen275
\pgf@picminy=\dimen276
\pgf@picmaxy=\dimen277
\pgf@pathminx=\dimen278
\pgf@pathmaxx=\dimen279
\pgf@pathminy=\dimen280
\pgf@pathmaxy=\dimen281
\pgf@xx=\dimen282
\pgf@xy=\dimen283
\pgf@yx=\dimen284
\pgf@yy=\dimen285
\pgf@zx=\dimen286
\pgf@zy=\dimen287
)
(/usr/local/texlive/2026/texmf-dist/tex/generic/pgf/basiclayer/pgfcorepathconst
ruct.code.tex
File: pgfcorepathconstruct.code.tex 2025-08-29 v3.1.11a (3.1.11a)
\pgf@path@lastx=\dimen288
\pgf@path@lasty=\dimen289
)
(/usr/local/texlive/2026/texmf-dist/tex/generic/pgf/basiclayer/pgfcorepathusage
.code.tex
File: pgfcorepathusage.code.tex 2025-08-29 v3.1.11a (3.1.11a)
\pgf@shorten@end@additional=\dimen290
\pgf@shorten@start@additional=\dimen291
)
(/usr/local/texlive/2026/texmf-dist/tex/generic/pgf/basiclayer/pgfcorescopes.co
de.tex
File: pgfcorescopes.code.tex 2025-08-29 v3.1.11a (3.1.11a)
\pgfpic=\box65
\pgf@hbox=\box66
\pgf@layerbox@main=\box67
\pgf@picture@serial@count=\count351
)
(/usr/local/texlive/2026/texmf-dist/tex/generic/pgf/basiclayer/pgfcoregraphicst
ate.code.tex
File: pgfcoregraphicstate.code.tex 2025-08-29 v3.1.11a (3.1.11a)
\pgflinewidth=\dimen292
)
(/usr/local/texlive/2026/texmf-dist/tex/generic/pgf/basiclayer/pgfcoretransform
ations.code.tex
File: pgfcoretransformations.code.tex 2025-08-29 v3.1.11a (3.1.11a)
\pgf@pt@x=\dimen293
\pgf@pt@y=\dimen294
\pgf@pt@temp=\dimen295
)
(/usr/local/texlive/2026/texmf-dist/tex/generic/pgf/basiclayer/pgfcorequick.cod
e.tex
File: pgfcorequick.code.tex 2025-08-29 v3.1.11a (3.1.11a)
)
(/usr/local/texlive/2026/texmf-dist/tex/generic/pgf/basiclayer/pgfcoreobjects.c
ode.tex
File: pgfcoreobjects.code.tex 2025-08-29 v3.1.11a (3.1.11a)
)
(/usr/local/texlive/2026/texmf-dist/tex/generic/pgf/basiclayer/pgfcorepathproce
ssing.code.tex
File: pgfcorepathprocessing.code.tex 2025-08-29 v3.1.11a (3.1.11a)
)
(/usr/local/texlive/2026/texmf-dist/tex/generic/pgf/basiclayer/pgfcorearrows.co
de.tex
File: pgfcorearrows.code.tex 2025-08-29 v3.1.11a (3.1.11a)
\pgfarrowsep=\dimen296
)
(/usr/local/texlive/2026/texmf-dist/tex/generic/pgf/basiclayer/pgfcoreshade.cod
e.tex
File: pgfcoreshade.code.tex 2025-08-29 v3.1.11a (3.1.11a)
\pgf@max=\dimen297
\pgf@sys@shading@range@num=\count352
\pgf@shadingcount=\count353
)
(/usr/local/texlive/2026/texmf-dist/tex/generic/pgf/basiclayer/pgfcoreimage.cod
e.tex
File: pgfcoreimage.code.tex 2025-08-29 v3.1.11a (3.1.11a)
)
(/usr/local/texlive/2026/texmf-dist/tex/generic/pgf/basiclayer/pgfcoreexternal.
code.tex
File: pgfcoreexternal.code.tex 2025-08-29 v3.1.11a (3.1.11a)
\pgfexternal@startupbox=\box68
)
(/usr/local/texlive/2026/texmf-dist/tex/generic/pgf/basiclayer/pgfcorelayers.co
de.tex
File: pgfcorelayers.code.tex 2025-08-29 v3.1.11a (3.1.11a)
)
(/usr/local/texlive/2026/texmf-dist/tex/generic/pgf/basiclayer/pgfcoretranspare
ncy.code.tex
File: pgfcoretransparency.code.tex 2025-08-29 v3.1.11a (3.1.11a)
)
(/usr/local/texlive/2026/texmf-dist/tex/generic/pgf/basiclayer/pgfcorepatterns.
code.tex
File: pgfcorepatterns.code.tex 2025-08-29 v3.1.11a (3.1.11a)
)
(/usr/local/texlive/2026/texmf-dist/tex/generic/pgf/basiclayer/pgfcorerdf.code.
tex
File: pgfcorerdf.code.tex 2025-08-29 v3.1.11a (3.1.11a)
)))
(/usr/local/texlive/2026/texmf-dist/tex/generic/pgf/modules/pgfmoduleshapes.cod
e.tex
File: pgfmoduleshapes.code.tex 2025-08-29 v3.1.11a (3.1.11a)
\pgfnodeparttextbox=\box69
)
(/usr/local/texlive/2026/texmf-dist/tex/generic/pgf/modules/pgfmoduleplot.code.
tex
File: pgfmoduleplot.code.tex 2025-08-29 v3.1.11a (3.1.11a)
)
(/usr/local/texlive/2026/texmf-dist/tex/latex/pgf/compatibility/pgfcomp-version
-0-65.sty
Package: pgfcomp-version-0-65 2025-08-29 v3.1.11a (3.1.11a)
\pgf@nodesepstart=\dimen298
\pgf@nodesepend=\dimen299
)
(/usr/local/texlive/2026/texmf-dist/tex/latex/pgf/compatibility/pgfcomp-version
-1-18.sty
Package: pgfcomp-version-1-18 2025-08-29 v3.1.11a (3.1.11a)
))
(/usr/local/texlive/2026/texmf-dist/tex/latex/pgf/utilities/pgffor.sty
(/usr/local/texlive/2026/texmf-dist/tex/latex/pgf/utilities/pgfkeys.sty
(/usr/local/texlive/2026/texmf-dist/tex/generic/pgf/utilities/pgfkeys.code.tex)
) (/usr/local/texlive/2026/texmf-dist/tex/latex/pgf/math/pgfmath.sty
(/usr/local/texlive/2026/texmf-dist/tex/generic/pgf/math/pgfmath.code.tex))
(/usr/local/texlive/2026/texmf-dist/tex/generic/pgf/utilities/pgffor.code.tex
Package: pgffor 2025-08-29 v3.1.11a (3.1.11a)
\pgffor@iter=\dimen300
\pgffor@skip=\dimen301
\pgffor@stack=\toks49
\pgffor@toks=\toks50
))
(/usr/local/texlive/2026/texmf-dist/tex/generic/pgf/frontendlayer/tikz/tikz.cod
e.tex
Package: tikz 2025-08-29 v3.1.11a (3.1.11a)

(/usr/local/texlive/2026/texmf-dist/tex/generic/pgf/libraries/pgflibraryplothan
dlers.code.tex
File: pgflibraryplothandlers.code.tex 2025-08-29 v3.1.11a (3.1.11a)
\pgf@plot@mark@count=\count354
\pgfplotmarksize=\dimen302
)
\tikz@lastx=\dimen303
\tikz@lasty=\dimen304
\tikz@lastxsaved=\dimen305
\tikz@lastysaved=\dimen306
\tikz@lastmovetox=\dimen307
\tikz@lastmovetoy=\dimen308
\tikzleveldistance=\dimen309
\tikzsiblingdistance=\dimen310
\tikz@figbox=\box70
\tikz@figbox@bg=\box71
\tikz@tempbox=\box72
\tikz@tempbox@bg=\box73
\tikztreelevel=\count355
\tikznumberofchildren=\count356
\tikznumberofcurrentchild=\count357
\tikz@fig@count=\count358

(/usr/local/texlive/2026/texmf-dist/tex/generic/pgf/modules/pgfmodulematrix.cod
e.tex
File: pgfmodulematrix.code.tex 2025-08-29 v3.1.11a (3.1.11a)
\pgfmatrixcurrentrow=\count359
\pgfmatrixcurrentcolumn=\count360
\pgf@matrix@numberofcolumns=\count361
)
\tikz@expandcount=\count362

(/usr/local/texlive/2026/texmf-dist/tex/generic/pgf/frontendlayer/tikz/librarie
s/tikzlibrarytopaths.code.tex
File: tikzlibrarytopaths.code.tex 2025-08-29 v3.1.11a (3.1.11a)
)))
(/usr/local/texlive/2026/texmf-dist/tex/latex/l3packages/xparse/xparse.sty
(/usr/local/texlive/2026/texmf-dist/tex/latex/l3kernel/expl3.sty
Package: expl3 2026-01-19 L3 programming layer (loader) 

(/usr/local/texlive/2026/texmf-dist/tex/latex/l3backend/l3backend-pdftex.def
File: l3backend-pdftex.def 2025-10-09 L3 backend support: PDF output (pdfTeX)
\l__color_backend_stack_int=\count363
))
Package: xparse 2025-10-09 L3 Experimental document command parser
)
\c@step=\count364
\c@stepstart=\count365
\c@stepstop=\count366
\c@yearstart=\count367
\c@yearstop=\count368
\c@deltayears=\count369
\xstart=\skip66
\xstop=\skip67
\unit=\skip68
\timelinewidth=\skip69
\timelinebox=\box74
) (/usr/local/texlive/2026/texmf-dist/tex/latex/cleveref/cleveref.sty
Package: cleveref 2018/03/27 v0.21.4 Intelligent cross-referencing
Package cleveref Info: `hyperref' support loaded on input line 2370.
LaTeX Info: Redefining \cref on input line 2370.
LaTeX Info: Redefining \Cref on input line 2370.
LaTeX Info: Redefining \crefrange on input line 2370.
LaTeX Info: Redefining \Crefrange on input line 2370.
LaTeX Info: Redefining \cpageref on input line 2370.
LaTeX Info: Redefining \Cpageref on input line 2370.
LaTeX Info: Redefining \cpagerefrange on input line 2370.
LaTeX Info: Redefining \Cpagerefrange on input line 2370.
LaTeX Info: Redefining \labelcref on input line 2370.
LaTeX Info: Redefining \labelcpageref on input line 2370.
Package cleveref Info: `amsthm' support loaded on input line 3026.
)
==> First Aid for cleveref.sty applied!
(/usr/local/texlive/2026/texmf-dist/tex/latex/fancyhdr/fancyhdr.sty
Package: fancyhdr 2025/02/07 v5.2 Extensive control of page headers and footers

\f@nch@headwidth=\skip70
\f@nch@offset@elh=\skip71
\f@nch@offset@erh=\skip72
\f@nch@offset@olh=\skip73
\f@nch@offset@orh=\skip74
\f@nch@offset@elf=\skip75
\f@nch@offset@erf=\skip76
\f@nch@offset@olf=\skip77
\f@nch@offset@orf=\skip78
\f@nch@height=\skip79
\f@nch@footalignment=\skip80
\f@nch@widthL=\skip81
\f@nch@widthC=\skip82
\f@nch@widthR=\skip83
\@temptokenb=\toks51
)
(/usr/local/texlive/2026/texmf-dist/tex/generic/mathabx/mathabx.sty
Package: mathabx 2003/07/29 v0.0 Non-standard LaTeX package mathabx
\symmatha=\mathgroup6
\symmathb=\mathgroup7
\symmathx=\mathgroup8

(/usr/local/texlive/2026/texmf-dist/tex/generic/mathabx/mathabx.dcl
LaTeX Font Info:    Redeclaring math symbol \cdotp on input line 25.
LaTeX Font Info:    Redeclaring math symbol \times on input line 33.
LaTeX Font Info:    Redeclaring math symbol \div on input line 34.
LaTeX Font Info:    Redeclaring math symbol \cdot on input line 35.
LaTeX Font Info:    Redeclaring math symbol \circ on input line 36.
LaTeX Font Info:    Redeclaring math symbol \ast on input line 38.
LaTeX Font Info:    Redeclaring math symbol \pm on input line 41.
LaTeX Font Info:    Redeclaring math symbol \mp on input line 42.
LaTeX Font Info:    Redeclaring math symbol \ltimes on input line 43.
LaTeX Font Info:    Redeclaring math symbol \rtimes on input line 44.
LaTeX Font Info:    Redeclaring math symbol \diamond on input line 45.
LaTeX Font Info:    Redeclaring math symbol \bullet on input line 46.
LaTeX Font Info:    Redeclaring math symbol \star on input line 47.
LaTeX Font Info:    Redeclaring math symbol \amalg on input line 51.
LaTeX Font Info:    Redeclaring math symbol \dotplus on input line 58.
LaTeX Font Info:    Redeclaring math symbol \square on input line 63.
LaTeX Font Info:    Redeclaring math symbol \divideontimes on input line 71.
LaTeX Font Info:    Redeclaring math symbol \bigstar on input line 75.
LaTeX Font Info:    Redeclaring math symbol \equiv on input line 83.
LaTeX Font Info:    Redeclaring math symbol \sim on input line 84.
LaTeX Font Info:    Redeclaring math symbol \approx on input line 85.
LaTeX Font Info:    Redeclaring math symbol \simeq on input line 86.
LaTeX Font Info:    Redeclaring math symbol \asymp on input line 89.
LaTeX Font Info:    Redeclaring math symbol \nsim on input line 97.
LaTeX Font Info:    Redeclaring math symbol \ncong on input line 100.
LaTeX Font Info:    Redeclaring math symbol \risingdotseq on input line 118.
LaTeX Font Info:    Redeclaring math symbol \fallingdotseq on input line 119.
LaTeX Font Info:    Redeclaring math symbol \circeq on input line 125.
LaTeX Font Info:    Redeclaring math symbol \eqcirc on input line 126.
LaTeX Font Info:    Redeclaring math symbol \triangleq on input line 127.
LaTeX Font Info:    Redeclaring math symbol \neg on input line 134.
LaTeX Font Info:    Redeclaring math symbol \ll on input line 136.
LaTeX Font Info:    Redeclaring math symbol \gg on input line 137.
LaTeX Font Info:    Redeclaring math symbol \vdash on input line 139.
LaTeX Font Info:    Redeclaring math symbol \dashv on input line 140.
LaTeX Font Info:    Redeclaring math symbol \nvdash on input line 141.
LaTeX Font Info:    Redeclaring math symbol \vDash on input line 143.
LaTeX Font Info:    Redeclaring math symbol \nvDash on input line 145.
LaTeX Font Info:    Redeclaring math symbol \Vdash on input line 147.
LaTeX Font Info:    Redeclaring math symbol \nVdash on input line 149.
LaTeX Font Info:    Redeclaring math symbol \flat on input line 158.
LaTeX Font Info:    Redeclaring math symbol \natural on input line 159.
LaTeX Font Info:    Redeclaring math symbol \sharp on input line 160.
LaTeX Font Info:    Redeclaring math symbol \infty on input line 161.
LaTeX Font Info:    Redeclaring math symbol \propto on input line 162.
LaTeX Font Info:    Redeclaring math symbol \dagger on input line 163.
LaTeX Font Info:    Redeclaring math symbol \ddagger on input line 164.
LaTeX Font Info:    Redeclaring math symbol \between on input line 170.
LaTeX Font Info:    Redeclaring math symbol \smile on input line 171.
LaTeX Font Info:    Redeclaring math symbol \frown on input line 172.
LaTeX Font Info:    Redeclaring math symbol \leftthreetimes on input line 174.
LaTeX Font Info:    Redeclaring math symbol \rightthreetimes on input line 175.

LaTeX Font Info:    Redeclaring math symbol \pitchfork on input line 176.
LaTeX Font Info:    Redeclaring math symbol \nVDash on input line 182.
LaTeX Font Info:    Redeclaring math symbol \Vvdash on input line 184.
LaTeX Font Info:    Redeclaring math symbol \therefore on input line 189.
LaTeX Font Info:    Redeclaring math symbol \because on input line 190.
LaTeX Font Info:    Redeclaring math accent \dot on input line 193.
LaTeX Font Info:    Redeclaring math accent \ddot on input line 195.
LaTeX Font Info:    Redeclaring math symbol \measuredangle on input line 202.
LaTeX Font Info:    Redeclaring math symbol \sphericalangle on input line 203.
LaTeX Font Info:    Redeclaring math symbol \setminus on input line 218.
LaTeX Font Info:    Redeclaring math symbol \mid on input line 222.
LaTeX Font Info:    Redeclaring math symbol \forall on input line 279.
LaTeX Font Info:    Redeclaring math symbol \complement on input line 280.
LaTeX Font Info:    Redeclaring math symbol \partial on input line 281.
LaTeX Font Info:    Redeclaring math symbol \exists on input line 284.
LaTeX Font Info:    Redeclaring math symbol \nexists on input line 285.
LaTeX Font Info:    Redeclaring math symbol \Finv on input line 286.
LaTeX Font Info:    Redeclaring math symbol \Game on input line 287.
LaTeX Font Info:    Redeclaring math symbol \emptyset on input line 288.
LaTeX Font Info:    Redeclaring math symbol \top on input line 290.
LaTeX Font Info:    Redeclaring math symbol \bot on input line 291.
LaTeX Font Info:    Redeclaring math symbol \perp on input line 292.
LaTeX Font Info:    Redeclaring math symbol \curlywedge on input line 296.
LaTeX Font Info:    Redeclaring math symbol \curlyvee on input line 297.
LaTeX Font Info:    Redeclaring math symbol \in on input line 299.
LaTeX Font Info:    Redeclaring math symbol \owns on input line 300.
LaTeX Font Info:    Redeclaring math symbol \cap on input line 312.
LaTeX Font Info:    Redeclaring math symbol \cup on input line 313.
LaTeX Font Info:    Redeclaring math symbol \uplus on input line 314.
LaTeX Font Info:    Redeclaring math symbol \sqcap on input line 315.
LaTeX Font Info:    Redeclaring math symbol \sqcup on input line 316.
LaTeX Font Info:    Redeclaring math symbol \wedge on input line 318.
LaTeX Font Info:    Redeclaring math symbol \vee on input line 320.
LaTeX Font Info:    Redeclaring math symbol \barwedge on input line 327.
LaTeX Font Info:    Redeclaring math symbol \veebar on input line 328.
LaTeX Font Info:    Redeclaring math symbol \doublebarwedge on input line 329.
LaTeX Font Info:    Redeclaring math symbol \doublecap on input line 331.
LaTeX Font Info:    Redeclaring math symbol \doublecup on input line 333.
LaTeX Font Info:    Redeclaring math symbol \subset on input line 344.
LaTeX Font Info:    Redeclaring math symbol \supset on input line 345.
LaTeX Font Info:    Redeclaring math symbol \subseteq on input line 348.
LaTeX Font Info:    Redeclaring math symbol \supseteq on input line 349.
LaTeX Font Info:    Redeclaring math symbol \nsubseteq on input line 350.
LaTeX Font Info:    Redeclaring math symbol \nsupseteq on input line 351.
LaTeX Font Info:    Redeclaring math symbol \subsetneq on input line 352.
LaTeX Font Info:    Redeclaring math symbol \supsetneq on input line 353.
LaTeX Font Info:    Redeclaring math symbol \varsubsetneq on input line 354.
LaTeX Font Info:    Redeclaring math symbol \varsupsetneq on input line 355.
LaTeX Font Info:    Redeclaring math symbol \subseteqq on input line 357.
LaTeX Font Info:    Redeclaring math symbol \supseteqq on input line 358.
LaTeX Font Info:    Redeclaring math symbol \nsubseteqq on input line 359.
LaTeX Font Info:    Redeclaring math symbol \nsupseteqq on input line 360.
LaTeX Font Info:    Redeclaring math symbol \subsetneqq on input line 361.
LaTeX Font Info:    Redeclaring math symbol \supsetneqq on input line 362.
LaTeX Font Info:    Redeclaring math symbol \varsubsetneqq on input line 363.
LaTeX Font Info:    Redeclaring math symbol \varsupsetneqq on input line 364.
LaTeX Font Info:    Redeclaring math symbol \Subset on input line 366.
LaTeX Font Info:    Redeclaring math symbol \Supset on input line 367.
LaTeX Font Info:    Redeclaring math symbol \sqsubseteq on input line 380.
LaTeX Font Info:    Redeclaring math symbol \sqsupseteq on input line 381.
LaTeX Font Info:    Redeclaring math symbol \triangleleft on input line 407.
LaTeX Font Info:    Redeclaring math symbol \vartriangleleft on input line 408.

LaTeX Font Info:    Redeclaring math symbol \triangleright on input line 409.
LaTeX Font Info:    Redeclaring math symbol \vartriangleright on input line 410
.
LaTeX Font Info:    Redeclaring math symbol \ntriangleleft on input line 411.
LaTeX Font Info:    Redeclaring math symbol \ntriangleright on input line 412.
LaTeX Font Info:    Redeclaring math symbol \trianglelefteq on input line 413.
LaTeX Font Info:    Redeclaring math symbol \trianglerighteq on input line 414.

LaTeX Font Info:    Redeclaring math symbol \ntrianglelefteq on input line 415.

LaTeX Font Info:    Redeclaring math symbol \ntrianglerighteq on input line 416
.
LaTeX Font Info:    Redeclaring math symbol \blacktriangledown on input line 42
7.
LaTeX Font Info:    Redeclaring math symbol \blacktriangleleft on input line 42
8.
LaTeX Font Info:    Redeclaring math symbol \blacktriangleright on input line 4
29.
LaTeX Font Info:    Redeclaring math symbol \nless on input line 437.
LaTeX Font Info:    Redeclaring math symbol \ngtr on input line 438.
LaTeX Font Info:    Redeclaring math symbol \leq on input line 439.
LaTeX Font Info:    Redeclaring math symbol \geq on input line 441.
LaTeX Font Info:    Redeclaring math symbol \nleq on input line 443.
LaTeX Font Info:    Redeclaring math symbol \ngeq on input line 445.
LaTeX Font Info:    Redeclaring math symbol \lneq on input line 451.
LaTeX Font Info:    Redeclaring math symbol \gneq on input line 452.
LaTeX Font Info:    Redeclaring math symbol \leqq on input line 453.
LaTeX Font Info:    Redeclaring math symbol \geqq on input line 454.
LaTeX Font Info:    Redeclaring math symbol \nleqq on input line 455.
LaTeX Font Info:    Redeclaring math symbol \ngeqq on input line 456.
LaTeX Font Info:    Redeclaring math symbol \lneqq on input line 457.
LaTeX Font Info:    Redeclaring math symbol \gneqq on input line 458.
LaTeX Font Info:    Redeclaring math symbol \lvertneqq on input line 459.
LaTeX Font Info:    Redeclaring math symbol \gvertneqq on input line 460.
LaTeX Font Info:    Redeclaring math symbol \eqslantless on input line 461.
LaTeX Font Info:    Redeclaring math symbol \eqslantgtr on input line 462.
LaTeX Font Info:    Redeclaring math symbol \lessgtr on input line 465.
LaTeX Font Info:    Redeclaring math symbol \gtrless on input line 466.
LaTeX Font Info:    Redeclaring math symbol \lesseqgtr on input line 467.
LaTeX Font Info:    Redeclaring math symbol \gtreqless on input line 468.
LaTeX Font Info:    Redeclaring math symbol \lesseqqgtr on input line 469.
LaTeX Font Info:    Redeclaring math symbol \gtreqqless on input line 470.
LaTeX Font Info:    Redeclaring math symbol \lesssim on input line 472.
LaTeX Font Info:    Redeclaring math symbol \gtrsim on input line 473.
LaTeX Font Info:    Redeclaring math symbol \lnsim on input line 476.
LaTeX Font Info:    Redeclaring math symbol \gnsim on input line 477.
LaTeX Font Info:    Redeclaring math symbol \lessapprox on input line 478.
LaTeX Font Info:    Redeclaring math symbol \gtrapprox on input line 479.
LaTeX Font Info:    Redeclaring math symbol \lnapprox on input line 482.
LaTeX Font Info:    Redeclaring math symbol \gnapprox on input line 483.
LaTeX Font Info:    Redeclaring math symbol \lessdot on input line 485.
LaTeX Font Info:    Redeclaring math symbol \gtrdot on input line 486.
LaTeX Font Info:    Redeclaring math symbol \lll on input line 488.
LaTeX Font Info:    Redeclaring math symbol \ggg on input line 489.
LaTeX Font Info:    Redeclaring math symbol \prec on input line 498.
LaTeX Font Info:    Redeclaring math symbol \succ on input line 499.
LaTeX Font Info:    Redeclaring math symbol \nprec on input line 500.
LaTeX Font Info:    Redeclaring math symbol \nsucc on input line 501.
LaTeX Font Info:    Redeclaring math symbol \preccurlyeq on input line 502.
LaTeX Font Info:    Redeclaring math symbol \succcurlyeq on input line 503.
LaTeX Font Info:    Redeclaring math symbol \preceq on input line 506.
LaTeX Font Info:    Redeclaring math symbol \succeq on input line 507.
LaTeX Font Info:    Redeclaring math symbol \npreceq on input line 508.
LaTeX Font Info:    Redeclaring math symbol \nsucceq on input line 509.
LaTeX Font Info:    Redeclaring math symbol \curlyeqprec on input line 512.
LaTeX Font Info:    Redeclaring math symbol \curlyeqsucc on input line 513.
LaTeX Font Info:    Redeclaring math symbol \precsim on input line 517.
LaTeX Font Info:    Redeclaring math symbol \succsim on input line 518.
LaTeX Font Info:    Redeclaring math symbol \precnsim on input line 521.
LaTeX Font Info:    Redeclaring math symbol \succnsim on input line 522.
LaTeX Font Info:    Redeclaring math symbol \precapprox on input line 523.
LaTeX Font Info:    Redeclaring math symbol \succapprox on input line 524.
LaTeX Font Info:    Redeclaring math symbol \precnapprox on input line 527.
LaTeX Font Info:    Redeclaring math symbol \succnapprox on input line 528.
LaTeX Font Info:    Redeclaring math symbol \leftarrow on input line 540.
LaTeX Font Info:    Redeclaring math symbol \rightarrow on input line 542.
LaTeX Font Info:    Redeclaring math symbol \nwarrow on input line 546.
LaTeX Font Info:    Redeclaring math symbol \nearrow on input line 547.
LaTeX Font Info:    Redeclaring math symbol \swarrow on input line 548.
LaTeX Font Info:    Redeclaring math symbol \searrow on input line 549.
LaTeX Font Info:    Redeclaring math symbol \leftrightarrow on input line 550.
LaTeX Font Info:    Redeclaring math symbol \nleftarrow on input line 552.
LaTeX Font Info:    Redeclaring math symbol \nrightarrow on input line 553.
LaTeX Font Info:    Redeclaring math symbol \nleftrightarrow on input line 554.

LaTeX Font Info:    Redeclaring math symbol \mapstochar on input line 557.
LaTeX Font Info:    Redeclaring math symbol \leftharpoonup on input line 560.
LaTeX Font Info:    Redeclaring math symbol \rightharpoonup on input line 561.
LaTeX Font Info:    Redeclaring math symbol \leftharpoondown on input line 562.

LaTeX Font Info:    Redeclaring math symbol \rightharpoondown on input line 563
.
LaTeX Font Info:    Redeclaring math symbol \upharpoonleft on input line 564.
LaTeX Font Info:    Redeclaring math symbol \downharpoonleft on input line 565.

LaTeX Font Info:    Redeclaring math symbol \upharpoonright on input line 566.
LaTeX Font Info:    Redeclaring math symbol \restriction on input line 567.
LaTeX Font Info:    Redeclaring math symbol \downharpoonright on input line 568
.
LaTeX Font Info:    Redeclaring math symbol \leftrightharpoons on input line 56
9.
LaTeX Font Info:    Redeclaring math symbol \Leftarrow on input line 575.
LaTeX Font Info:    Redeclaring math symbol \Rightarrow on input line 576.
LaTeX Font Info:    Redeclaring math symbol \Leftrightarrow on input line 579.
LaTeX Font Info:    Redeclaring math symbol \nLeftarrow on input line 581.
LaTeX Font Info:    Redeclaring math symbol \nRightarrow on input line 582.
LaTeX Font Info:    Redeclaring math symbol \nLeftrightarrow on input line 583.

LaTeX Font Info:    Redeclaring math symbol \leftleftarrows on input line 593.
LaTeX Font Info:    Redeclaring math symbol \rightrightarrows on input line 594
.
LaTeX Font Info:    Redeclaring math symbol \upuparrows on input line 595.
LaTeX Font Info:    Redeclaring math symbol \downdownarrows on input line 596.
LaTeX Font Info:    Redeclaring math symbol \leftrightarrows on input line 597.

LaTeX Font Info:    Redeclaring math symbol \rightleftarrows on input line 598.

LaTeX Font Info:    Redeclaring math symbol \rhook on input line 612.
LaTeX Font Info:    Redeclaring math symbol \lhook on input line 613.
LaTeX Font Info:    Redeclaring math symbol \diagup on input line 614.
LaTeX Font Info:    Redeclaring math symbol \diagdown on input line 615.
LaTeX Font Info:    Redeclaring math symbol \Lsh on input line 617.
LaTeX Font Info:    Redeclaring math symbol \Rsh on input line 619.
LaTeX Font Info:    Redeclaring math symbol \looparrowleft on input line 624.
LaTeX Font Info:    Redeclaring math symbol \looparrowright on input line 626.
LaTeX Font Info:    Redeclaring math symbol \curvearrowleft on input line 631.
LaTeX Font Info:    Redeclaring math symbol \curvearrowright on input line 633.

LaTeX Font Info:    Redeclaring math symbol \circlearrowleft on input line 641.

LaTeX Font Info:    Redeclaring math symbol \circlearrowright on input line 642
.
LaTeX Font Info:    Redeclaring math symbol \rightsquigarrow on input line 645.

LaTeX Font Info:    Redeclaring math symbol \leftrightsquigarrow on input line 
646.
LaTeX Font Info:    Redeclaring math symbol \oplus on input line 658.
LaTeX Font Info:    Redeclaring math symbol \ominus on input line 659.
LaTeX Font Info:    Redeclaring math symbol \otimes on input line 661.
LaTeX Font Info:    Redeclaring math symbol \odot on input line 663.
LaTeX Font Info:    Redeclaring math symbol \oslash on input line 675.
LaTeX Font Info:    Redeclaring math symbol \boxplus on input line 683.
LaTeX Font Info:    Redeclaring math symbol \boxminus on input line 684.
LaTeX Font Info:    Redeclaring math symbol \boxtimes on input line 686.
LaTeX Font Info:    Redeclaring math symbol \boxdot on input line 688.
\mayacnter=\count370
\mayacnta=\count371
\mayacntb=\count372
\mayacntc=\count373
\mayawidth=\dimen311
LaTeX Font Info:    Redeclaring math symbol \intop on input line 753.
LaTeX Font Info:    Redeclaring math symbol \ointop on input line 760.
LaTeX Font Info:    Redeclaring math delimiter \lbrace on input line 842.
LaTeX Info: Redefining \{ on input line 846.
LaTeX Font Info:    Redeclaring math delimiter \rbrace on input line 848.
LaTeX Info: Redefining \} on input line 852.
LaTeX Font Info:    Redeclaring math delimiter \langle on input line 858.
LaTeX Font Info:    Redeclaring math delimiter \rangle on input line 859.
LaTeX Font Info:    Redeclaring math delimiter \vert on input line 863.
LaTeX Font Info:    Redeclaring math delimiter \Vert on input line 865.
LaTeX Font Info:    Redeclaring math delimiter \uparrow on input line 868.
LaTeX Font Info:    Redeclaring math delimiter \downarrow on input line 869.
LaTeX Font Info:    Redeclaring math delimiter \updownarrow on input line 870.
LaTeX Font Info:    Redeclaring math delimiter \Uparrow on input line 871.
LaTeX Font Info:    Redeclaring math delimiter \Downarrow on input line 872.
LaTeX Font Info:    Redeclaring math delimiter \Updownarrow on input line 873.
LaTeX Font Info:    Redeclaring math delimiter \lgroup on input line 880.
LaTeX Font Info:    Redeclaring math delimiter \rgroup on input line 881.
LaTeX Font Info:    Redeclaring math delimiter \lceil on input line 882.
LaTeX Font Info:    Redeclaring math delimiter \rceil on input line 883.
LaTeX Font Info:    Redeclaring math delimiter \lfloor on input line 884.
LaTeX Font Info:    Redeclaring math delimiter \rfloor on input line 885.
LaTeX Font Info:    Redeclaring math symbol \braceld on input line 903.
LaTeX Font Info:    Redeclaring math symbol \bracerd on input line 905.
LaTeX Font Info:    Redeclaring math symbol \bracelu on input line 907.
LaTeX Font Info:    Redeclaring math symbol \braceru on input line 909.
LaTeX Font Info:    Redeclaring math accent \widehat on input line 944.
LaTeX Font Info:    Redeclaring math accent \widetilde on input line 946.
))
(/usr/local/texlive/2026/texmf-dist/tex/latex/jknapltx/mathrsfs.sty
Package: mathrsfs 1996/01/01 Math RSFS package v1.0 (jk)
\symrsfs=\mathgroup9
)
(/usr/local/texlive/2026/texmf-dist/tex/latex/subfiles/subfiles.sty
Package: subfiles 2020/11/14 v2.2 Multi-file projects (package)

(/usr/local/texlive/2026/texmf-dist/tex/latex/import/import.sty
Package: import 2020/04/01  v 6.2
))
\c@definition=\count374
\c@theorem=\count375
\c@exmp=\count376

(./AppuntiElettronica.aux)
\openout1 = `AppuntiElettronica.aux'.

LaTeX Font Info:    Checking defaults for OML/cmm/m/it on input line 61.
LaTeX Font Info:    ... okay on input line 61.
LaTeX Font Info:    Checking defaults for OMS/cmsy/m/n on input line 61.
LaTeX Font Info:    ... okay on input line 61.
LaTeX Font Info:    Checking defaults for OT1/cmr/m/n on input line 61.
LaTeX Font Info:    ... okay on input line 61.
LaTeX Font Info:    Checking defaults for T1/cmr/m/n on input line 61.
LaTeX Font Info:    ... okay on input line 61.
LaTeX Font Info:    Checking defaults for TS1/cmr/m/n on input line 61.
LaTeX Font Info:    ... okay on input line 61.
LaTeX Font Info:    Checking defaults for OMX/cmex/m/n on input line 61.
LaTeX Font Info:    ... okay on input line 61.
LaTeX Font Info:    Checking defaults for U/mathx/m/n on input line 61.
LaTeX Font Info:    ... okay on input line 61.
LaTeX Font Info:    Checking defaults for PD1/pdf/m/n on input line 61.
LaTeX Font Info:    ... okay on input line 61.
LaTeX Font Info:    Checking defaults for PU/pdf/m/n on input line 61.
LaTeX Font Info:    ... okay on input line 61.

(/usr/local/texlive/2026/texmf-dist/tex/context/base/mkii/supp-pdf.mkii
[Loading MPS to PDF converter (version 2006.09.02).]
\scratchcounter=\count377
\scratchdimen=\dimen312
\scratchbox=\box75
\nofMPsegments=\count378
\nofMParguments=\count379
\everyMPshowfont=\toks52
\MPscratchCnt=\count380
\MPscratchDim=\dimen313
\MPnumerator=\count381
\makeMPintoPDFobject=\count382
\everyMPtoPDFconversion=\toks53
) (/usr/local/texlive/2026/texmf-dist/tex/latex/epstopdf-pkg/epstopdf-base.sty
Package: epstopdf-base 2020-01-24 v2.11 Base part for package epstopdf
Package epstopdf-base Info: Redefining graphics rule for `.eps' on input line 4
85.

(/usr/local/texlive/2026/texmf-dist/tex/latex/latexconfig/epstopdf-sys.cfg
File: epstopdf-sys.cfg 2010/07/13 v1.3 Configuration of (r)epstopdf for TeX Liv
e
))
*geometry* driver: auto-detecting
*geometry* detected driver: pdftex
*geometry* verbose mode - [ preamble ] result:
* driver: pdftex
* paper: a4paper
* layout: <same size as paper>
* layoutoffset:(h,v)=(0.0pt,0.0pt)
* modes: 
* h-part:(L,W,R)=(71.13188pt, 483.69684pt, 42.67915pt)
* v-part:(T,H,B)=(56.9055pt, 731.23582pt, 56.90552pt)
* \paperwidth=597.50787pt
* \paperheight=845.04684pt
* \textwidth=483.69684pt
* \textheight=731.23582pt
* \oddsidemargin=-1.1381pt
* \evensidemargin=-1.1381pt
* \topmargin=-52.36449pt
* \headheight=12.0pt
* \headsep=25.0pt
* \topskip=10.0pt
* \footskip=30.0pt
* \marginparwidth=65.0pt
* \marginparsep=11.0pt
* \columnsep=10.0pt
* \skip\footins=9.0pt plus 4.0pt minus 2.0pt
* \hoffset=0.0pt
* \voffset=0.0pt
* \mag=1000
* \@twocolumnfalse
* \@twosidefalse
* \@mparswitchfalse
* \@reversemarginfalse
* (1in=72.27pt=25.4mm, 1cm=28.453pt)

LaTeX Info: Command `\dddot' is already robust on input line 61.
LaTeX Info: Command `\ddddot' is already robust on input line 61.
Package caption Info: Begin \AtBeginDocument code.
Package caption Info: float package is loaded.
Package caption Info: hyperref package is loaded.
Package caption Info: End \AtBeginDocument code.
Package hyperref Info: Link coloring OFF on input line 61.
(./AppuntiElettronica.out) (./AppuntiElettronica.out)
\@outlinefile=\write4
\openout4 = `AppuntiElettronica.out'.

<./img/0.cover.jpg, id=1257, 1204.5pt x 602.25pt>
File: ./img/0.cover.jpg Graphic file (type jpg)
<use ./img/0.cover.jpg>
Package pdftex.def Info: ./img/0.cover.jpg  used on input line 82.
(pdftex.def)             Requested size: 361.35278pt x 180.67639pt.
 [1

{/usr/local/texlive/2026/texmf-var/fonts/map/pdftex/updmap/pdftex.map} <./img/0
.cover.jpg>]
LaTeX Font Info:    Trying to load font information for U+msa on input line 95.


(/usr/local/texlive/2026/texmf-dist/tex/latex/amsfonts/umsa.fd
File: umsa.fd 2013/01/14 v3.01 AMS symbols A
)
LaTeX Font Info:    Trying to load font information for U+msb on input line 95.


(/usr/local/texlive/2026/texmf-dist/tex/latex/amsfonts/umsb.fd
File: umsb.fd 2013/01/14 v3.01 AMS symbols B
)
LaTeX Font Info:    Trying to load font information for U+rsfs on input line 95
.

(/usr/local/texlive/2026/texmf-dist/tex/latex/jknapltx/ursfs.fd
File: ursfs.fd 1998/03/24 rsfs font definition file (jk)
)
Underfull \hbox (badness 10000) in paragraph at lines 93--96

 []

(./AppuntiElettronica.toc
pdfTeX warning (ext4): destination with the same identifier (name{page.1}) has 
been already used, duplicate ignored
<to be read again> 
                   \relax 
l.49 ...1}D1 OFF D2 OFF}{36}{subsubsection.2.12.1}
                                                  % [1] [2] [3] [4] [5])
\tf@toc=\write5
\openout5 = `AppuntiElettronica.toc'.


[6] (./sections/semicond.tex
<./img/1.png, id=1615, 608.2725pt x 330.23375pt>
File: ./img/1.png Graphic file (type png)
<use ./img/1.png>
Package pdftex.def Info: ./img/1.png  used on input line 17.
(pdftex.def)             Requested size: 334.55092pt x 181.6291pt.

Underfull \hbox (badness 10000) in paragraph at lines 25--34

 []


Underfull \hbox (badness 10000) in paragraph at lines 25--34

 []


Underfull \hbox (badness 10000) in paragraph at lines 35--41

 []

[7{/usr/local/texlive/2026/texmf-dist/fonts/enc/dvips/cm-super/cm-super-ts1.enc
} <./img/1.png (PNG copy)>]
Underfull \hbox (badness 10000) in paragraph at lines 42--57

 []


Underfull \hbox (badness 10000) in paragraph at lines 42--57

 []


Underfull \hbox (badness 10000) in paragraph at lines 42--57

 []


Underfull \hbox (badness 10000) in paragraph at lines 42--57

 []


Underfull \hbox (badness 10000) in paragraph at lines 42--57

 []

<./img/2.png, id=1624, 594.22pt x 223.83624pt>
File: ./img/2.png Graphic file (type png)
<use ./img/2.png>
Package pdftex.def Info: ./img/2.png  used on input line 60.
(pdftex.def)             Requested size: 326.822pt x 123.1103pt.

Underfull \hbox (badness 10000) in paragraph at lines 65--83

 []


Underfull \hbox (badness 10000) in paragraph at lines 65--83

 []

[8 <./img/2.png (PNG copy)>]
<./img/3.png, id=1635, 321.2pt x 227.85126pt>
File: ./img/3.png Graphic file (type png)
<use ./img/3.png>
Package pdftex.def Info: ./img/3.png  used on input line 90.
(pdftex.def)             Requested size: 217.66814pt x 170.72113pt.
<./img/4.png, id=1636, 493.845pt x 359.3425pt>
File: ./img/4.png Graphic file (type png)
<use ./img/4.png>
Package pdftex.def Info: ./img/4.png  used on input line 95.
(pdftex.def)             Requested size: 217.6617pt x 170.72235pt.

Overfull \hbox (2.22221pt too wide) in paragraph at lines 89--99
[][] [] 
 []


Underfull \hbox (badness 10000) in paragraph at lines 84--113

 []


Underfull \hbox (badness 10000) in paragraph at lines 84--113

 []


Underfull \hbox (badness 10000) in paragraph at lines 84--113

 []


Underfull \hbox (badness 10000) in paragraph at lines 84--113

 []


Underfull \hbox (badness 10000) in paragraph at lines 84--113

 []

[9 <./img/3.png (PNG copy)> <./img/4.png (PNG copy)>]
Underfull \hbox (badness 10000) in paragraph at lines 117--123

 []


Underfull \hbox (badness 10000) in paragraph at lines 117--123

 []


Underfull \hbox (badness 10000) in paragraph at lines 124--128

 []

<./img/5.png, id=1645, 401.5pt x 313.17pt>
File: ./img/5.png Graphic file (type png)
<use ./img/5.png>
Package pdftex.def Info: ./img/5.png  used on input line 141.
(pdftex.def)             Requested size: 217.66446pt x 170.71965pt.
<./img/6.png, id=1646, 401.5pt x 304.13625pt>
File: ./img/6.png Graphic file (type png)
<use ./img/6.png>
Package pdftex.def Info: ./img/6.png  used on input line 146.
(pdftex.def)             Requested size: 217.66446pt x 170.71887pt.

Overfull \hbox (2.22221pt too wide) in paragraph at lines 140--150
[][] [] 
 []


Overfull \hbox (10.80402pt too wide) in paragraph at lines 134--169
\OT1/cmr/m/n/10 Fino ad ora ab-bi-amo visto che in un ma-te-ri-ale puro (in-tri
n-seco), deve nec-es-sari-a-mente es-sere ver-i-fi-cata l'uguaglianza
 []


Underfull \hbox (badness 10000) in paragraph at lines 134--169

 []


Underfull \hbox (badness 10000) in paragraph at lines 134--169

 []


Underfull \hbox (badness 10000) in paragraph at lines 134--169

 []


Underfull \hbox (badness 10000) in paragraph at lines 134--169

 []


Underfull \hbox (badness 10000) in paragraph at lines 134--169

 []


LaTeX Warning: `h' float specifier changed to `ht'.

[10] [11 <./img/5.png (PNG copy)> <./img/6.png (PNG copy)>]
Underfull \hbox (badness 10000) in paragraph at lines 181--185

 []


Underfull \hbox (badness 10000) in paragraph at lines 201--207

 []


Underfull \hbox (badness 10000) in paragraph at lines 201--207

 []


Underfull \hbox (badness 10000) in paragraph at lines 209--214

 []


Underfull \hbox (badness 10000) in paragraph at lines 209--214

 []

[12]
Underfull \hbox (badness 10000) in paragraph at lines 216--222

 []


Underfull \hbox (badness 10000) in paragraph at lines 224--228

 []


Underfull \hbox (badness 10000) in paragraph at lines 249--254

 []

[13]
Underfull \hbox (badness 10000) in paragraph at lines 254--260

 []


Underfull \hbox (badness 10000) in paragraph at lines 254--260

 []


Underfull \hbox (badness 10000) in paragraph at lines 266--269

 []


Underfull \hbox (badness 10000) in paragraph at lines 269--278

 []


Underfull \hbox (badness 10000) in paragraph at lines 269--278

 []


Underfull \hbox (badness 10000) in paragraph at lines 269--278

 []


Underfull \hbox (badness 10000) in paragraph at lines 269--278

 []


Underfull \hbox (badness 10000) in paragraph at lines 269--278

 []


Underfull \hbox (badness 10000) in paragraph at lines 281--284

 []

[14]) (./sections/pn.tex
Underfull \hbox (badness 10000) in paragraph at lines 5--7

 []

[15]
<./img/7.png, id=1676, 448.67625pt x 299.1175pt>
File: ./img/7.png Graphic file (type png)
<use ./img/7.png>
Package pdftex.def Info: ./img/7.png  used on input line 21.
(pdftex.def)             Requested size: 246.77269pt x 164.51512pt.
 [16 <./img/7.png (PNG copy)>]
Underfull \hbox (badness 10000) in paragraph at lines 50--54

 []


Underfull \hbox (badness 10000) in paragraph at lines 50--54

 []


Underfull \hbox (badness 10000) in paragraph at lines 50--54

 []

<./img/8.png, id=1684, 448.67625pt x 201.75375pt>
File: ./img/8.png Graphic file (type png)
<use ./img/8.png>
Package pdftex.def Info: ./img/8.png  used on input line 68.
(pdftex.def)             Requested size: 246.77269pt x 110.96489pt.

Package hyperref Warning: Token not allowed in a PDF string (Unicode):
(hyperref)                removing `math shift' on input line 73.


Package hyperref Warning: Token not allowed in a PDF string (Unicode):
(hyperref)                removing `\infty' on input line 73.


Package hyperref Warning: Token not allowed in a PDF string (Unicode):
(hyperref)                removing `subscript' on input line 73.


Package hyperref Warning: Token not allowed in a PDF string (Unicode):
(hyperref)                removing `math shift' on input line 73.


Underfull \hbox (badness 10000) in paragraph at lines 75--77

 []

[17 <./img/8.png (PNG copy)>]
Underfull \hbox (badness 10000) in paragraph at lines 81--85

 []


Package hyperref Warning: Token not allowed in a PDF string (Unicode):
(hyperref)                removing `math shift' on input line 85.


Package hyperref Warning: Token not allowed in a PDF string (Unicode):
(hyperref)                removing `subscript' on input line 85.


Package hyperref Warning: Token not allowed in a PDF string (Unicode):
(hyperref)                removing `subscript' on input line 85.


Package hyperref Warning: Token not allowed in a PDF string (Unicode):
(hyperref)                removing `math shift' on input line 85.


Package hyperref Warning: Token not allowed in a PDF string (Unicode):
(hyperref)                removing `math shift' on input line 100.


Package hyperref Warning: Token not allowed in a PDF string (Unicode):
(hyperref)                removing `subscript' on input line 100.


Package hyperref Warning: Token not allowed in a PDF string (Unicode):
(hyperref)                removing `math shift' on input line 100.


Underfull \hbox (badness 10000) in paragraph at lines 102--104

 []


Underfull \hbox (badness 10000) in paragraph at lines 104--107

 []


Underfull \hbox (badness 10000) in paragraph at lines 113--116

 []

[18]

Package hyperref Warning: Token not allowed in a PDF string (Unicode):
(hyperref)                removing `math shift' on input line 121.


Package hyperref Warning: Token not allowed in a PDF string (Unicode):
(hyperref)                removing `subscript' on input line 121.


Package hyperref Warning: Token not allowed in a PDF string (Unicode):
(hyperref)                removing `math shift' on input line 121.


Underfull \hbox (badness 10000) in paragraph at lines 124--127

 []


Package hyperref Warning: Token not allowed in a PDF string (Unicode):
(hyperref)                removing `math shift' on input line 137.


Package hyperref Warning: Token not allowed in a PDF string (Unicode):
(hyperref)                removing `subscript' on input line 137.


Package hyperref Warning: Token not allowed in a PDF string (Unicode):
(hyperref)                removing `\infty' on input line 137.


Package hyperref Warning: Token not allowed in a PDF string (Unicode):
(hyperref)                removing `math shift' on input line 137.


Underfull \hbox (badness 10000) in paragraph at lines 139--142

 []


Underfull \hbox (badness 10000) in paragraph at lines 139--142

 []

[19]
<./img/9.png, id=1709, 514.92375pt x 138.5175pt>
File: ./img/9.png Graphic file (type png)
<use ./img/9.png>
Package pdftex.def Info: ./img/9.png  used on input line 159.
(pdftex.def)             Requested size: 217.6621pt x 58.55106pt.
<./img/10.png, id=1710, 512.91624pt x 164.615pt>
File: ./img/10.png Graphic file (type png)
<use ./img/10.png>
Package pdftex.def Info: ./img/10.png  used on input line 164.
(pdftex.def)             Requested size: 217.6621pt x 69.8562pt.

Overfull \hbox (2.22221pt too wide) in paragraph at lines 158--168
[][] [] 
 []

<./img/11.png, id=1711, 513.92pt x 127.47626pt>
File: ./img/11.png Graphic file (type png)
<use ./img/11.png>
Package pdftex.def Info: ./img/11.png  used on input line 175.
(pdftex.def)             Requested size: 217.6621pt x 53.99092pt.
<./img/12.png, id=1712, 519.9425pt x 147.55125pt>
File: ./img/12.png Graphic file (type png)
<use ./img/12.png>
Package pdftex.def Info: ./img/12.png  used on input line 180.
(pdftex.def)             Requested size: 217.6621pt x 61.76846pt.

Overfull \hbox (2.22221pt too wide) in paragraph at lines 174--184
[][] [] 
 []


Underfull \hbox (badness 10000) in paragraph at lines 189--192

 []


Underfull \hbox (badness 10000) in paragraph at lines 193--198

 []


Underfull \hbox (badness 10000) in paragraph at lines 200--203

 []

[20 <./img/9.png (PNG copy)> <./img/10.png (PNG copy)> <./img/11.png (PNG copy)
> <./img/12.png (PNG copy)>]
Underfull \hbox (badness 10000) in paragraph at lines 222--232

 []


Underfull \hbox (badness 10000) in paragraph at lines 222--232

 []

<./img/13.png, id=1722, 548.0475pt x 157.58875pt>
File: ./img/13.png Graphic file (type png)
<use ./img/13.png>
Package pdftex.def Info: ./img/13.png  used on input line 238.
(pdftex.def)             Requested size: 301.42705pt x 86.67407pt.

LaTeX Warning: `h' float specifier changed to `ht'.

<./img/14.png, id=1724, 544.0325pt x 180.675pt>
File: ./img/14.png Graphic file (type png)
<use ./img/14.png>
Package pdftex.def Info: ./img/14.png  used on input line 250.
(pdftex.def)             Requested size: 299.2188pt x 99.37154pt.

LaTeX Warning: `h' float specifier changed to `ht'.

[21]
Underfull \hbox (badness 10000) in paragraph at lines 256--262

 []

[22 <./img/13.png (PNG copy)> <./img/14.png (PNG copy)>]
<./img/15.png, id=1740, 518.93875pt x 166.6225pt>
File: ./img/15.png Graphic file (type png)
<use ./img/15.png>
Package pdftex.def Info: ./img/15.png  used on input line 280.
(pdftex.def)             Requested size: 285.41719pt x 91.64265pt.

Underfull \hbox (badness 10000) in paragraph at lines 285--305

 []


Underfull \hbox (badness 10000) in paragraph at lines 285--305

 []

<./img/16.png, id=1742, 353.32pt x 401.5pt>
File: ./img/16.png Graphic file (type png)
<use ./img/16.png>
Package pdftex.def Info: ./img/16.png  used on input line 312.
(pdftex.def)             Requested size: 194.3266pt x 220.82567pt.

LaTeX Warning: `h' float specifier changed to `ht'.


Underfull \hbox (badness 10000) in paragraph at lines 317--320

 []


Underfull \hbox (badness 10000) in paragraph at lines 317--320

 []


Underfull \hbox (badness 10000) in paragraph at lines 326--331

 []


Underfull \hbox (badness 10000) in paragraph at lines 326--331

 []


Underfull \hbox (badness 10000) in paragraph at lines 326--331

 []

[23 <./img/15.png (PNG copy)>]
<./img/17.png, id=1751, 489.83pt x 212.795pt>
File: ./img/17.png Graphic file (type png)
<use ./img/17.png>
Package pdftex.def Info: ./img/17.png  used on input line 334.
(pdftex.def)             Requested size: 269.40732pt x 117.0376pt.
<./img/18.png, id=1752, 301.125pt x 301.125pt>
File: ./img/18.png Graphic file (type png)
<use ./img/18.png>
Package pdftex.def Info: ./img/18.png  used on input line 344.
(pdftex.def)             Requested size: 165.61925pt x 165.61925pt.


LaTeX Warning: `h' float specifier changed to `ht'.

[24 <./img/16.png (PNG copy)> <./img/17.png (PNG copy)>]
Underfull \hbox (badness 10000) in paragraph at lines 358--364

 []


Underfull \hbox (badness 10000) in paragraph at lines 358--364

 []

<./img/19.png, id=1761, 321.2pt x 153.57375pt>
File: ./img/19.png Graphic file (type png)
<use ./img/19.png>
Package pdftex.def Info: ./img/19.png  used on input line 367.
(pdftex.def)             Requested size: 176.66054pt x 84.4658pt.
[25 <./img/18.png (PNG copy)> <./img/19.png (PNG copy)>]
<./img/20.png, id=1769, 1927.2pt x 602.25pt>
File: ./img/20.png Graphic file (type png)
<use ./img/20.png>
Package pdftex.def Info: ./img/20.png  used on input line 402.
(pdftex.def)             Requested size: 1059.9633pt x 331.23851pt.

Overfull \hbox (576.26646pt too wide) in paragraph at lines 402--403
 [][] 
 []


LaTeX Warning: `h' float specifier changed to `ht'.


Underfull \hbox (badness 10000) in paragraph at lines 407--416

 []


Underfull \hbox (badness 10000) in paragraph at lines 407--416

 []


Underfull \hbox (badness 10000) in paragraph at lines 407--416

 []

<./img/21.png, id=1771, 470.75874pt x 254.9525pt>
File: ./img/21.png Graphic file (type png)
<use ./img/21.png>
Package pdftex.def Info: ./img/21.png  used on input line 419.
(pdftex.def)             Requested size: 258.9181pt x 140.22429pt.

LaTeX Warning: `h' float specifier changed to `ht'.

<./img/22.png, id=1773, 294.09875pt x 169.63374pt>
File: ./img/22.png Graphic file (type png)
<use ./img/22.png>
Package pdftex.def Info: ./img/22.png  used on input line 428.
(pdftex.def)             Requested size: 161.7548pt x 93.29883pt.

LaTeX Warning: `h' float specifier changed to `ht'.

[26]
<./img/23.png, id=1781, 317.185pt x 254.9525pt>
File: ./img/23.png Graphic file (type png)
<use ./img/23.png>
Package pdftex.def Info: ./img/23.png  used on input line 445.
(pdftex.def)             Requested size: 174.45227pt x 140.22429pt.


LaTeX Warning: `h' float specifier changed to `ht'.


Underfull \hbox (badness 10000) in paragraph at lines 450--455

 []


Underfull \hbox (badness 10000) in paragraph at lines 456--460

 []

[27 <./img/20.png>]
<./img/24.png, id=1788, 788.9475pt x 214.8025pt>
File: ./img/24.png Graphic file (type png)
<use ./img/24.png>
Package pdftex.def Info: ./img/24.png  used on input line 463.
(pdftex.def)             Requested size: 433.92245pt x 118.14174pt.


LaTeX Warning: `h' float specifier changed to `ht'.


Underfull \hbox (badness 10000) in paragraph at lines 485--489

 []

<./img/25.png, id=1790, 321.2pt x 153.57375pt>
File: ./img/25.png Graphic file (type png)
<use ./img/25.png>
Package pdftex.def Info: ./img/25.png  used on input line 495.
(pdftex.def)             Requested size: 176.66054pt x 84.4658pt.

LaTeX Warning: `h' float specifier changed to `ht'.


Underfull \hbox (badness 10000) in paragraph at lines 502--505

 []

[28 <./img/21.png (PNG copy)> <./img/22.png (PNG copy)>]
Underfull \hbox (badness 10000) in paragraph at lines 509--512

 []


Underfull \hbox (badness 10000) in paragraph at lines 513--516

 []

<./img/26.png, id=1803, 333.245pt x 202.7575pt>
File: ./img/26.png Graphic file (type png)
<use ./img/26.png>
Package pdftex.def Info: ./img/26.png  used on input line 519.
(pdftex.def)             Requested size: 183.28531pt x 111.51697pt.

LaTeX Warning: `h' float specifier changed to `ht'.

<./img/27.png, id=1805, 776.9025pt x 215.80624pt>
File: ./img/27.png Graphic file (type png)
<use ./img/27.png>
Package pdftex.def Info: ./img/27.png  used on input line 529.
(pdftex.def)             Requested size: 427.29768pt x 118.69379pt.

LaTeX Warning: `h' float specifier changed to `ht'.

[29 <./img/23.png (PNG copy)> <./img/24.png>]
Underfull \hbox (badness 10000) in paragraph at lines 543--546

 []


Underfull \hbox (badness 10000) in paragraph at lines 547--550

 []

<./img/28.png, id=1816, 320.19624pt x 182.6825pt>
File: ./img/28.png Graphic file (type png)
<use ./img/28.png>
Package pdftex.def Info: ./img/28.png  used on input line 553.
(pdftex.def)             Requested size: 176.10846pt x 100.47568pt.

LaTeX Warning: `h' float specifier changed to `ht'.


Underfull \hbox (badness 10000) in paragraph at lines 558--560

 []

<./img/29.png, id=1818, 335.2525pt x 240.9pt>
File: ./img/29.png Graphic file (type png)
<use ./img/29.png>
Package pdftex.def Info: ./img/29.png  used on input line 565.
(pdftex.def)             Requested size: 184.38943pt x 132.49539pt.

LaTeX Warning: `h' float specifier changed to `ht'.

[30 <./img/25.png (PNG copy)> <./img/26.png>]
<./img/30.png, id=1828, 353.32pt x 208.78pt>
File: ./img/30.png Graphic file (type png)
<use ./img/30.png>
Package pdftex.def Info: ./img/30.png  used on input line 585.
(pdftex.def)             Requested size: 194.3266pt x 114.82933pt.


LaTeX Warning: `h' float specifier changed to `ht'.


Underfull \hbox (badness 10000) in paragraph at lines 595--600

 []


Underfull \hbox (badness 10000) in paragraph at lines 595--600

 []

[31 <./img/27.png> <./img/28.png>]
<./img/31.png, id=1838, 448.67625pt x 205.76875pt>
File: ./img/31.png Graphic file (type png)
<use ./img/31.png>
Package pdftex.def Info: ./img/31.png  used on input line 608.
(pdftex.def)             Requested size: 246.77269pt x 113.17316pt.
 [32 <./img/29.png (PNG copy)> <./img/30.png (PNG copy)> <./img/31.png (PNG cop
y)>]
<./img/32.png, id=1844, 972.63374pt x 320.19624pt>
File: ./img/32.png Graphic file (type png)
<use ./img/32.png>
Package pdftex.def Info: ./img/32.png  used on input line 650.
(pdftex.def)             Requested size: 534.95021pt x 176.10846pt.

Overfull \hbox (51.25337pt too wide) in paragraph at lines 650--651
 [][] 
 []

[33 <./img/32.png>]
<./img/33.png, id=1853, 348.30125pt x 290.08376pt>
File: ./img/33.png Graphic file (type png)
<use ./img/33.png>
Package pdftex.def Info: ./img/33.png  used on input line 667.
(pdftex.def)             Requested size: 191.56627pt x 159.54655pt.

Underfull \hbox (badness 10000) in paragraph at lines 672--675

 []

[34 <./img/33.png (PNG copy)>]
Underfull \hbox (badness 10000) in paragraph at lines 715--735

 []


Underfull \hbox (badness 10000) in paragraph at lines 715--735

 []

<./img/34.png, id=1864, 345.29pt x 289.08pt>
File: ./img/34.png Graphic file (type png)
<use ./img/34.png>
Package pdftex.def Info: ./img/34.png  used on input line 740.
(pdftex.def)             Requested size: 189.91008pt x 158.99448pt.

LaTeX Warning: `h' float specifier changed to `ht'.

[35] [36 <./img/34.png (PNG copy)>]
Underfull \hbox (badness 10000) in paragraph at lines 781--803

 []


Underfull \hbox (badness 10000) in paragraph at lines 781--803

 []

<./img/35.png, id=1879, 442.65375pt x 290.08376pt>
File: ./img/35.png Graphic file (type png)
<use ./img/35.png>
Package pdftex.def Info: ./img/35.png  used on input line 808.
(pdftex.def)             Requested size: 243.4603pt x 159.54655pt.

LaTeX Warning: `h' float specifier changed to `ht'.

[37]
Underfull \hbox (badness 10000) in paragraph at lines 844--848

 []

[38 <./img/35.png (PNG copy)>]
Underfull \hbox (badness 10000) in paragraph at lines 859--863

 []


Underfull \hbox (badness 10000) in paragraph at lines 859--863

 []

[39]
<./img/36.png, id=1904, 658.46pt x 227.85126pt>
File: ./img/36.png Graphic file (type png)
<use ./img/36.png>
Package pdftex.def Info: ./img/36.png  used on input line 907.
(pdftex.def)             Requested size: 217.6621pt x 75.3163pt.
<./img/37.png, id=1905, 457.71pt x 452.69125pt>
File: ./img/37.png Graphic file (type png)
<use ./img/37.png>
Package pdftex.def Info: ./img/37.png  used on input line 912.
(pdftex.def)             Requested size: 217.6621pt x 215.27234pt.

Overfull \hbox (2.22221pt too wide) in paragraph at lines 906--916
[][] [] 
 []


Underfull \hbox (badness 10000) in paragraph at lines 903--925

 []


Underfull \hbox (badness 10000) in paragraph at lines 903--925

 []


Underfull \hbox (badness 10000) in paragraph at lines 903--925

 []

<./img/38.png, id=1907, 254.9525pt x 146.5475pt>
File: ./img/38.png Graphic file (type png)
<use ./img/38.png>
Package pdftex.def Info: ./img/38.png  used on input line 928.
(pdftex.def)             Requested size: 140.22429pt x 80.60135pt.

LaTeX Warning: `h' float specifier changed to `ht'.


Underfull \hbox (badness 10000) in paragraph at lines 935--942

 []


Underfull \hbox (badness 10000) in paragraph at lines 935--942

 []

[40 <./img/36.png (PNG copy)> <./img/37.png>]
<./img/39.png, id=1916, 522.95375pt x 225.84375pt>
File: ./img/39.png Graphic file (type png)
<use ./img/39.png>
Package pdftex.def Info: ./img/39.png  used on input line 945.
(pdftex.def)             Requested size: 287.62544pt x 124.21443pt.
 [41 <./img/38.png (PNG copy)> <./img/39.png (PNG copy)>]
Underfull \hbox (badness 10000) in paragraph at lines 973--978

 []

<./img/40.png, id=1923, 596.2275pt x 344.28625pt>
File: ./img/40.png Graphic file (type png)
<use ./img/40.png>
Package pdftex.def Info: ./img/40.png  used on input line 981.
(pdftex.def)             Requested size: 327.92613pt x 189.35802pt.
<./img/41.png, id=1925, 206.7725pt x 195.73125pt>
File: ./img/41.png Graphic file (type png)
<use ./img/41.png>
Package pdftex.def Info: ./img/41.png  used on input line 995.
(pdftex.def)             Requested size: 113.72522pt x 107.65251pt.

LaTeX Warning: `h' float specifier changed to `ht'.


Underfull \hbox (badness 10000) in paragraph at lines 1003--1006

 []

[42 <./img/40.png>]
Underfull \hbox (badness 10000) in paragraph at lines 1010--1016

 []


Underfull \hbox (badness 10000) in paragraph at lines 1010--1016

 []

<./img/42.png, id=1936, 461.725pt x 280.04625pt>
File: ./img/42.png Graphic file (type png)
<use ./img/42.png>
Package pdftex.def Info: ./img/42.png  used on input line 1019.
(pdftex.def)             Requested size: 253.94954pt x 154.0259pt.
[43 <./img/41.png (PNG copy)> <./img/42.png (PNG copy)>]
Underfull \hbox (badness 10000) in paragraph at lines 1029--1032

 []

<./img/43.png, id=1943, 461.725pt x 190.7125pt>
File: ./img/43.png Graphic file (type png)
<use ./img/43.png>
Package pdftex.def Info: ./img/43.png  used on input line 1035.
(pdftex.def)             Requested size: 253.94954pt x 104.89218pt.

Underfull \hbox (badness 10000) in paragraph at lines 1040--1042

 []


Underfull \hbox (badness 10000) in paragraph at lines 1051--1055

 []


Underfull \hbox (badness 10000) in paragraph at lines 1055--1066

 []


Underfull \hbox (badness 10000) in paragraph at lines 1055--1066

 []


Underfull \hbox (badness 10000) in paragraph at lines 1055--1066

 []

[44 <./img/43.png (PNG copy)>]
<./img/44.png, id=1952, 463.7325pt x 221.82875pt>
File: ./img/44.png Graphic file (type png)
<use ./img/44.png>
Package pdftex.def Info: ./img/44.png  used on input line 1073.
(pdftex.def)             Requested size: 255.05365pt x 122.00616pt.

Underfull \hbox (badness 10000) in paragraph at lines 1081--1086

 []

[45 <./img/44.png (PNG copy)>]
<./img/45.png, id=1959, 337.26pt x 185.69376pt>
File: ./img/45.png Graphic file (type png)
<use ./img/45.png>
Package pdftex.def Info: ./img/45.png  used on input line 1092.
(pdftex.def)             Requested size: 185.49356pt x 102.13187pt.
<./img/46.png, id=1962, 534.99875pt x 303.1325pt>
File: ./img/46.png Graphic file (type png)
<use ./img/46.png>
Package pdftex.def Info: ./img/46.png  used on input line 1118.
(pdftex.def)             Requested size: 217.6621pt x 123.32767pt.
<./img/47.png, id=1963, 1105.12875pt x 205.76875pt>
File: ./img/47.png Graphic file (type png)
<use ./img/47.png>
Package pdftex.def Info: ./img/47.png  used on input line 1123.
(pdftex.def)             Requested size: 217.6621pt x 40.52505pt.

Overfull \hbox (2.22221pt too wide) in paragraph at lines 1117--1127
[][] [] 
 []


Underfull \hbox (badness 10000) in paragraph at lines 1112--1131

 []

[46 <./img/45.png (PNG copy)>]

Package hyperref Warning: Token not allowed in a PDF string (Unicode):
(hyperref)                removing `math shift' on input line 1131.


Package hyperref Warning: Token not allowed in a PDF string (Unicode):
(hyperref)                removing `math shift' on input line 1131.


Package hyperref Warning: Token not allowed in a PDF string (Unicode):
(hyperref)                removing `math shift' on input line 1143.


Package hyperref Warning: Token not allowed in a PDF string (Unicode):
(hyperref)                removing `superscript' on input line 1143.


Package hyperref Warning: Token not allowed in a PDF string (Unicode):
(hyperref)                removing `math shift' on input line 1143.


Package hyperref Warning: Token not allowed in a PDF string (Unicode):
(hyperref)                removing `math shift' on input line 1143.


Package hyperref Warning: Token not allowed in a PDF string (Unicode):
(hyperref)                removing `\rightarrow' on input line 1143.


Package hyperref Warning: Token not allowed in a PDF string (Unicode):
(hyperref)                removing `math shift' on input line 1143.


Underfull \hbox (badness 10000) in paragraph at lines 1146--1151

 []


Underfull \hbox (badness 10000) in paragraph at lines 1155--1160

 []

[47 <./img/46.png (PNG copy)> <./img/47.png (PNG copy)>]
Underfull \hbox (badness 10000) in paragraph at lines 1169--1176

 []


Underfull \hbox (badness 10000) in paragraph at lines 1169--1176

 []


Underfull \hbox (badness 10000) in paragraph at lines 1176--1181

 []


Package hyperref Warning: Token not allowed in a PDF string (Unicode):
(hyperref)                removing `math shift' on input line 1181.


Package hyperref Warning: Token not allowed in a PDF string (Unicode):
(hyperref)                removing `math shift' on input line 1181.


Package hyperref Warning: Token not allowed in a PDF string (Unicode):
(hyperref)                removing `math shift' on input line 1181.


Package hyperref Warning: Token not allowed in a PDF string (Unicode):
(hyperref)                removing `\rightarrow' on input line 1181.


Package hyperref Warning: Token not allowed in a PDF string (Unicode):
(hyperref)                removing `math shift' on input line 1181.

<./img/48.png, id=1977, 1105.12875pt x 448.67625pt>
File: ./img/48.png Graphic file (type png)
<use ./img/48.png>
Package pdftex.def Info: ./img/48.png  used on input line 1193.
(pdftex.def)             Requested size: 607.82271pt x 246.77269pt.

Overfull \hbox (124.12587pt too wide) in paragraph at lines 1193--1194
 [][] 
 []


LaTeX Warning: `h' float specifier changed to `ht'.

[48]
<./img/49.png, id=1984, 538.01pt x 225.84375pt>
File: ./img/49.png Graphic file (type png)
<use ./img/49.png>
Package pdftex.def Info: ./img/49.png  used on input line 1205.
(pdftex.def)             Requested size: 295.9064pt x 124.21443pt.
) [49 <./img/48.png (PNG copy)> <./img/49.png (PNG copy)>]
(./sections/giunz_bip.tex

Package hyperref Warning: Difference (2) between bookmark levels is greater 
(hyperref)                than one, level fixed on input line 4.


Underfull \hbox (badness 10000) in paragraph at lines 5--10

 []


Underfull \hbox (badness 10000) in paragraph at lines 5--10

 []


Underfull \hbox (badness 10000) in paragraph at lines 5--10

 []


Package hyperref Warning: Token not allowed in a PDF string (Unicode):
(hyperref)                removing `math shift' on input line 10.


Package hyperref Warning: Token not allowed in a PDF string (Unicode):
(hyperref)                removing `math shift' on input line 10.

<./img/50.png, id=1990, 1006.76125pt x 485.815pt>
File: ./img/50.png Graphic file (type png)
<use ./img/50.png>
Package pdftex.def Info: ./img/50.png  used on input line 21.
(pdftex.def)             Requested size: 352.37172pt x 170.0378pt.

Underfull \hbox (badness 10000) in paragraph at lines 26--30

 []


Underfull \hbox (badness 10000) in paragraph at lines 26--30

 []

[50 <./img/50.png>]
<./img/51.png, id=1999, 812.03375pt x 204.765pt>
File: ./img/51.png Graphic file (type png)
<use ./img/51.png>
Package pdftex.def Info: ./img/51.png  used on input line 46.
(pdftex.def)             Requested size: 446.61995pt x 112.62108pt.

Underfull \hbox (badness 10000) in paragraph at lines 51--56

 []


Underfull \hbox (badness 10000) in paragraph at lines 51--56

 []

<./img/52.png, id=2001, 958.58125pt x 506.89375pt>
File: ./img/52.png Graphic file (type png)
<use ./img/52.png>
Package pdftex.def Info: ./img/52.png  used on input line 59.
(pdftex.def)             Requested size: 335.50847pt x 177.41547pt.

LaTeX Warning: `h' float specifier changed to `ht'.

<./img/53.png, id=2003, 645.41125pt x 433.62pt>
File: ./img/53.png Graphic file (type png)
<use ./img/53.png>
Package pdftex.def Info: ./img/53.png  used on input line 72.
(pdftex.def)             Requested size: 225.89732pt x 151.76927pt.

LaTeX Warning: `h' float specifier changed to `ht'.

[51 <./img/51.png>]
Underfull \hbox (badness 10000) in paragraph at lines 81--86

 []


Underfull \hbox (badness 10000) in paragraph at lines 81--86

 []

<./img/54.png, id=2016, 932.48375pt x 294.09875pt>
File: ./img/54.png Graphic file (type png)
<use ./img/54.png>
Package pdftex.def Info: ./img/54.png  used on input line 89.
(pdftex.def)             Requested size: 326.3742pt x 102.9361pt.

LaTeX Warning: `h' float specifier changed to `ht'.

[52 <./img/52.png> <./img/53.png (PNG copy)>]
Underfull \hbox (badness 10000) in paragraph at lines 108--112

 []

[53 <./img/54.png>]
Underfull \hbox (badness 10000) in paragraph at lines 131--134

 []

<./img/55.png, id=2031, 504.88625pt x 205.76875pt>
File: ./img/55.png Graphic file (type png)
<use ./img/55.png>
Package pdftex.def Info: ./img/55.png  used on input line 141.
(pdftex.def)             Requested size: 217.6621pt x 88.70802pt.
<./img/56.png, id=2032, 504.88625pt x 143.53625pt>
File: ./img/56.png Graphic file (type png)
<use ./img/56.png>
Package pdftex.def Info: ./img/56.png  used on input line 146.
(pdftex.def)             Requested size: 217.6621pt x 61.87926pt.

Overfull \hbox (2.22221pt too wide) in paragraph at lines 140--150
[][] [] 
 []


Underfull \hbox (badness 10000) in paragraph at lines 134--154

 []


Package hyperref Warning: Token not allowed in a PDF string (Unicode):
(hyperref)                removing `math shift' on input line 154.


Package hyperref Warning: Token not allowed in a PDF string (Unicode):
(hyperref)                removing `subscript' on input line 154.


Package hyperref Warning: Token not allowed in a PDF string (Unicode):
(hyperref)                removing `math shift' on input line 154.


Package hyperref Warning: Token not allowed in a PDF string (Unicode):
(hyperref)                removing `math shift' on input line 154.


Package hyperref Warning: Token not allowed in a PDF string (Unicode):
(hyperref)                removing `subscript' on input line 154.


Package hyperref Warning: Token not allowed in a PDF string (Unicode):
(hyperref)                removing `math shift' on input line 154.

<./img/57.png, id=2034, 504.88625pt x 145.54375pt>
File: ./img/57.png Graphic file (type png)
<use ./img/57.png>
Package pdftex.def Info: ./img/57.png  used on input line 162.
(pdftex.def)             Requested size: 176.71283pt x 50.94107pt.

LaTeX Warning: `h' float specifier changed to `ht'.

[54 <./img/55.png (PNG copy)> <./img/56.png (PNG copy)>]

Package hyperref Warning: Token not allowed in a PDF string (Unicode):
(hyperref)                removing `math shift' on input line 169.


Package hyperref Warning: Token not allowed in a PDF string (Unicode):
(hyperref)                removing `subscript' on input line 169.


Package hyperref Warning: Token not allowed in a PDF string (Unicode):
(hyperref)                removing `math shift' on input line 169.


Package hyperref Warning: Token not allowed in a PDF string (Unicode):
(hyperref)                removing `math shift' on input line 169.


Package hyperref Warning: Token not allowed in a PDF string (Unicode):
(hyperref)                removing `subscript' on input line 169.


Package hyperref Warning: Token not allowed in a PDF string (Unicode):
(hyperref)                removing `math shift' on input line 169.

<./img/58.png, id=2046, 504.88625pt x 205.76875pt>
File: ./img/58.png Graphic file (type png)
<use ./img/58.png>
Package pdftex.def Info: ./img/58.png  used on input line 189.
(pdftex.def)             Requested size: 217.6621pt x 88.70802pt.
<./img/59.png, id=2047, 504.88625pt x 140.525pt>
File: ./img/59.png Graphic file (type png)
<use ./img/59.png>
Package pdftex.def Info: ./img/59.png  used on input line 194.
(pdftex.def)             Requested size: 217.6621pt x 60.58109pt.

Overfull \hbox (2.22221pt too wide) in paragraph at lines 188--198
[][] [] 
 []


Underfull \hbox (badness 10000) in paragraph at lines 203--211

 []


Underfull \hbox (badness 10000) in paragraph at lines 203--211

 []

[55 <./img/57.png (PNG copy)> <./img/58.png (PNG copy)> <./img/59.png (PNG copy
)>]
Underfull \hbox (badness 10000) in paragraph at lines 211--216

 []


Underfull \hbox (badness 10000) in paragraph at lines 211--216

 []


Underfull \hbox (badness 10000) in paragraph at lines 216--220

 []

<./img/60.png, id=2055, 504.88625pt x 205.76875pt>
File: ./img/60.png Graphic file (type png)
<use ./img/60.png>
Package pdftex.def Info: ./img/60.png  used on input line 229.
(pdftex.def)             Requested size: 176.71283pt x 72.02013pt.

LaTeX Warning: `h' float specifier changed to `ht'.


Package hyperref Warning: Token not allowed in a PDF string (Unicode):
(hyperref)                removing `math shift' on input line 234.


Package hyperref Warning: Token not allowed in a PDF string (Unicode):
(hyperref)                removing `subscript' on input line 234.


Package hyperref Warning: Token not allowed in a PDF string (Unicode):
(hyperref)                removing `math shift' on input line 234.


Package hyperref Warning: Token not allowed in a PDF string (Unicode):
(hyperref)                removing `math shift' on input line 234.


Package hyperref Warning: Token not allowed in a PDF string (Unicode):
(hyperref)                removing `subscript' on input line 234.


Package hyperref Warning: Token not allowed in a PDF string (Unicode):
(hyperref)                removing `math shift' on input line 234.

[56]
Underfull \hbox (badness 10000) in paragraph at lines 241--245

 []

<./img/61.png, id=2062, 504.88625pt x 205.76875pt>
File: ./img/61.png Graphic file (type png)
<use ./img/61.png>
Package pdftex.def Info: ./img/61.png  used on input line 248.
(pdftex.def)             Requested size: 176.71283pt x 72.02013pt.
<./img/62.png, id=2064, 434.62375pt x 300.12125pt>
File: ./img/62.png Graphic file (type png)
<use ./img/62.png>
Package pdftex.def Info: ./img/62.png  used on input line 258.
(pdftex.def)             Requested size: 152.12059pt x 105.044pt.
[57 <./img/60.png (PNG copy)> <./img/61.png (PNG copy)> <./img/62.png (PNG copy
)>]
<./img/63.png, id=2072, 507.8975pt x 418.56375pt>
File: ./img/63.png Graphic file (type png)
<use ./img/63.png>
Package pdftex.def Info: ./img/63.png  used on input line 272.
(pdftex.def)             Requested size: 177.76678pt x 146.4995pt.

Underfull \hbox (badness 10000) in paragraph at lines 277--279

 []

<./img/64.png, id=2074, 498.86375pt x 182.6825pt>
File: ./img/64.png Graphic file (type png)
<use ./img/64.png>
Package pdftex.def Info: ./img/64.png  used on input line 284.
(pdftex.def)             Requested size: 174.60492pt x 63.93982pt.
<./img/65.png, id=2078, 498.86375pt x 182.6825pt>
File: ./img/65.png Graphic file (type png)
<use ./img/65.png>
Package pdftex.def Info: ./img/65.png  used on input line 299.
(pdftex.def)             Requested size: 217.6621pt x 79.70596pt.
<./img/66.png, id=2079, 498.86375pt x 182.6825pt>
File: ./img/66.png Graphic file (type png)
<use ./img/66.png>
Package pdftex.def Info: ./img/66.png  used on input line 304.
(pdftex.def)             Requested size: 217.6621pt x 79.70596pt.

Overfull \hbox (2.22221pt too wide) in paragraph at lines 298--308
[][] [] 
 []


LaTeX Warning: `h' float specifier changed to `ht'.

<./img/67.png, id=2081, 498.86375pt x 182.6825pt>
File: ./img/67.png Graphic file (type png)
<use ./img/67.png>
Package pdftex.def Info: ./img/67.png  used on input line 318.
(pdftex.def)             Requested size: 174.60492pt x 63.93982pt.

LaTeX Warning: `h' float specifier changed to `ht'.

[58 <./img/63.png (PNG copy)> <./img/64.png (PNG copy)>]
Underfull \hbox (badness 10000) in paragraph at lines 336--340

 []

<./img/68.png, id=2090, 406.51875pt x 264.99pt>
File: ./img/68.png Graphic file (type png)
<use ./img/68.png>
Package pdftex.def Info: ./img/68.png  used on input line 348.
(pdftex.def)             Requested size: 142.28369pt x 92.74788pt.

LaTeX Warning: `h' float specifier changed to `ht'.

[59 <./img/65.png (PNG copy)> <./img/66.png (PNG copy)> <./img/67.png (PNG copy
)>]
Underfull \hbox (badness 10000) in paragraph at lines 359--361

 []


Underfull \hbox (badness 10000) in paragraph at lines 369--372

 []

<./img/69.png, id=2098, 411.5375pt x 284.06125pt>
File: ./img/69.png Graphic file (type png)
<use ./img/69.png>
Package pdftex.def Info: ./img/69.png  used on input line 375.
(pdftex.def)             Requested size: 144.04028pt x 99.42291pt.

LaTeX Warning: `h' float specifier changed to `ht'.


Underfull \hbox (badness 10000) in paragraph at lines 385--411

 []


Underfull \hbox (badness 10000) in paragraph at lines 385--411

 []

[60 <./img/68.png (PNG copy)>]
<./img/70.png, id=2107, 654.445pt x 183.68625pt>
File: ./img/70.png Graphic file (type png)
<use ./img/70.png>
Package pdftex.def Info: ./img/70.png  used on input line 416.
(pdftex.def)             Requested size: 229.05917pt x 64.29114pt.

Underfull \hbox (badness 10000) in paragraph at lines 425--430

 []

[61 <./img/69.png (PNG copy)> <./img/70.png (PNG copy)>]
<./img/71.png, id=2115, 682.55pt x 183.68625pt>
File: ./img/71.png Graphic file (type png)
<use ./img/71.png>
Package pdftex.def Info: ./img/71.png  used on input line 433.
(pdftex.def)             Requested size: 238.89607pt x 64.29114pt.

Underfull \hbox (badness 10000) in paragraph at lines 439--444

 []


Underfull \hbox (badness 10000) in paragraph at lines 446--453

 []


Underfull \hbox (badness 10000) in paragraph at lines 446--453

 []


Underfull \hbox (badness 10000) in paragraph at lines 446--453

 []


Underfull \hbox (badness 10000) in paragraph at lines 463--466

 []

[62 <./img/71.png (PNG copy)>]
Underfull \hbox (badness 10000) in paragraph at lines 485--489

 []


Underfull \hbox (badness 10000) in paragraph at lines 485--489

 []


Underfull \hbox (badness 10000) in paragraph at lines 489--494

 []

[63]
<./img/72.png, id=2131, 413.545pt x 285.065pt>
File: ./img/72.png Graphic file (type png)
<use ./img/72.png>
Package pdftex.def Info: ./img/72.png  used on input line 498.
(pdftex.def)             Requested size: 186.09352pt x 128.27806pt.
<./img/73.png, id=2133, 755.82375pt x 277.035pt>
File: ./img/73.png Graphic file (type png)
<use ./img/73.png>
Package pdftex.def Info: ./img/73.png  used on input line 508.
(pdftex.def)             Requested size: 340.11754pt x 124.6646pt.

Underfull \hbox (badness 10000) in paragraph at lines 513--516

 []

[64 <./img/72.png (PNG copy)> <./img/73.png>]
Underfull \hbox (badness 10000) in paragraph at lines 522--527

 []


Underfull \hbox (badness 10000) in paragraph at lines 527--547

 []


Underfull \hbox (badness 10000) in paragraph at lines 549--564

 []


Underfull \hbox (badness 10000) in paragraph at lines 549--564

 []


Underfull \hbox (badness 10000) in paragraph at lines 549--564

 []

<./img/74.png, id=2144, 682.55pt x 183.68625pt>
File: ./img/74.png Graphic file (type png)
<use ./img/74.png>
Package pdftex.def Info: ./img/74.png  used on input line 567.
(pdftex.def)             Requested size: 307.14467pt x 82.65804pt.

LaTeX Warning: `h' float specifier changed to `ht'.


Underfull \hbox (badness 10000) in paragraph at lines 573--575

 []


Underfull \hbox (badness 10000) in paragraph at lines 576--578

 []

[65]
<./img/75.png, id=2151, 404.51125pt x 260.975pt>
File: ./img/75.png Graphic file (type png)
<use ./img/75.png>
Package pdftex.def Info: ./img/75.png  used on input line 584.
(pdftex.def)             Requested size: 182.02837pt x 117.43767pt.
<./img/76.png, id=2152, 406.51875pt x 276.03125pt>
File: ./img/76.png Graphic file (type png)
<use ./img/76.png>
Package pdftex.def Info: ./img/76.png  used on input line 600.
(pdftex.def)             Requested size: 182.93173pt x 124.2129pt.


LaTeX Warning: `h' float specifier changed to `ht'.

[66 <./img/74.png (PNG copy)> <./img/75.png (PNG copy)>]
<./img/77.png, id=2160, 348.30125pt x 335.2525pt>
File: ./img/77.png Graphic file (type png)
<use ./img/77.png>
Package pdftex.def Info: ./img/77.png  used on input line 616.
(pdftex.def)             Requested size: 156.73412pt x 150.86223pt.
 [67 <./img/76.png (PNG copy)> <./img/77.png (PNG copy)>]
Underfull \hbox (badness 10000) in paragraph at lines 635--638

 []

<./img/78.png, id=2168, 480.79625pt x 264.99pt>
File: ./img/78.png Graphic file (type png)
<use ./img/78.png>
Package pdftex.def Info: ./img/78.png  used on input line 657.
(pdftex.def)             Requested size: 216.35631pt x 119.24438pt.

LaTeX Warning: `h' float specifier changed to `ht'.


Underfull \hbox (badness 10000) in paragraph at lines 662--668

 []


Underfull \hbox (badness 10000) in paragraph at lines 662--668

 []


Underfull \hbox (badness 10000) in paragraph at lines 662--668

 []

[68]
Underfull \hbox (badness 10000) in paragraph at lines 669--671

 []

<./img/79.png, id=2176, 348.30125pt x 335.2525pt>
File: ./img/79.png Graphic file (type png)
<use ./img/79.png>
Package pdftex.def Info: ./img/79.png  used on input line 674.
(pdftex.def)             Requested size: 156.73412pt x 150.86223pt.
[69 <./img/78.png (PNG copy)> <./img/79.png (PNG copy)>]
<./img/80.png, id=2183, 480.79625pt x 264.99pt>
File: ./img/80.png Graphic file (type png)
<use ./img/80.png>
Package pdftex.def Info: ./img/80.png  used on input line 706.
(pdftex.def)             Requested size: 216.35631pt x 119.24438pt.

Underfull \hbox (badness 10000) in paragraph at lines 711--718

 []


Underfull \hbox (badness 10000) in paragraph at lines 711--718

 []


Underfull \hbox (badness 10000) in paragraph at lines 719--724

 []

[70 <./img/80.png (PNG copy)>]
<./img/81.png, id=2193, 466.74374pt x 309.155pt>
File: ./img/81.png Graphic file (type png)
<use ./img/81.png>
Package pdftex.def Info: ./img/81.png  used on input line 742.
(pdftex.def)             Requested size: 210.03275pt x 139.11845pt.
 [71 <./img/81.png (PNG copy)>]
Underfull \hbox (badness 10000) in paragraph at lines 764--767

 []


Underfull \hbox (badness 10000) in paragraph at lines 769--772

 []


Underfull \hbox (badness 10000) in paragraph at lines 774--778

 []

[72]
Underfull \hbox (badness 10000) in paragraph at lines 796--800

 []


Underfull \hbox (badness 10000) in paragraph at lines 814--819

 []

<./img/82.png, id=2209, 551.05875pt x 291.0875pt>
File: ./img/82.png Graphic file (type png)
<use ./img/82.png>
Package pdftex.def Info: ./img/82.png  used on input line 823.
(pdftex.def)             Requested size: 217.6621pt x 114.97607pt.
<./img/83.png, id=2210, 483.8075pt x 223.83624pt>
File: ./img/83.png Graphic file (type png)
<use ./img/83.png>
Package pdftex.def Info: ./img/83.png  used on input line 828.
(pdftex.def)             Requested size: 217.6621pt x 100.70146pt.

Underfull \hbox (badness 10000) in paragraph at lines 829--829
[]\OT1/cmr/m/n/9 (b) |La con-dizione ot-tima di pro-getto con-siste
 []


Underfull \hbox (badness 4341) in paragraph at lines 829--829
\OT1/cmr/m/n/9 nell'individuazione del miglior equi-lib-rio pos-si-bile tra
 []


Overfull \hbox (2.22221pt too wide) in paragraph at lines 822--832
[][] [] 
 []


LaTeX Warning: `h' float specifier changed to `ht'.

<./img/84.png, id=2212, 482.80376pt x 330.23375pt>
File: ./img/84.png Graphic file (type png)
<use ./img/84.png>
Package pdftex.def Info: ./img/84.png  used on input line 841.
(pdftex.def)             Requested size: 217.25967pt x 148.6038pt.

LaTeX Warning: `h' float specifier changed to `ht'.

[73] [74 <./img/82.png (PNG copy)> <./img/83.png (PNG copy)> <./img/84.png (PNG
 copy)>]
Underfull \hbox (badness 10000) in paragraph at lines 881--884

 []

<./img/85.png, id=2229, 649.42625pt x 392.46625pt>
File: ./img/85.png Graphic file (type png)
<use ./img/85.png>
Package pdftex.def Info: ./img/85.png  used on input line 889.
(pdftex.def)             Requested size: 292.2391pt x 176.60817pt.

LaTeX Warning: `h' float specifier changed to `ht'.


Package hyperref Warning: Token not allowed in a PDF string (Unicode):
(hyperref)                removing `math shift' on input line 915.


Package hyperref Warning: Token not allowed in a PDF string (Unicode):
(hyperref)                removing `subscript' on input line 915.


Package hyperref Warning: Token not allowed in a PDF string (Unicode):
(hyperref)                removing `subscript' on input line 915.


Package hyperref Warning: Token not allowed in a PDF string (Unicode):
(hyperref)                removing `math shift' on input line 915.


Package hyperref Warning: Token not allowed in a PDF string (Unicode):
(hyperref)                removing `math shift' on input line 915.


Package hyperref Warning: Token not allowed in a PDF string (Unicode):
(hyperref)                removing `subscript' on input line 915.


Package hyperref Warning: Token not allowed in a PDF string (Unicode):
(hyperref)                removing `subscript' on input line 915.


Package hyperref Warning: Token not allowed in a PDF string (Unicode):
(hyperref)                removing `math shift' on input line 915.

[75]

Package hyperref Warning: Token not allowed in a PDF string (Unicode):
(hyperref)                removing `math shift' on input line 925.


Package hyperref Warning: Token not allowed in a PDF string (Unicode):
(hyperref)                removing `subscript' on input line 925.


Package hyperref Warning: Token not allowed in a PDF string (Unicode):
(hyperref)                removing `subscript' on input line 925.


Package hyperref Warning: Token not allowed in a PDF string (Unicode):
(hyperref)                removing `math shift' on input line 925.


Package hyperref Warning: Token not allowed in a PDF string (Unicode):
(hyperref)                removing `math shift' on input line 925.


Package hyperref Warning: Token not allowed in a PDF string (Unicode):
(hyperref)                removing `subscript' on input line 925.


Package hyperref Warning: Token not allowed in a PDF string (Unicode):
(hyperref)                removing `subscript' on input line 925.


Package hyperref Warning: Token not allowed in a PDF string (Unicode):
(hyperref)                removing `math shift' on input line 925.


Underfull \hbox (badness 10000) in paragraph at lines 939--942

 []


Package hyperref Warning: Token not allowed in a PDF string (Unicode):
(hyperref)                removing `math shift' on input line 942.


Package hyperref Warning: Token not allowed in a PDF string (Unicode):
(hyperref)                removing `subscript' on input line 942.


Package hyperref Warning: Token not allowed in a PDF string (Unicode):
(hyperref)                removing `subscript' on input line 942.


Package hyperref Warning: Token not allowed in a PDF string (Unicode):
(hyperref)                removing `math shift' on input line 942.


Package hyperref Warning: Token not allowed in a PDF string (Unicode):
(hyperref)                removing `math shift' on input line 942.


Package hyperref Warning: Token not allowed in a PDF string (Unicode):
(hyperref)                removing `subscript' on input line 942.


Package hyperref Warning: Token not allowed in a PDF string (Unicode):
(hyperref)                removing `subscript' on input line 942.


Package hyperref Warning: Token not allowed in a PDF string (Unicode):
(hyperref)                removing `math shift' on input line 942.

[76 <./img/85.png (PNG copy)>]

Package hyperref Warning: Token not allowed in a PDF string (Unicode):
(hyperref)                removing `math shift' on input line 946.


Package hyperref Warning: Token not allowed in a PDF string (Unicode):
(hyperref)                removing `subscript' on input line 946.


Package hyperref Warning: Token not allowed in a PDF string (Unicode):
(hyperref)                removing `subscript' on input line 946.


Package hyperref Warning: Token not allowed in a PDF string (Unicode):
(hyperref)                removing `math shift' on input line 946.


Package hyperref Warning: Token not allowed in a PDF string (Unicode):
(hyperref)                removing `math shift' on input line 946.


Package hyperref Warning: Token not allowed in a PDF string (Unicode):
(hyperref)                removing `subscript' on input line 946.


Package hyperref Warning: Token not allowed in a PDF string (Unicode):
(hyperref)                removing `subscript' on input line 946.


Package hyperref Warning: Token not allowed in a PDF string (Unicode):
(hyperref)                removing `math shift' on input line 946.


Underfull \hbox (badness 10000) in paragraph at lines 954--957

 []


Underfull \hbox (badness 10000) in paragraph at lines 959--981

 []


Underfull \hbox (badness 10000) in paragraph at lines 959--981

 []

<./img/86.png, id=2251, 511.9125pt x 337.26pt>
File: ./img/86.png Graphic file (type png)
<use ./img/86.png>
Package pdftex.def Info: ./img/86.png  used on input line 986.
(pdftex.def)             Requested size: 230.35849pt x 151.7656pt.

LaTeX Warning: `h' float specifier changed to `ht'.


Underfull \hbox (badness 10000) in paragraph at lines 991--993

 []

<./img/87.png, id=2253, 715.67375pt x 64.24pt>
File: ./img/87.png Graphic file (type png)
<use ./img/87.png>
Package pdftex.def Info: ./img/87.png  used on input line 996.
(pdftex.def)             Requested size: 322.0502pt x 28.90773pt.

LaTeX Warning: `h' float specifier changed to `ht'.


Underfull \hbox (badness 10000) in paragraph at lines 1001--1005

 []


Underfull \hbox (badness 10000) in paragraph at lines 1001--1005

 []

[77]
Underfull \hbox (badness 10000) in paragraph at lines 1008--1022

 []


Underfull \hbox (badness 10000) in paragraph at lines 1008--1022

 []


Underfull \hbox (badness 10000) in paragraph at lines 1008--1022

 []


Underfull \hbox (badness 10000) in paragraph at lines 1008--1022

 []


Underfull \hbox (badness 10000) in paragraph at lines 1008--1022

 []

[78 <./img/86.png (PNG copy)> <./img/87.png (PNG copy)>]
<./img/88.png, id=2268, 416.55624pt x 337.26pt>
File: ./img/88.png Graphic file (type png)
<use ./img/88.png>
Package pdftex.def Info: ./img/88.png  used on input line 1025.
(pdftex.def)             Requested size: 187.44858pt x 151.7656pt.


Package hyperref Warning: Token not allowed in a PDF string (Unicode):
(hyperref)                removing `math shift' on input line 1030.


Package hyperref Warning: Token not allowed in a PDF string (Unicode):
(hyperref)                removing `subscript' on input line 1030.


Package hyperref Warning: Token not allowed in a PDF string (Unicode):
(hyperref)                removing `math shift' on input line 1030.

<./img/89.png, id=2270, 413.545pt x 339.2675pt>
File: ./img/89.png Graphic file (type png)
<use ./img/89.png>
Package pdftex.def Info: ./img/89.png  used on input line 1035.
(pdftex.def)             Requested size: 186.09352pt x 152.66896pt.

Underfull \hbox (badness 10000) in paragraph at lines 1044--1047

 []

[79 <./img/88.png (PNG copy)> <./img/89.png (PNG copy)>]
<./img/90.png, id=2278, 252.945pt x 360.34625pt>
File: ./img/90.png Graphic file (type png)
<use ./img/90.png>
Package pdftex.def Info: ./img/90.png  used on input line 1063.
(pdftex.def)             Requested size: 113.82419pt x 162.15431pt.

Underfull \hbox (badness 10000) in paragraph at lines 1077--1081

 []


LaTeX Warning: Command \textquoteright invalid in math mode on input line 1086.



LaTeX Warning: Command \textquoteright invalid in math mode on input line 1087.



Underfull \hbox (badness 10000) in paragraph at lines 1086--1089

 []

[80 <./img/90.png (PNG copy)>]
<./img/91.png, id=2287, 833.1125pt x 347.2975pt>
File: ./img/91.png Graphic file (type png)
<use ./img/91.png>
Package pdftex.def Info: ./img/91.png  used on input line 1095.
(pdftex.def)             Requested size: 374.89716pt x 156.28242pt.

Underfull \hbox (badness 10000) in paragraph at lines 1100--1102

 []

<./img/92.png, id=2289, 480.79625pt x 264.99pt>
File: ./img/92.png Graphic file (type png)
<use ./img/92.png>
Package pdftex.def Info: ./img/92.png  used on input line 1105.
(pdftex.def)             Requested size: 216.35631pt x 119.24438pt.
[81 <./img/91.png (PNG copy)> <./img/92.png (PNG copy)>]

Package hyperref Warning: Token not allowed in a PDF string (Unicode):
(hyperref)                removing `math shift' on input line 1115.


Package hyperref Warning: Token not allowed in a PDF string (Unicode):
(hyperref)                removing `math shift' on input line 1115.


Underfull \hbox (badness 10000) in paragraph at lines 1120--1124

 []


Package hyperref Warning: Token not allowed in a PDF string (Unicode):
(hyperref)                removing `math shift' on input line 1133.


Package hyperref Warning: Token not allowed in a PDF string (Unicode):
(hyperref)                removing `math shift' on input line 1133.


Underfull \hbox (badness 10000) in paragraph at lines 1143--1146

 []

[82]
Underfull \hbox (badness 10000) in paragraph at lines 1146--1149

 []


Package hyperref Warning: Token not allowed in a PDF string (Unicode):
(hyperref)                removing `math shift' on input line 1151.


Package hyperref Warning: Token not allowed in a PDF string (Unicode):
(hyperref)                removing `math shift' on input line 1151.

<./img/93.png, id=2301, 532.99126pt x 339.2675pt>
File: ./img/93.png Graphic file (type png)
<use ./img/93.png>
Package pdftex.def Info: ./img/93.png  used on input line 1160.
(pdftex.def)             Requested size: 239.84384pt x 152.66896pt.

Package hyperref Warning: Token not allowed in a PDF string (Unicode):
(hyperref)                removing `math shift' on input line 1169.


Package hyperref Warning: Token not allowed in a PDF string (Unicode):
(hyperref)                removing `math shift' on input line 1169.

[83 <./img/93.png (PNG copy)>]

Package hyperref Warning: Token not allowed in a PDF string (Unicode):
(hyperref)                removing `math shift' on input line 1175.


Package hyperref Warning: Token not allowed in a PDF string (Unicode):
(hyperref)                removing `math shift' on input line 1175.


Package hyperref Warning: Token not allowed in a PDF string (Unicode):
(hyperref)                removing `math shift' on input line 1181.


Package hyperref Warning: Token not allowed in a PDF string (Unicode):
(hyperref)                removing `math shift' on input line 1181.


Underfull \hbox (badness 10000) in paragraph at lines 1184--1187

 []

<./img/94.png, id=2310, 532.99126pt x 339.2675pt>
File: ./img/94.png Graphic file (type png)
<use ./img/94.png>
Package pdftex.def Info: ./img/94.png  used on input line 1190.
(pdftex.def)             Requested size: 239.84384pt x 152.66896pt.

Underfull \hbox (badness 10000) in paragraph at lines 1200--1203

 []


Underfull \hbox (badness 10000) in paragraph at lines 1203--1208

 []

[84 <./img/94.png (PNG copy)>]
<./img/95.png, id=2318, 532.99126pt x 339.2675pt>
File: ./img/95.png Graphic file (type png)
<use ./img/95.png>
Package pdftex.def Info: ./img/95.png  used on input line 1211.
(pdftex.def)             Requested size: 239.84384pt x 152.66896pt.
 [85 <./img/95.png (PNG copy)>]
<./img/96.png, id=2325, 780.9175pt x 335.2525pt>
File: ./img/96.png Graphic file (type png)
<use ./img/96.png>
Package pdftex.def Info: ./img/96.png  used on input line 1239.
(pdftex.def)             Requested size: 351.40962pt x 150.86223pt.
<./img/97.png, id=2328, 770.88pt x 326.21875pt>
File: ./img/97.png Graphic file (type png)
<use ./img/97.png>
Package pdftex.def Info: ./img/97.png  used on input line 1254.
(pdftex.def)             Requested size: 346.89279pt x 146.79707pt.


LaTeX Warning: `h' float specifier changed to `ht'.


Underfull \hbox (badness 10000) in paragraph at lines 1260--1263

 []

<./img/98.png, id=2330, 770.88pt x 371.3875pt>
File: ./img/98.png Graphic file (type png)
<use ./img/98.png>
Package pdftex.def Info: ./img/98.png  used on input line 1266.
(pdftex.def)             Requested size: 346.89279pt x 167.12282pt.

LaTeX Warning: `h' float specifier changed to `ht'.

[86 <./img/96.png (PNG copy)>]
<./img/99.png, id=2341, 447.6725pt x 352.31625pt>
File: ./img/99.png Graphic file (type png)
<use ./img/99.png>
Package pdftex.def Info: ./img/99.png  used on input line 1285.
(pdftex.def)             Requested size: 201.45076pt x 158.54083pt.


LaTeX Warning: `h' float specifier changed to `ht'.

[87 <./img/97.png (PNG copy)> <./img/98.png (PNG copy)>]
<./img/100.png, id=2349, 733.74126pt x 237.88875pt>
File: ./img/100.png Graphic file (type png)
<use ./img/100.png>
Package pdftex.def Info: ./img/100.png  used on input line 1294.
(pdftex.def)             Requested size: 330.18051pt x 107.04893pt.
<./img/101.png, id=2351, 742.775pt x 230.8625pt>
File: ./img/101.png Graphic file (type png)
<use ./img/101.png>
Package pdftex.def Info: ./img/101.png  used on input line 1303.
(pdftex.def)             Requested size: 334.24565pt x 103.88715pt.


Package hyperref Warning: Token not allowed in a PDF string (Unicode):
(hyperref)                removing `math shift' on input line 1308.


Package hyperref Warning: Token not allowed in a PDF string (Unicode):
(hyperref)                removing `math shift' on input line 1308.

[88 <./img/99.png (PNG copy)> <./img/100.png (PNG copy)> <./img/101.png (PNG co
py)>]

Package hyperref Warning: Token not allowed in a PDF string (Unicode):
(hyperref)                removing `math shift' on input line 1319.


Package hyperref Warning: Token not allowed in a PDF string (Unicode):
(hyperref)                removing `\rightarrow' on input line 1319.


Package hyperref Warning: Token not allowed in a PDF string (Unicode):
(hyperref)                removing `\infty' on input line 1319.


Package hyperref Warning: Token not allowed in a PDF string (Unicode):
(hyperref)                removing `math shift' on input line 1319.


Package hyperref Warning: Token not allowed in a PDF string (Unicode):
(hyperref)                removing `math shift' on input line 1334.


Package hyperref Warning: Token not allowed in a PDF string (Unicode):
(hyperref)                removing `math shift' on input line 1334.


Underfull \hbox (badness 10000) in paragraph at lines 1335--1338

 []


Underfull \hbox (badness 10000) in paragraph at lines 1347--1352

 []

[89]
Underfull \hbox (badness 10000) in paragraph at lines 1369--1373

 []


Underfull \hbox (badness 10000) in paragraph at lines 1369--1373

 []

[90]
Underfull \hbox (badness 10000) in paragraph at lines 1404--1409

 []


Underfull \hbox (badness 10000) in paragraph at lines 1404--1409

 []

<./img/102.png, id=2374, 742.775pt x 877.2775pt>
File: ./img/102.png Graphic file (type png)
<use ./img/102.png>
Package pdftex.def Info: ./img/102.png  used on input line 1416.
(pdftex.def)             Requested size: 334.24565pt x 394.77122pt.

LaTeX Warning: `h' float specifier changed to `ht'.

<./img/103.png, id=2376, 553.06625pt x 398.48875pt>
File: ./img/103.png Graphic file (type png)
<use ./img/103.png>
Package pdftex.def Info: ./img/103.png  used on input line 1425.
(pdftex.def)             Requested size: 248.8775pt x 179.31828pt.

LaTeX Warning: `h' float specifier changed to `ht'.

<./img/104.png, id=2378, 563.10374pt x 333.245pt>
File: ./img/104.png Graphic file (type png)
<use ./img/104.png>
Package pdftex.def Info: ./img/104.png  used on input line 1442.
(pdftex.def)             Requested size: 253.39435pt x 149.95885pt.
[91]

LaTeX Warning: `h' float specifier changed to `ht'.

<./img/105.png, id=2389, 480.79625pt x 264.99pt>
File: ./img/105.png Graphic file (type png)
<use ./img/105.png>
Package pdftex.def Info: ./img/105.png  used on input line 1451.
(pdftex.def)             Requested size: 216.35631pt x 119.24438pt.

LaTeX Warning: `h' float specifier changed to `ht'.


Package hyperref Warning: Token not allowed in a PDF string (Unicode):
(hyperref)                removing `math shift' on input line 1460.


Package hyperref Warning: Token not allowed in a PDF string (Unicode):
(hyperref)                removing `math shift' on input line 1460.

[92 <./img/102.png (PNG copy)>]

Package hyperref Warning: Token not allowed in a PDF string (Unicode):
(hyperref)                removing `math shift' on input line 1477.


Package hyperref Warning: Token not allowed in a PDF string (Unicode):
(hyperref)                removing `math shift' on input line 1477.

[93 <./img/103.png (PNG copy)> <./img/104.png (PNG copy)>]
Underfull \hbox (badness 10000) in paragraph at lines 1490--1495

 []


Package hyperref Warning: Token not allowed in a PDF string (Unicode):
(hyperref)                removing `math shift' on input line 1496.


Package hyperref Warning: Token not allowed in a PDF string (Unicode):
(hyperref)                removing `math shift' on input line 1496.


Underfull \hbox (badness 10000) in paragraph at lines 1497--1502

 []


Underfull \hbox (badness 10000) in paragraph at lines 1497--1502

 []

[94 <./img/105.png (PNG copy)>]
<./img/106.png, id=2408, 373.395pt x 255.95625pt>
File: ./img/106.png Graphic file (type png)
<use ./img/106.png>
Package pdftex.def Info: ./img/106.png  used on input line 1514.
(pdftex.def)             Requested size: 168.0262pt x 115.17923pt.


Package hyperref Warning: Token not allowed in a PDF string (Unicode):
(hyperref)                removing `math shift' on input line 1519.


Package hyperref Warning: Token not allowed in a PDF string (Unicode):
(hyperref)                removing `subscript' on input line 1519.


Package hyperref Warning: Token not allowed in a PDF string (Unicode):
(hyperref)                removing `\relbar' on input line 1519.


Package hyperref Warning: Token not allowed in a PDF string (Unicode):
(hyperref)                removing `\mathrel' on input line 1519.


Package hyperref Warning: Token not allowed in a PDF string (Unicode):
(hyperref)                removing `\mkern' on input line 1519.


Package hyperref Warning: Token not allowed in a PDF string (Unicode):
(hyperref)                removing `\rightarrow' on input line 1519.


Package hyperref Warning: Token not allowed in a PDF string (Unicode):
(hyperref)                removing `subscript' on input line 1519.


Package hyperref Warning: Token not allowed in a PDF string (Unicode):
(hyperref)                removing `math shift' on input line 1519.


Underfull \hbox (badness 10000) in paragraph at lines 1520--1525

 []


Underfull \hbox (badness 10000) in paragraph at lines 1530--1534

 []

[95 <./img/106.png (PNG copy)>]
Underfull \hbox (badness 10000) in paragraph at lines 1549--1552

 []

<./img/107.png, id=2416, 563.10374pt x 334.24875pt>
File: ./img/107.png Graphic file (type png)
<use ./img/107.png>
Package pdftex.def Info: ./img/107.png  used on input line 1558.
(pdftex.def)             Requested size: 253.39435pt x 150.41054pt.

LaTeX Warning: `h' float specifier changed to `ht'.


Underfull \hbox (badness 10000) in paragraph at lines 1597--1600

 []

[96 <./img/107.png (PNG copy)>]
<./img/108.png, id=2426, 648.4225pt x 433.62pt>
File: ./img/108.png Graphic file (type png)
<use ./img/108.png>
Package pdftex.def Info: ./img/108.png  used on input line 1603.
(pdftex.def)             Requested size: 291.78743pt x 195.1272pt.


Package hyperref Warning: Token not allowed in a PDF string (Unicode):
(hyperref)                removing `math shift' on input line 1608.


Package hyperref Warning: Token not allowed in a PDF string (Unicode):
(hyperref)                removing `subscript' on input line 1608.


Package hyperref Warning: Token not allowed in a PDF string (Unicode):
(hyperref)                removing `math shift' on input line 1608.


Package hyperref Warning: Token not allowed in a PDF string (Unicode):
(hyperref)                removing `math shift' on input line 1608.


Package hyperref Warning: Token not allowed in a PDF string (Unicode):
(hyperref)                removing `subscript' on input line 1608.


Package hyperref Warning: Token not allowed in a PDF string (Unicode):
(hyperref)                removing `math shift' on input line 1608.


Underfull \hbox (badness 10000) in paragraph at lines 1613--1617

 []

[97 <./img/108.png (PNG copy)>]
<./img/109.png, id=2433, 383.4325pt x 182.6825pt>
File: ./img/109.png Graphic file (type png)
<use ./img/109.png>
Package pdftex.def Info: ./img/109.png  used on input line 1647.
(pdftex.def)             Requested size: 217.6621pt x 103.7036pt.
<./img/110.png, id=2434, 337.26pt x 182.6825pt>
File: ./img/110.png Graphic file (type png)
<use ./img/110.png>
Package pdftex.def Info: ./img/110.png  used on input line 1652.
(pdftex.def)             Requested size: 217.6621pt x 117.90317pt.

Overfull \hbox (2.22221pt too wide) in paragraph at lines 1646--1656
[][] [] 
 []


Underfull \hbox (badness 10000) in paragraph at lines 1642--1678

 []


LaTeX Warning: `h' float specifier changed to `ht'.


Package hyperref Warning: Token not allowed in a PDF string (Unicode):
(hyperref)                removing `math shift' on input line 1678.


Package hyperref Warning: Token not allowed in a PDF string (Unicode):
(hyperref)                removing `math shift' on input line 1678.


Package hyperref Warning: Token not allowed in a PDF string (Unicode):
(hyperref)                removing `math shift' on input line 1678.


Package hyperref Warning: Token not allowed in a PDF string (Unicode):
(hyperref)                removing `math shift' on input line 1678.

[98]
Underfull \hbox (badness 10000) in paragraph at lines 1683--1688

 []

<./img/111.png, id=2447, 648.4225pt x 433.62pt>
File: ./img/111.png Graphic file (type png)
<use ./img/111.png>
Package pdftex.def Info: ./img/111.png  used on input line 1697.
(pdftex.def)             Requested size: 291.78743pt x 195.1272pt.

LaTeX Warning: `h' float specifier changed to `ht'.


Underfull \hbox (badness 10000) in paragraph at lines 1705--1709

 []


Underfull \hbox (badness 10000) in paragraph at lines 1705--1709

 []

<./img/112.png, id=2449, 648.4225pt x 433.62pt>
File: ./img/112.png Graphic file (type png)
<use ./img/112.png>
Package pdftex.def Info: ./img/112.png  used on input line 1712.
(pdftex.def)             Requested size: 291.78743pt x 195.1272pt.

LaTeX Warning: `h' float specifier changed to `ht'.


Package hyperref Warning: Token not allowed in a PDF string (Unicode):
(hyperref)                removing `math shift' on input line 1717.


Package hyperref Warning: Token not allowed in a PDF string (Unicode):
(hyperref)                removing `subscript' on input line 1717.


Package hyperref Warning: Token not allowed in a PDF string (Unicode):
(hyperref)                removing `math shift' on input line 1717.


Underfull \hbox (badness 10000) in paragraph at lines 1718--1727

 []


Underfull \hbox (badness 10000) in paragraph at lines 1718--1727

 []


Underfull \hbox (badness 10000) in paragraph at lines 1718--1727

 []


Underfull \hbox (badness 10000) in paragraph at lines 1718--1727

 []

[99 <./img/109.png> <./img/110.png>]
<./img/113.png, id=2458, 648.4225pt x 433.62pt>
File: ./img/113.png Graphic file (type png)
<use ./img/113.png>
Package pdftex.def Info: ./img/113.png  used on input line 1730.
(pdftex.def)             Requested size: 291.78743pt x 195.1272pt.


LaTeX Warning: `h' float specifier changed to `ht'.

[100 <./img/111.png (PNG copy)> <./img/112.png (PNG copy)>]
<./img/114.png, id=2465, 648.4225pt x 433.62pt>
File: ./img/114.png Graphic file (type png)
<use ./img/114.png>
Package pdftex.def Info: ./img/114.png  used on input line 1740.
(pdftex.def)             Requested size: 291.78743pt x 195.1272pt.
)
Underfull \hbox (badness 10000) in paragraph at lines 1745--107

 []


LaTeX Warning: `h' float specifier changed to `ht'.

(./sections/mosfet.tex
Underfull \hbox (badness 10000) in paragraph at lines 5--9

 []


Underfull \hbox (badness 10000) in paragraph at lines 5--9

 []


Underfull \hbox (badness 10000) in paragraph at lines 5--9

 []

[101 <./img/113.png (PNG copy)> <./img/114.png (PNG copy)>]
<./img/115.png, id=2474, 320.19624pt x 178.6675pt>
File: ./img/115.png Graphic file (type png)
<use ./img/115.png>
Package pdftex.def Info: ./img/115.png  used on input line 20.
(pdftex.def)             Requested size: 144.08698pt x 80.39963pt.

Underfull \hbox (badness 10000) in paragraph at lines 25--27

 []

<./img/116.png, id=2476, 415.5525pt x 213.79875pt>
File: ./img/116.png Graphic file (type png)
<use ./img/116.png>
Package pdftex.def Info: ./img/116.png  used on input line 32.
(pdftex.def)             Requested size: 186.99689pt x 96.20854pt.

LaTeX Warning: `h' float specifier changed to `ht'.

<./img/117.png, id=2478, 623.32875pt x 381.425pt>
File: ./img/117.png Graphic file (type png)
<use ./img/117.png>
Package pdftex.def Info: ./img/117.png  used on input line 47.
(pdftex.def)             Requested size: 280.49535pt x 171.63965pt.

LaTeX Warning: `h' float specifier changed to `ht'.


Underfull \hbox (badness 10000) in paragraph at lines 52--61

 []


Underfull \hbox (badness 10000) in paragraph at lines 52--61

 []


Underfull \hbox (badness 10000) in paragraph at lines 52--61

 []

[102 <./img/115.png (PNG copy)>]
<./img/118.png, id=2488, 530.98375pt x 338.26375pt>
File: ./img/118.png Graphic file (type png)
<use ./img/118.png>
Package pdftex.def Info: ./img/118.png  used on input line 71.
(pdftex.def)             Requested size: 238.94048pt x 152.21727pt.


LaTeX Warning: `h' float specifier changed to `ht'.


Underfull \hbox (badness 10000) in paragraph at lines 77--87

 []


Underfull \hbox (badness 10000) in paragraph at lines 77--87

 []

[103 <./img/116.png (PNG copy)> <./img/117.png (PNG copy)>]
<./img/119.png, id=2495, 620.3175pt x 355.3275pt>
File: ./img/119.png Graphic file (type png)
<use ./img/119.png>
Package pdftex.def Info: ./img/119.png  used on input line 90.
(pdftex.def)             Requested size: 279.14029pt x 159.89589pt.
<./img/120.png, id=2497, 481.8pt x 273.02pt>
File: ./img/120.png Graphic file (type png)
<use ./img/120.png>
Package pdftex.def Info: ./img/120.png  used on input line 100.
(pdftex.def)             Requested size: 216.80798pt x 122.85786pt.


LaTeX Warning: `h' float specifier changed to `ht'.

[104 <./img/118.png (PNG copy)> <./img/119.png (PNG copy)>]
Underfull \hbox (badness 10000) in paragraph at lines 108--111

 []

<./img/121.png, id=2505, 652.4375pt x 103.38625pt>
File: ./img/121.png Graphic file (type png)
<use ./img/121.png>
Package pdftex.def Info: ./img/121.png  used on input line 114.
(pdftex.def)             Requested size: 293.59416pt x 46.52338pt.

Package hyperref Warning: Token not allowed in a PDF string (Unicode):
(hyperref)                removing `math shift' on input line 119.


Package hyperref Warning: Token not allowed in a PDF string (Unicode):
(hyperref)                removing `subscript' on input line 119.


Package hyperref Warning: Token not allowed in a PDF string (Unicode):
(hyperref)                removing `math shift' on input line 119.


Underfull \hbox (badness 10000) in paragraph at lines 124--127

 []


Package hyperref Warning: Token not allowed in a PDF string (Unicode):
(hyperref)                removing `math shift' on input line 127.


Package hyperref Warning: Token not allowed in a PDF string (Unicode):
(hyperref)                removing `subscript' on input line 127.


Package hyperref Warning: Token not allowed in a PDF string (Unicode):
(hyperref)                removing `math shift' on input line 127.


Underfull \hbox (badness 10000) in paragraph at lines 130--133

 []


Package hyperref Warning: Token not allowed in a PDF string (Unicode):
(hyperref)                removing `math shift' on input line 133.


Package hyperref Warning: Token not allowed in a PDF string (Unicode):
(hyperref)                removing `subscript' on input line 133.


Package hyperref Warning: Token not allowed in a PDF string (Unicode):
(hyperref)                removing `math shift' on input line 133.

[105 <./img/120.png (PNG copy)> <./img/121.png (PNG copy)>]

Package hyperref Warning: Token not allowed in a PDF string (Unicode):
(hyperref)                removing `math shift' on input line 147.


Package hyperref Warning: Token not allowed in a PDF string (Unicode):
(hyperref)                removing `subscript' on input line 147.


Package hyperref Warning: Token not allowed in a PDF string (Unicode):
(hyperref)                removing `math shift' on input line 147.

<./img/122.png, id=2512, 735.74875pt x 599.23875pt>
File: ./img/122.png Graphic file (type png)
<use ./img/122.png>
Package pdftex.def Info: ./img/122.png  used on input line 161.
(pdftex.def)             Requested size: 331.08388pt x 269.65494pt.

LaTeX Warning: `h' float specifier changed to `ht'.


Underfull \hbox (badness 10000) in paragraph at lines 166--168

 []

[106]

Package hyperref Warning: Token not allowed in a PDF string (Unicode):
(hyperref)                removing `math shift' on input line 185.


Package hyperref Warning: Token not allowed in a PDF string (Unicode):
(hyperref)                removing `subscript' on input line 185.


Package hyperref Warning: Token not allowed in a PDF string (Unicode):
(hyperref)                removing `math shift' on input line 185.

<./img/123.png, id=2520, 714.67pt x 179.67125pt>
File: ./img/123.png Graphic file (type png)
<use ./img/123.png>
Package pdftex.def Info: ./img/123.png  used on input line 191.
(pdftex.def)             Requested size: 321.59853pt x 80.8513pt.

LaTeX Warning: `h' float specifier changed to `ht'.

[107 <./img/122.png (PNG copy)>]
<./img/124.png, id=2527, 557.08125pt x 323.2075pt>
File: ./img/124.png Graphic file (type png)
<use ./img/124.png>
Package pdftex.def Info: ./img/124.png  used on input line 207.
(pdftex.def)             Requested size: 250.68425pt x 145.44203pt.


Package hyperref Warning: Token not allowed in a PDF string (Unicode):
(hyperref)                removing `math shift' on input line 213.


Package hyperref Warning: Token not allowed in a PDF string (Unicode):
(hyperref)                removing `subscript' on input line 213.


Package hyperref Warning: Token not allowed in a PDF string (Unicode):
(hyperref)                removing `math shift' on input line 213.


Package hyperref Warning: Token not allowed in a PDF string (Unicode):
(hyperref)                removing `math shift' on input line 220.


Package hyperref Warning: Token not allowed in a PDF string (Unicode):
(hyperref)                removing `subscript' on input line 220.


Package hyperref Warning: Token not allowed in a PDF string (Unicode):
(hyperref)                removing `math shift' on input line 220.

[108 <./img/123.png (PNG copy)> <./img/124.png (PNG copy)>]
Overfull \hbox (2.98364pt too wide) in paragraph at lines 222--224
\OT1/cmr/m/n/10 Questa con-dizione, detta \OT1/cmr/bx/n/10 con-dizione di ac-cu
-mu-lazione \OT1/cmr/m/n/10 poich^^Se ac-cu-mula i por-ta-tori mag-gior-i-tari 
all'interfaccia, 
 []


Package hyperref Warning: Token not allowed in a PDF string (Unicode):
(hyperref)                removing `math shift' on input line 224.


Package hyperref Warning: Token not allowed in a PDF string (Unicode):
(hyperref)                removing `subscript' on input line 224.


Package hyperref Warning: Token not allowed in a PDF string (Unicode):
(hyperref)                removing `math shift' on input line 224.

<./img/125.png, id=2535, 512.91624pt x 220.825pt>
File: ./img/125.png Graphic file (type png)
<use ./img/125.png>
Package pdftex.def Info: ./img/125.png  used on input line 232.
(pdftex.def)             Requested size: 230.81018pt x 99.37032pt.

Underfull \hbox (badness 10000) in paragraph at lines 241--245

 []

[109 <./img/125.png (PNG copy)>]
Underfull \hbox (badness 10000) in paragraph at lines 280--283

 []

<./img/126.png, id=2543, 575.14874pt x 348.30125pt>
File: ./img/126.png Graphic file (type png)
<use ./img/126.png>
Package pdftex.def Info: ./img/126.png  used on input line 286.
(pdftex.def)             Requested size: 258.81454pt x 156.73412pt.
[110 <./img/126.png (PNG copy)>]
Underfull \hbox (badness 10000) in paragraph at lines 295--298

 []


Underfull \hbox (badness 10000) in paragraph at lines 298--301

 []

<./img/127.png, id=2551, 1155.31625pt x 351.3125pt>
File: ./img/127.png Graphic file (type png)
<use ./img/127.png>
Package pdftex.def Info: ./img/127.png  used on input line 304.
(pdftex.def)             Requested size: 519.88751pt x 158.08916pt.

Overfull \hbox (36.19067pt too wide) in paragraph at lines 304--305
 [][] 
 []

[111 <./img/127.png (PNG copy)>]
Underfull \hbox (badness 10000) in paragraph at lines 325--331

 []


Underfull \hbox (badness 10000) in paragraph at lines 325--331

 []

<./img/128.png, id=2558, 669.50125pt x 336.25626pt>
File: ./img/128.png Graphic file (type png)
<use ./img/128.png>
Package pdftex.def Info: ./img/128.png  used on input line 337.
(pdftex.def)             Requested size: 301.27278pt x 151.3139pt.

Underfull \hbox (badness 10000) in paragraph at lines 345--348

 []


Underfull \hbox (badness 10000) in paragraph at lines 351--355

 []

[112 <./img/128.png (PNG copy)>]
Underfull \hbox (badness 10000) in paragraph at lines 383--387

 []


Overfull \hbox (1.68419pt too wide) in paragraph at lines 383--387
\OT1/cmr/m/n/10 Vogliamo ora trac-ciare l'andamendo della cor-rente di drain in
 fun-zione della ten-sione $\OML/cmm/m/it/10 V[]$ \OT1/cmr/m/n/10 us-ando come 
parametro
 []


Underfull \hbox (badness 10000) in paragraph at lines 383--387

 []

[113]
Underfull \hbox (badness 10000) in paragraph at lines 391--398

 []


Underfull \hbox (badness 10000) in paragraph at lines 391--398

 []


Underfull \hbox (badness 10000) in paragraph at lines 391--398

 []

<./img/129.png, id=2571, 643.40375pt x 371.3875pt>
File: ./img/129.png Graphic file (type png)
<use ./img/129.png>
Package pdftex.def Info: ./img/129.png  used on input line 401.
(pdftex.def)             Requested size: 289.529pt x 167.12282pt.

Underfull \hbox (badness 10000) in paragraph at lines 409--414

 []

[114 <./img/129.png (PNG copy)>]
Underfull \hbox (badness 10000) in paragraph at lines 414--417

 []

<./img/130.png, id=2578, 410.53375pt x 533.995pt>
File: ./img/130.png Graphic file (type png)
<use ./img/130.png>
Package pdftex.def Info: ./img/130.png  used on input line 420.
(pdftex.def)             Requested size: 184.73848pt x 240.29553pt.

Underfull \hbox (badness 10000) in paragraph at lines 429--433

 []


Underfull \hbox (badness 10000) in paragraph at lines 429--433

 []


Underfull \hbox (badness 10000) in paragraph at lines 429--433

 []

[115 <./img/130.png (PNG copy)>]
Underfull \hbox (badness 10000) in paragraph at lines 448--453

 []

<./img/131.png, id=2588, 401.5pt x 258.9675pt>
File: ./img/131.png Graphic file (type png)
<use ./img/131.png>
Package pdftex.def Info: ./img/131.png  used on input line 456.
(pdftex.def)             Requested size: 180.67332pt x 116.53429pt.

Underfull \hbox (badness 10000) in paragraph at lines 469--472

 []

[116 <./img/131.png (PNG copy)>]
Underfull \hbox (badness 10000) in paragraph at lines 474--477

 []

<./img/132.png, id=2598, 467.7475pt x 217.81375pt>
File: ./img/132.png Graphic file (type png)
<use ./img/132.png>
Package pdftex.def Info: ./img/132.png  used on input line 480.
(pdftex.def)             Requested size: 210.48442pt x 98.01527pt.
<./img/133.png, id=2600, 805.0075pt x 334.24875pt>
File: ./img/133.png Graphic file (type png)
<use ./img/133.png>
Package pdftex.def Info: ./img/133.png  used on input line 491.
(pdftex.def)             Requested size: 362.25003pt x 150.41054pt.
<./img/134.png, id=2602, 361.35pt x 334.24875pt>
File: ./img/134.png Graphic file (type png)
<use ./img/134.png>
Package pdftex.def Info: ./img/134.png  used on input line 503.
(pdftex.def)             Requested size: 162.60599pt x 150.41054pt.

LaTeX Warning: `h' float specifier changed to `ht'.

[117 <./img/132.png (PNG copy)> <./img/133.png (PNG copy)>] [118 <./img/134.png
 (PNG copy)>]
<./img/135.png, id=2615, 565.11125pt x 329.23pt>
File: ./img/135.png Graphic file (type png)
<use ./img/135.png>
Package pdftex.def Info: ./img/135.png  used on input line 541.
(pdftex.def)             Requested size: 254.2977pt x 148.15211pt.
<./img/136.png, id=2617, 569.12625pt x 273.02pt>
File: ./img/136.png Graphic file (type png)
<use ./img/136.png>
Package pdftex.def Info: ./img/136.png  used on input line 551.
(pdftex.def)             Requested size: 256.10445pt x 122.85786pt.

Underfull \hbox (badness 10000) in paragraph at lines 559--562

 []

[119 <./img/135.png (PNG copy)> <./img/136.png (PNG copy)>]
<./img/137.png, id=2626, 467.7475pt x 217.81375pt>
File: ./img/137.png Graphic file (type png)
<use ./img/137.png>
Package pdftex.def Info: ./img/137.png  used on input line 567.
(pdftex.def)             Requested size: 210.48442pt x 98.01527pt.

Underfull \hbox (badness 10000) in paragraph at lines 572--575

 []


Underfull \hbox (badness 10000) in paragraph at lines 575--583

 []

<./img/138.png, id=2628, 281.05pt x 147.55125pt>
File: ./img/138.png Graphic file (type png)
<use ./img/138.png>
Package pdftex.def Info: ./img/138.png  used on input line 590.
(pdftex.def)             Requested size: 126.47131pt x 66.39743pt.

Underfull \hbox (badness 10000) in paragraph at lines 596--600

 []

[120 <./img/137.png (PNG copy)> <./img/138.png (PNG copy)>]
Underfull \hbox (badness 10000) in paragraph at lines 601--611

 []


Underfull \hbox (badness 10000) in paragraph at lines 601--611

 []


Underfull \hbox (badness 10000) in paragraph at lines 601--611

 []


Underfull \hbox (badness 10000) in paragraph at lines 601--611

 []


Underfull \hbox (badness 10000) in paragraph at lines 601--611

 []

<./img/139.png, id=2636, 761.84625pt x 337.26pt>
File: ./img/139.png Graphic file (type png)
<use ./img/139.png>
Package pdftex.def Info: ./img/139.png  used on input line 615.
(pdftex.def)             Requested size: 342.82764pt x 151.7656pt.

Underfull \hbox (badness 10000) in paragraph at lines 623--627

 []


Underfull \hbox (badness 10000) in paragraph at lines 623--627

 []

[121 <./img/139.png (PNG copy)>]
<./img/140.png, id=2643, 467.7475pt x 217.81375pt>
File: ./img/140.png Graphic file (type png)
<use ./img/140.png>
Package pdftex.def Info: ./img/140.png  used on input line 632.
(pdftex.def)             Requested size: 210.48442pt x 98.01527pt.

Underfull \hbox (badness 10000) in paragraph at lines 637--639

 []

<./img/141.png, id=2645, 467.7475pt x 217.81375pt>
File: ./img/141.png Graphic file (type png)
<use ./img/141.png>
Package pdftex.def Info: ./img/141.png  used on input line 642.
(pdftex.def)             Requested size: 210.48442pt x 98.01527pt.
<./img/142.png, id=2647, 359.3425pt x 396.48125pt>
File: ./img/142.png Graphic file (type png)
<use ./img/142.png>
Package pdftex.def Info: ./img/142.png  used on input line 653.
(pdftex.def)             Requested size: 161.70262pt x 178.4149pt.

LaTeX Warning: `h' float specifier changed to `ht'.


Underfull \hbox (badness 10000) in paragraph at lines 661--665

 []

[122 <./img/140.png (PNG copy)> <./img/141.png (PNG copy)>]
Underfull \hbox (badness 10000) in paragraph at lines 667--671

 []

<./img/143.png, id=2656, 885.3075pt x 206.7725pt>
File: ./img/143.png Graphic file (type png)
<use ./img/143.png>
Package pdftex.def Info: ./img/143.png  used on input line 674.
(pdftex.def)             Requested size: 398.38469pt x 93.04675pt.
<./img/144.png, id=2658, 407.5225pt x 244.915pt>
File: ./img/144.png Graphic file (type png)
<use ./img/144.png>
Package pdftex.def Info: ./img/144.png  used on input line 684.
(pdftex.def)             Requested size: 183.38342pt x 110.21072pt.
[123 <./img/142.png (PNG copy)> <./img/143.png (PNG copy)> <./img/144.png (PNG 
copy)>]
Underfull \hbox (badness 10000) in paragraph at lines 693--696

 []

<./img/145.png, id=2666, 241.90375pt x 332.24126pt>
File: ./img/145.png Graphic file (type png)
<use ./img/145.png>
Package pdftex.def Info: ./img/145.png  used on input line 699.
(pdftex.def)             Requested size: 108.85567pt x 149.50717pt.
[124 <./img/145.png (PNG copy)>]
Underfull \hbox (badness 10000) in paragraph at lines 746--752

 []

[125]
<./img/146.png, id=2680, 318.18875pt x 420.57124pt>
File: ./img/146.png Graphic file (type png)
<use ./img/146.png>
Package pdftex.def Info: ./img/146.png  used on input line 759.
(pdftex.def)             Requested size: 143.18361pt x 189.25531pt.

Underfull \hbox (badness 10000) in paragraph at lines 774--777

 []

<./img/147.png, id=2682, 231.86626pt x 262.9825pt>
File: ./img/147.png Graphic file (type png)
<use ./img/147.png>
Package pdftex.def Info: ./img/147.png  used on input line 780.
(pdftex.def)             Requested size: 104.33884pt x 118.34102pt.

LaTeX Warning: `h' float specifier changed to `ht'.


Package hyperref Warning: Token not allowed in a PDF string (Unicode):
(hyperref)                removing `math shift' on input line 789.


Package hyperref Warning: Token not allowed in a PDF string (Unicode):
(hyperref)                removing `math shift' on input line 789.

[126 <./img/146.png (PNG copy)>]

Package hyperref Warning: Token not allowed in a PDF string (Unicode):
(hyperref)                removing `math shift' on input line 802.


Package hyperref Warning: Token not allowed in a PDF string (Unicode):
(hyperref)                removing `math shift' on input line 802.


Underfull \hbox (badness 10000) in paragraph at lines 814--819

 []


Underfull \hbox (badness 10000) in paragraph at lines 814--819

 []

[127 <./img/147.png (PNG copy)>]
<./img/148.png, id=2695, 528.97626pt x 280.04625pt>
File: ./img/148.png Graphic file (type png)
<use ./img/148.png>
Package pdftex.def Info: ./img/148.png  used on input line 822.
(pdftex.def)             Requested size: 238.03711pt x 126.01964pt.

Underfull \hbox (badness 10000) in paragraph at lines 828--832

 []

<./img/149.png, id=2696, 817.0525pt x 265.99374pt>
File: ./img/149.png Graphic file (type png)
<use ./img/149.png>
Package pdftex.def Info: ./img/149.png  used on input line 835.
(pdftex.def)             Requested size: 367.67023pt x 119.69608pt.
[128 <./img/148.png (PNG copy)> <./img/149.png (PNG copy)>]
Underfull \hbox (badness 10000) in paragraph at lines 845--877

 []


Underfull \hbox (badness 10000) in paragraph at lines 845--877

 []

<./img/150.png, id=2705, 382.42876pt x 137.51375pt>
File: ./img/150.png Graphic file (type png)
<use ./img/150.png>
Package pdftex.def Info: ./img/150.png  used on input line 891.
(pdftex.def)             Requested size: 217.6621pt x 78.26614pt.
<./img/151.png, id=2706, 522.95375pt x 423.5825pt>
File: ./img/151.png Graphic file (type png)
<use ./img/151.png>
Package pdftex.def Info: ./img/151.png  used on input line 896.
(pdftex.def)             Requested size: 217.6621pt x 176.30699pt.

Overfull \hbox (2.22221pt too wide) in paragraph at lines 890--900
[][] [] 
 []


LaTeX Warning: `h' float specifier changed to `ht'.


Underfull \hbox (badness 10000) in paragraph at lines 905--908

 []


Underfull \hbox (badness 10000) in paragraph at lines 908--910

 []


Underfull \hbox (badness 10000) in paragraph at lines 908--910

 []

[129] [130 <./img/150.png (PNG copy)> <./img/151.png>]
<./img/152.png, id=2720, 530.98375pt x 277.035pt>
File: ./img/152.png Graphic file (type png)
<use ./img/152.png>
Package pdftex.def Info: ./img/152.png  used on input line 945.
(pdftex.def)             Requested size: 238.94048pt x 124.6646pt.

Underfull \hbox (badness 10000) in paragraph at lines 951--957

 []


Underfull \hbox (badness 10000) in paragraph at lines 951--957

 []


Underfull \hbox (badness 10000) in paragraph at lines 951--957

 []

<./img/153.png, id=2722, 482.80376pt x 194.7275pt>
File: ./img/153.png Graphic file (type png)
<use ./img/153.png>
Package pdftex.def Info: ./img/153.png  used on input line 961.
(pdftex.def)             Requested size: 217.25967pt x 87.62656pt.

Underfull \hbox (badness 10000) in paragraph at lines 967--972

 []


Underfull \hbox (badness 10000) in paragraph at lines 967--972

 []

[131 <./img/152.png (PNG copy)> <./img/153.png (PNG copy)>]
<./img/154.png, id=2730, 278.03876pt x 263.98625pt>
File: ./img/154.png Graphic file (type png)
<use ./img/154.png>
Package pdftex.def Info: ./img/154.png  used on input line 978.
(pdftex.def)             Requested size: 125.11627pt x 118.79271pt.

Underfull \hbox (badness 10000) in paragraph at lines 1000--1003

 []

[132 <./img/154.png (PNG copy)>]
<./img/155.png, id=2738, 593.21625pt x 261.97874pt>
File: ./img/155.png Graphic file (type png)
<use ./img/155.png>
Package pdftex.def Info: ./img/155.png  used on input line 1019.
(pdftex.def)             Requested size: 266.94484pt x 117.88934pt.

Underfull \hbox (badness 10000) in paragraph at lines 1025--1031

 []


Underfull \hbox (badness 10000) in paragraph at lines 1025--1031

 []


Underfull \hbox (badness 10000) in paragraph at lines 1025--1031

 []


Underfull \hbox (badness 10000) in paragraph at lines 1025--1031

 []

<./img/156.png, id=2740, 361.35pt x 334.24875pt>
File: ./img/156.png Graphic file (type png)
<use ./img/156.png>
Package pdftex.def Info: ./img/156.png  used on input line 1036.
(pdftex.def)             Requested size: 162.60599pt x 150.41054pt.

LaTeX Warning: `h' float specifier changed to `ht'.

[133 <./img/155.png (PNG copy)>] [134 <./img/156.png (PNG copy)>]
<./img/157.png, id=2752, 383.4325pt x 238.8925pt>
File: ./img/157.png Graphic file (type png)
<use ./img/157.png>
Package pdftex.def Info: ./img/157.png  used on input line 1071.
(pdftex.def)             Requested size: 172.54303pt x 107.50063pt.

Underfull \hbox (badness 10000) in paragraph at lines 1076--1082

 []


Underfull \hbox (badness 10000) in paragraph at lines 1076--1082

 []


Underfull \hbox (badness 10000) in paragraph at lines 1076--1082

 []


Underfull \hbox (badness 10000) in paragraph at lines 1076--1082

 []

<./img/158.png, id=2754, 278.03876pt x 263.98625pt>
File: ./img/158.png Graphic file (type png)
<use ./img/158.png>
Package pdftex.def Info: ./img/158.png  used on input line 1089.
(pdftex.def)             Requested size: 125.11627pt x 118.79271pt.
[135 <./img/157.png (PNG copy)> <./img/158.png (PNG copy)>]

Package hyperref Warning: Token not allowed in a PDF string (Unicode):
(hyperref)                removing `math shift' on input line 1112.


Package hyperref Warning: Token not allowed in a PDF string (Unicode):
(hyperref)                removing `subscript' on input line 1112.


Package hyperref Warning: Token not allowed in a PDF string (Unicode):
(hyperref)                removing `subscript' on input line 1112.


Package hyperref Warning: Token not allowed in a PDF string (Unicode):
(hyperref)                removing `math shift' on input line 1112.


Underfull \hbox (badness 10000) in paragraph at lines 1116--1119

 []


Underfull \hbox (badness 10000) in paragraph at lines 1119--1122

 []


Package hyperref Warning: Token not allowed in a PDF string (Unicode):
(hyperref)                removing `math shift' on input line 1122.


Package hyperref Warning: Token not allowed in a PDF string (Unicode):
(hyperref)                removing `subscript' on input line 1122.


Package hyperref Warning: Token not allowed in a PDF string (Unicode):
(hyperref)                removing `subscript' on input line 1122.


Package hyperref Warning: Token not allowed in a PDF string (Unicode):
(hyperref)                removing `\left' on input line 1122.


Package hyperref Warning: Token not allowed in a PDF string (Unicode):
(hyperref)                removing `subscript' on input line 1122.


Package hyperref Warning: Token not allowed in a PDF string (Unicode):
(hyperref)                removing `\right' on input line 1122.


Package hyperref Warning: Token not allowed in a PDF string (Unicode):
(hyperref)                removing `math shift' on input line 1122.


Underfull \hbox (badness 10000) in paragraph at lines 1127--1130

 []

[136]
Underfull \hbox (badness 10000) in paragraph at lines 1139--1144

 []


Underfull \hbox (badness 10000) in paragraph at lines 1139--1144

 []

<./img/159.png, id=2767, 819.06pt x 239.89626pt>
File: ./img/159.png Graphic file (type png)
<use ./img/159.png>
Package pdftex.def Info: ./img/159.png  used on input line 1149.
(pdftex.def)             Requested size: 368.5736pt x 107.9523pt.

Underfull \hbox (badness 10000) in paragraph at lines 1154--1160

 []


Underfull \hbox (badness 10000) in paragraph at lines 1161--1164

 []


Underfull \hbox (badness 10000) in paragraph at lines 1161--1164

 []

<./img/160.png, id=2769, 278.03876pt x 263.98625pt>
File: ./img/160.png Graphic file (type png)
<use ./img/160.png>
Package pdftex.def Info: ./img/160.png  used on input line 1167.
(pdftex.def)             Requested size: 125.11627pt x 118.79271pt.

LaTeX Warning: `h' float specifier changed to `ht'.


Underfull \hbox (badness 10000) in paragraph at lines 1173--1176

 []

[137 <./img/159.png (PNG copy)>]
Underfull \hbox (badness 10000) in paragraph at lines 1176--1179

 []


Underfull \hbox (badness 10000) in paragraph at lines 1183--1187

 []

[138 <./img/160.png (PNG copy)>]

Package hyperref Warning: Token not allowed in a PDF string (Unicode):
(hyperref)                removing `math shift' on input line 1201.


Package hyperref Warning: Token not allowed in a PDF string (Unicode):
(hyperref)                removing `math shift' on input line 1201.


Underfull \hbox (badness 10000) in paragraph at lines 1202--1204

 []

<./img/161.png, id=2784, 303.1325pt x 305.14pt>
File: ./img/161.png Graphic file (type png)
<use ./img/161.png>
Package pdftex.def Info: ./img/161.png  used on input line 1207.
(pdftex.def)             Requested size: 136.40836pt x 137.31172pt.

Underfull \hbox (badness 10000) in paragraph at lines 1228--1230

 []


Underfull \hbox (badness 10000) in paragraph at lines 1230--1236

 []

<./img/162.png, id=2787, 312.16624pt x 324.21124pt>
File: ./img/162.png Graphic file (type png)
<use ./img/162.png>
Package pdftex.def Info: ./img/162.png  used on input line 1239.
(pdftex.def)             Requested size: 140.47351pt x 145.8937pt.

LaTeX Warning: `h' float specifier changed to `ht'.

[139 <./img/161.png (PNG copy)>]
<./img/163.png, id=2797, 309.155pt x 324.21124pt>
File: ./img/163.png Graphic file (type png)
<use ./img/163.png>
Package pdftex.def Info: ./img/163.png  used on input line 1269.
(pdftex.def)             Requested size: 139.11845pt x 145.8937pt.

Underfull \hbox (badness 10000) in paragraph at lines 1276--1279

 []

[140 <./img/162.png (PNG copy)> <./img/163.png (PNG copy)>]
<./img/164.png, id=2804, 560.0925pt x 176.66pt>
File: ./img/164.png Graphic file (type png)
<use ./img/164.png>
Package pdftex.def Info: ./img/164.png  used on input line 1284.
(pdftex.def)             Requested size: 252.03929pt x 79.49626pt.
<./img/165.png, id=2806, 414.54875pt x 358.33875pt>
File: ./img/165.png Graphic file (type png)
<use ./img/165.png>
Package pdftex.def Info: ./img/165.png  used on input line 1296.
(pdftex.def)             Requested size: 186.54521pt x 161.25095pt.

Underfull \hbox (badness 10000) in paragraph at lines 1303--1311

 []


Underfull \hbox (badness 10000) in paragraph at lines 1303--1311

 []


Underfull \hbox (badness 10000) in paragraph at lines 1303--1311

 []

[141 <./img/164.png (PNG copy)> <./img/165.png (PNG copy)>]
Underfull \hbox (badness 10000) in paragraph at lines 1316--1321

 []


Underfull \hbox (badness 10000) in paragraph at lines 1316--1321

 []

<./img/166.png, id=2814, 311.1625pt x 257.96375pt>
File: ./img/166.png Graphic file (type png)
<use ./img/166.png>
Package pdftex.def Info: ./img/166.png  used on input line 1332.
(pdftex.def)             Requested size: 140.02182pt x 116.0826pt.

Underfull \hbox (badness 10000) in paragraph at lines 1337--1341

 []

<./img/167.png, id=2815, 1155.31625pt x 351.3125pt>
File: ./img/167.png Graphic file (type png)
<use ./img/167.png>
Package pdftex.def Info: ./img/167.png  used on input line 1344.
(pdftex.def)             Requested size: 519.88751pt x 158.08916pt.

Overfull \hbox (36.19067pt too wide) in paragraph at lines 1344--1345
 [][] 
 []


LaTeX Warning: `h' float specifier changed to `ht'.

<./img/168.png, id=2820, 828.09375pt x 188.705pt>
File: ./img/168.png Graphic file (type png)
<use ./img/168.png>
Package pdftex.def Info: ./img/168.png  used on input line 1355.
(pdftex.def)             Requested size: 217.6621pt x 49.60059pt.
<./img/169.png, id=2821, 335.2525pt x 191.71625pt>
File: ./img/169.png Graphic file (type png)
<use ./img/169.png>
Package pdftex.def Info: ./img/169.png  used on input line 1360.
(pdftex.def)             Requested size: 217.6621pt x 124.47073pt.

Overfull \hbox (2.22221pt too wide) in paragraph at lines 1354--1364
[][] [] 
 []


Underfull \hbox (badness 10000) in paragraph at lines 1349--1370

 []

[142 <./img/166.png (PNG copy)>]
<./img/170.png, id=2829, 355.3275pt x 296.10625pt>
File: ./img/170.png Graphic file (type png)
<use ./img/170.png>
Package pdftex.def Info: ./img/170.png  used on input line 1392.
(pdftex.def)             Requested size: 159.89589pt x 133.24657pt.


LaTeX Warning: `h' float specifier changed to `ht'.

[143 <./img/167.png (PNG copy)> <./img/168.png (PNG copy)> <./img/169.png (PNG 
copy)>]
Underfull \hbox (badness 10000) in paragraph at lines 1402--1405

 []

<./img/171.png, id=2839, 447.6725pt x 241.90375pt>
File: ./img/171.png Graphic file (type png)
<use ./img/171.png>
Package pdftex.def Info: ./img/171.png  used on input line 1415.
(pdftex.def)             Requested size: 201.45076pt x 108.85567pt.

Package hyperref Warning: Token not allowed in a PDF string (Unicode):
(hyperref)                removing `math shift' on input line 1420.


Package hyperref Warning: Token not allowed in a PDF string (Unicode):
(hyperref)                removing `subscript' on input line 1420.


Package hyperref Warning: Token not allowed in a PDF string (Unicode):
(hyperref)                removing `subscript' on input line 1420.


Package hyperref Warning: Token not allowed in a PDF string (Unicode):
(hyperref)                removing `subscript' on input line 1420.


Package hyperref Warning: Token not allowed in a PDF string (Unicode):
(hyperref)                removing `subscript' on input line 1420.


Package hyperref Warning: Token not allowed in a PDF string (Unicode):
(hyperref)                removing `math shift' on input line 1420.

[144 <./img/170.png (PNG copy)> <./img/171.png (PNG copy)>]

Package hyperref Warning: Token not allowed in a PDF string (Unicode):
(hyperref)                removing `math shift' on input line 1434.


Package hyperref Warning: Token not allowed in a PDF string (Unicode):
(hyperref)                removing `subscript' on input line 1434.


Package hyperref Warning: Token not allowed in a PDF string (Unicode):
(hyperref)                removing `subscript' on input line 1434.


Package hyperref Warning: Token not allowed in a PDF string (Unicode):
(hyperref)                removing `subscript' on input line 1434.


Package hyperref Warning: Token not allowed in a PDF string (Unicode):
(hyperref)                removing `\begingroup' on input line 1434.


Package hyperref Warning: Token not allowed in a PDF string (Unicode):
(hyperref)                removing `subscript' on input line 1434.


Package hyperref Warning: Token not allowed in a PDF string (Unicode):
(hyperref)                removing `\endgroup' on input line 1434.


Package hyperref Warning: Token not allowed in a PDF string (Unicode):
(hyperref)                removing `\@@over' on input line 1434.


Package hyperref Warning: Token not allowed in a PDF string (Unicode):
(hyperref)                removing `math shift' on input line 1434.

[145]
Underfull \hbox (badness 10000) in paragraph at lines 1462--1465

 []


Underfull \hbox (badness 10000) in paragraph at lines 1469--1476

 []


Underfull \hbox (badness 10000) in paragraph at lines 1469--1476

 []


Underfull \hbox (badness 10000) in paragraph at lines 1469--1476

 []


Package hyperref Warning: Token not allowed in a PDF string (Unicode):
(hyperref)                removing `math shift' on input line 1479.


Package hyperref Warning: Token not allowed in a PDF string (Unicode):
(hyperref)                removing `subscript' on input line 1479.


Package hyperref Warning: Token not allowed in a PDF string (Unicode):
(hyperref)                removing `math shift' on input line 1479.


Underfull \hbox (badness 10000) in paragraph at lines 1482--1490

 []


Underfull \hbox (badness 10000) in paragraph at lines 1482--1490

 []


Underfull \hbox (badness 10000) in paragraph at lines 1482--1490

 []


Underfull \hbox (badness 10000) in paragraph at lines 1482--1490

 []

[146]
<./img/172.png, id=2855, 459.7175pt x 174.6525pt>
File: ./img/172.png Graphic file (type png)
<use ./img/172.png>
Package pdftex.def Info: ./img/172.png  used on input line 1493.
(pdftex.def)             Requested size: 206.87096pt x 78.5929pt.
<./img/173.png, id=2857, 652.4375pt x 137.51375pt>
File: ./img/173.png Graphic file (type png)
<use ./img/173.png>
Package pdftex.def Info: ./img/173.png  used on input line 1510.
(pdftex.def)             Requested size: 293.59416pt x 61.88062pt.


LaTeX Warning: `h' float specifier changed to `ht'.

[147 <./img/172.png (PNG copy)>]
<./img/174.png, id=2865, 430.60875pt x 225.84375pt>
File: ./img/174.png Graphic file (type png)
<use ./img/174.png>
Package pdftex.def Info: ./img/174.png  used on input line 1539.
(pdftex.def)             Requested size: 193.77214pt x 101.62874pt.
 [148 <./img/173.png (PNG copy)> <./img/174.png (PNG copy)>]
<./img/175.png, id=2872, 437.635pt x 286.06876pt>
File: ./img/175.png Graphic file (type png)
<use ./img/175.png>
Package pdftex.def Info: ./img/175.png  used on input line 1552.
(pdftex.def)             Requested size: 196.93393pt x 128.72974pt.


Package hyperref Warning: Token not allowed in a PDF string (Unicode):
(hyperref)                removing `math shift' on input line 1562.


Package hyperref Warning: Token not allowed in a PDF string (Unicode):
(hyperref)                removing `math shift' on input line 1562.

<./img/176.png, id=2874, 1080.035pt x 155.58125pt>
File: ./img/176.png Graphic file (type png)
<use ./img/176.png>
Package pdftex.def Info: ./img/176.png  used on input line 1569.
(pdftex.def)             Requested size: 486.01126pt x 70.01091pt.

Overfull \hbox (2.31442pt too wide) in paragraph at lines 1569--1570
 [][] 
 []

[149 <./img/175.png (PNG copy)> <./img/176.png (PNG copy)>]
Underfull \hbox (badness 10000) in paragraph at lines 1601--1604

 []

<./img/177.png, id=2882, 233.87375pt x 232.87pt>
File: ./img/177.png Graphic file (type png)
<use ./img/177.png>
Package pdftex.def Info: ./img/177.png  used on input line 1609.
(pdftex.def)             Requested size: 105.2422pt x 104.79051pt.

LaTeX Warning: `h' float specifier changed to `ht'.


Underfull \hbox (badness 10000) in paragraph at lines 1615--1618

 []

<./img/178.png, id=2884, 821.0675pt x 272.01625pt>
File: ./img/178.png Graphic file (type png)
<use ./img/178.png>
Package pdftex.def Info: ./img/178.png  used on input line 1621.
(pdftex.def)             Requested size: 369.47696pt x 122.40617pt.

LaTeX Warning: `h' float specifier changed to `ht'.


Underfull \hbox (badness 10000) in paragraph at lines 1629--1634

 []


Underfull \hbox (badness 10000) in paragraph at lines 1629--1634

 []

[150]
Underfull \hbox (badness 10000) in paragraph at lines 1636--1640

 []


Underfull \hbox (badness 10000) in paragraph at lines 1636--1640

 []


Underfull \hbox (badness 10000) in paragraph at lines 1636--1640

 []

<./img/179.png, id=2892, 1927.2pt x 1084.05pt>
File: ./img/179.png Graphic file (type png)
<use ./img/179.png>
Package pdftex.def Info: ./img/179.png  used on input line 1643.
(pdftex.def)             Requested size: 385.43318pt x 216.80615pt.

LaTeX Warning: `h' float specifier changed to `ht'.

[151 <./img/177.png (PNG copy)> <./img/178.png (PNG copy)>]
Underfull \hbox (badness 10000) in paragraph at lines 1649--1657

 []


Underfull \hbox (badness 10000) in paragraph at lines 1649--1657

 []


Underfull \hbox (badness 10000) in paragraph at lines 1649--1657

 []


Underfull \hbox (badness 10000) in paragraph at lines 1661--1667

 []

[152 <./img/179.png>]

Package hyperref Warning: Token not allowed in a PDF string (Unicode):
(hyperref)                removing `math shift' on input line 1685.


Package hyperref Warning: Token not allowed in a PDF string (Unicode):
(hyperref)                removing `\langle' on input line 1685.


Package hyperref Warning: Token not allowed in a PDF string (Unicode):
(hyperref)                removing `subscript' on input line 1685.


Package hyperref Warning: Token not allowed in a PDF string (Unicode):
(hyperref)                removing `\rangle' on input line 1685.


Package hyperref Warning: Token not allowed in a PDF string (Unicode):
(hyperref)                removing `math shift' on input line 1685.


Overfull \hbox (9.47797pt too wide) detected at line 1689
\U/matha/m/n/10 x\OML/cmm/m/it/10 P[]\U/matha/m/n/10 y ^^P [] ^^D [] ^^@ [] ^^D
 []
 []

<./img/180.png, id=2906, 562.1pt x 528.97626pt>
File: ./img/180.png Graphic file (type png)
<use ./img/180.png>
Package pdftex.def Info: ./img/180.png  used on input line 1693.
(pdftex.def)             Requested size: 252.94266pt x 238.03711pt.
[153 <./img/180.png (PNG copy)>]
<./img/181.png, id=2913, 198.7425pt x 151.56625pt>
File: ./img/181.png Graphic file (type png)
<use ./img/181.png>
Package pdftex.def Info: ./img/181.png  used on input line 1719.
(pdftex.def)             Requested size: 89.43329pt x 68.20418pt.
<./img/182.png, id=2915, 660.4675pt x 469.755pt>
File: ./img/182.png Graphic file (type png)
<use ./img/182.png>
Package pdftex.def Info: ./img/182.png  used on input line 1729.
(pdftex.def)             Requested size: 297.20763pt x 211.3878pt.


LaTeX Warning: `h' float specifier changed to `ht'.


Underfull \hbox (badness 10000) in paragraph at lines 1734--1736

 []

[154 <./img/181.png (PNG copy)>]

Package hyperref Warning: Token not allowed in a PDF string (Unicode):
(hyperref)                removing `math shift' on input line 1743.


Package hyperref Warning: Token not allowed in a PDF string (Unicode):
(hyperref)                removing `math shift' on input line 1743.

[155 <./img/182.png (PNG copy)>]

Package hyperref Warning: Token not allowed in a PDF string (Unicode):
(hyperref)                removing `math shift' on input line 1752.


Package hyperref Warning: Token not allowed in a PDF string (Unicode):
(hyperref)                removing `math shift' on input line 1752.


Underfull \hbox (badness 10000) in paragraph at lines 1761--1764

 []


Underfull \hbox (badness 10000) in paragraph at lines 1761--1764

 []


Underfull \hbox (badness 10000) in paragraph at lines 1765--1775

 []


Underfull \hbox (badness 10000) in paragraph at lines 1765--1775

 []


Underfull \hbox (badness 10000) in paragraph at lines 1765--1775

 []


Underfull \hbox (badness 10000) in paragraph at lines 1765--1775

 []


Underfull \hbox (badness 10000) in paragraph at lines 1765--1775

 []


Underfull \hbox (badness 10000) in paragraph at lines 1765--1775

 []

[156]
Underfull \hbox (badness 10000) in paragraph at lines 1778--1785

 []


Underfull \hbox (badness 10000) in paragraph at lines 1778--1785

 []

<./img/183.png, id=2933, 604.2575pt x 260.975pt>
File: ./img/183.png Graphic file (type png)
<use ./img/183.png>
Package pdftex.def Info: ./img/183.png  used on input line 1788.
(pdftex.def)             Requested size: 271.91336pt x 117.43767pt.

Underfull \hbox (badness 10000) in paragraph at lines 1793--1795

 []

<./img/184.png, id=2935, 483.8075pt x 473.77pt>
File: ./img/184.png Graphic file (type png)
<use ./img/184.png>
Package pdftex.def Info: ./img/184.png  used on input line 1801.
(pdftex.def)             Requested size: 217.71136pt x 213.19452pt.

LaTeX Warning: `h' float specifier changed to `ht'.


Underfull \hbox (badness 10000) in paragraph at lines 1806--1810

 []

<./img/185.png, id=2937, 932.48375pt x 196.735pt>
File: ./img/185.png Graphic file (type png)
<use ./img/185.png>
Package pdftex.def Info: ./img/185.png  used on input line 1813.
(pdftex.def)             Requested size: 419.61382pt x 88.52992pt.

LaTeX Warning: `h' float specifier changed to `ht'.

[157 <./img/183.png (PNG copy)>]
<./img/186.png, id=2945, 379.4175pt x 149.55875pt>
File: ./img/186.png Graphic file (type png)
<use ./img/186.png>
Package pdftex.def Info: ./img/186.png  used on input line 1823.
(pdftex.def)             Requested size: 170.73628pt x 67.30081pt.


Package hyperref Warning: Token not allowed in a PDF string (Unicode):
(hyperref)                removing `math shift' on input line 1839.


Package hyperref Warning: Token not allowed in a PDF string (Unicode):
(hyperref)                removing `math shift' on input line 1839.

[158 <./img/184.png (PNG copy)> <./img/185.png (PNG copy)> <./img/186.png (PNG 
copy)>]

Package hyperref Warning: Token not allowed in a PDF string (Unicode):
(hyperref)                removing `math shift' on input line 1845.


Package hyperref Warning: Token not allowed in a PDF string (Unicode):
(hyperref)                removing `subscript' on input line 1845.


Package hyperref Warning: Token not allowed in a PDF string (Unicode):
(hyperref)                removing `math shift' on input line 1845.


Package hyperref Warning: Token not allowed in a PDF string (Unicode):
(hyperref)                removing `math shift' on input line 1845.


Package hyperref Warning: Token not allowed in a PDF string (Unicode):
(hyperref)                removing `math shift' on input line 1845.


Package hyperref Warning: Token not allowed in a PDF string (Unicode):
(hyperref)                removing `math shift' on input line 1845.


Package hyperref Warning: Token not allowed in a PDF string (Unicode):
(hyperref)                removing `math shift' on input line 1845.

<./img/187.png, id=2958, 379.4175pt x 149.55875pt>
File: ./img/187.png Graphic file (type png)
<use ./img/187.png>
Package pdftex.def Info: ./img/187.png  used on input line 1853.
(pdftex.def)             Requested size: 170.73628pt x 67.30081pt.

Package hyperref Warning: Token not allowed in a PDF string (Unicode):
(hyperref)                removing `math shift' on input line 1858.


Package hyperref Warning: Token not allowed in a PDF string (Unicode):
(hyperref)                removing `subscript' on input line 1858.


Package hyperref Warning: Token not allowed in a PDF string (Unicode):
(hyperref)                removing `math shift' on input line 1858.


Package hyperref Warning: Token not allowed in a PDF string (Unicode):
(hyperref)                removing `math shift' on input line 1858.


Package hyperref Warning: Token not allowed in a PDF string (Unicode):
(hyperref)                removing `math shift' on input line 1858.


Package hyperref Warning: Token not allowed in a PDF string (Unicode):
(hyperref)                removing `math shift' on input line 1858.


Package hyperref Warning: Token not allowed in a PDF string (Unicode):
(hyperref)                removing `math shift' on input line 1858.

<./img/188.png, id=2959, 379.4175pt x 149.55875pt>
File: ./img/188.png Graphic file (type png)
<use ./img/188.png>
Package pdftex.def Info: ./img/188.png  used on input line 1865.
(pdftex.def)             Requested size: 170.73628pt x 67.30081pt.
<./img/189.png, id=2961, 363.3575pt x 222.8325pt>
File: ./img/189.png Graphic file (type png)
<use ./img/189.png>
Package pdftex.def Info: ./img/189.png  used on input line 1878.
(pdftex.def)             Requested size: 163.50935pt x 100.2737pt.

LaTeX Warning: `h' float specifier changed to `ht'.


Underfull \hbox (badness 10000) in paragraph at lines 1883--1887

 []


Underfull \hbox (badness 10000) in paragraph at lines 1883--1887

 []

[159 <./img/187.png (PNG copy)> <./img/188.png (PNG copy)>]
<./img/190.png, id=2972, 346.29375pt x 179.67125pt>
File: ./img/190.png Graphic file (type png)
<use ./img/190.png>
Package pdftex.def Info: ./img/190.png  used on input line 1894.
(pdftex.def)             Requested size: 217.6621pt x 112.93301pt.
<./img/191.png, id=2973, 412.54124pt x 177.66376pt>
File: ./img/191.png Graphic file (type png)
<use ./img/191.png>
Package pdftex.def Info: ./img/191.png  used on input line 1899.
(pdftex.def)             Requested size: 217.6621pt x 93.73843pt.

Overfull \hbox (2.22221pt too wide) in paragraph at lines 1893--1903
[][] [] 
 []


Underfull \hbox (badness 10000) in paragraph at lines 1907--1912

 []


Underfull \hbox (badness 10000) in paragraph at lines 1907--1912

 []


Underfull \hbox (badness 10000) in paragraph at lines 1907--1912

 []

<./img/192.png, id=2975, 632.3625pt x 99.37125pt>
File: ./img/192.png Graphic file (type png)
<use ./img/192.png>
Package pdftex.def Info: ./img/192.png  used on input line 1915.
(pdftex.def)             Requested size: 284.5605pt x 44.71664pt.

Overfull \hbox (2.35971pt too wide) in paragraph at lines 1921--1928
\OT1/cmr/m/n/10 Abbiamo in-trodotto la pro-get-tazione a trans-mit-tion gate ut
i-liz-zando i tran-sis-tori come in-ter-rut-tori e risparmiando
 []


Underfull \hbox (badness 10000) in paragraph at lines 1921--1928

 []


Underfull \hbox (badness 10000) in paragraph at lines 1921--1928

 []


Underfull \hbox (badness 10000) in paragraph at lines 1921--1928

 []

[160 <./img/189.png (PNG copy)> <./img/190.png (PNG copy)> <./img/191.png (PNG 
copy)> <./img/192.png (PNG copy)>]
<./img/193.png, id=2982, 466.74374pt x 188.705pt>
File: ./img/193.png Graphic file (type png)
<use ./img/193.png>
Package pdftex.def Info: ./img/193.png  used on input line 1931.
(pdftex.def)             Requested size: 210.03275pt x 84.91646pt.
<./img/194.png, id=2984, 714.67pt x 274.02374pt>
File: ./img/194.png Graphic file (type png)
<use ./img/194.png>
Package pdftex.def Info: ./img/194.png  used on input line 1942.
(pdftex.def)             Requested size: 321.59853pt x 123.30954pt.
<./img/195.png, id=2988, 710.655pt x 209.78375pt>
File: ./img/195.png Graphic file (type png)
<use ./img/195.png>
Package pdftex.def Info: ./img/195.png  used on input line 1951.
(pdftex.def)             Requested size: 319.7918pt x 94.4018pt.
 [161 <./img/193.png (PNG copy)> <./img/194.png (PNG copy)> <./img/195.png (PNG
 copy)>]
<./img/196.png, id=2998, 485.815pt x 432.61626pt>
File: ./img/196.png Graphic file (type png)
<use ./img/196.png>
Package pdftex.def Info: ./img/196.png  used on input line 1977.
(pdftex.def)             Requested size: 218.61473pt x 194.6755pt.
 [162 <./img/196.png (PNG copy)>]
Underfull \hbox (badness 10000) in paragraph at lines 2030--2032

 []

<./img/197.png, id=3011, 1146.2825pt x 276.03125pt>
File: ./img/197.png Graphic file (type png)
<use ./img/197.png>
Package pdftex.def Info: ./img/197.png  used on input line 2035.
(pdftex.def)             Requested size: 515.82236pt x 124.2129pt.

Overfull \hbox (32.12552pt too wide) in paragraph at lines 2035--2036
 [][] 
 []

[163]
Underfull \hbox (badness 10000) in paragraph at lines 2046--2056

 []

<./img/198.png, id=3019, 413.545pt x 468.75125pt>
File: ./img/198.png Graphic file (type png)
<use ./img/198.png>
Package pdftex.def Info: ./img/198.png  used on input line 2059.
(pdftex.def)             Requested size: 186.09352pt x 210.9361pt.

LaTeX Warning: `h' float specifier changed to `ht'.

[164 <./img/197.png (PNG copy)>]
Underfull \hbox (badness 10000) in paragraph at lines 2074--2078

 []


Underfull \hbox (badness 10000) in paragraph at lines 2079--2085

 []


Underfull \hbox (badness 10000) in paragraph at lines 2079--2085

 []

<./img/199.png, id=3027, 593.21625pt x 247.92625pt>
File: ./img/199.png Graphic file (type png)
<use ./img/199.png>
Package pdftex.def Info: ./img/199.png  used on input line 2088.
(pdftex.def)             Requested size: 266.94484pt x 111.56578pt.

LaTeX Warning: `h' float specifier changed to `ht'.


Underfull \hbox (badness 10000) in paragraph at lines 2094--2101

 []

[165 <./img/198.png (PNG copy)>]
Underfull \hbox (badness 10000) in paragraph at lines 2102--2107

 []


Underfull \hbox (badness 10000) in paragraph at lines 2102--2107

 []


Underfull \hbox (badness 10000) in paragraph at lines 2108--2110

 []

<./img/200.png, id=3034, 474.77374pt x 136.51pt>
File: ./img/200.png Graphic file (type png)
<use ./img/200.png>
Package pdftex.def Info: ./img/200.png  used on input line 2113.
(pdftex.def)             Requested size: 213.64621pt x 61.42892pt.

Underfull \hbox (badness 10000) in paragraph at lines 2118--2125

 []


Underfull \hbox (badness 10000) in paragraph at lines 2118--2125

 []

[166 <./img/199.png (PNG copy)> <./img/200.png (PNG copy)>]
Underfull \hbox (badness 10000) in paragraph at lines 2125--2132

 []

<./img/201.png, id=3041, 237.88875pt x 394.47375pt>
File: ./img/201.png Graphic file (type png)
<use ./img/201.png>
Package pdftex.def Info: ./img/201.png  used on input line 2136.
(pdftex.def)             Requested size: 107.04893pt x 177.51154pt.
<./img/202.png, id=3043, 486.81876pt x 238.8925pt>
File: ./img/202.png Graphic file (type png)
<use ./img/202.png>
Package pdftex.def Info: ./img/202.png  used on input line 2154.
(pdftex.def)             Requested size: 219.0664pt x 107.50063pt.

LaTeX Warning: `h' float specifier changed to `ht'.

[167 <./img/201.png (PNG copy)>]
<./img/203.png, id=3051, 547.04375pt x 312.16624pt>
File: ./img/203.png Graphic file (type png)
<use ./img/203.png>
Package pdftex.def Info: ./img/203.png  used on input line 2165.
(pdftex.def)             Requested size: 246.1674pt x 140.47351pt.

Underfull \hbox (badness 10000) in paragraph at lines 2170--2173

 []

<./img/204.png, id=3053, 327.2225pt x 306.14375pt>
File: ./img/204.png Graphic file (type png)
<use ./img/204.png>
Package pdftex.def Info: ./img/204.png  used on input line 2187.
(pdftex.def)             Requested size: 147.24876pt x 137.7634pt.

LaTeX Warning: `h' float specifier changed to `ht'.


Underfull \hbox (badness 10000) in paragraph at lines 2192--2197

 []

[168 <./img/202.png (PNG copy)> <./img/203.png (PNG copy)>]
<./img/205.png, id=3064, 624.3325pt x 312.16624pt>
File: ./img/205.png Graphic file (type png)
<use ./img/205.png>
Package pdftex.def Info: ./img/205.png  used on input line 2200.
(pdftex.def)             Requested size: 280.94702pt x 140.47351pt.
<./img/206.png, id=3067, 499.8675pt x 88.33pt>
File: ./img/206.png Graphic file (type png)
<use ./img/206.png>
Package pdftex.def Info: ./img/206.png  used on input line 2213.
(pdftex.def)             Requested size: 224.9383pt x 39.74812pt.

Underfull \hbox (badness 10000) in paragraph at lines 2218--2222

 []


Underfull \hbox (badness 10000) in paragraph at lines 2218--2222

 []

[169 <./img/204.png (PNG copy)> <./img/205.png (PNG copy)> <./img/206.png (PNG 
copy)>]
<./img/207.png, id=3075, 830.10126pt x 312.16624pt>
File: ./img/207.png Graphic file (type png)
<use ./img/207.png>
Package pdftex.def Info: ./img/207.png  used on input line 2227.
(pdftex.def)             Requested size: 373.54211pt x 140.47351pt.

Underfull \hbox (badness 10000) in paragraph at lines 2232--2237

 []

<./img/208.png, id=3077, 474.77374pt x 312.16624pt>
File: ./img/208.png Graphic file (type png)
<use ./img/208.png>
Package pdftex.def Info: ./img/208.png  used on input line 2240.
(pdftex.def)             Requested size: 213.64621pt x 140.47351pt.
<./img/209.png, id=3079, 1137.24875pt x 402.50375pt>
File: ./img/209.png Graphic file (type png)
<use ./img/209.png>
Package pdftex.def Info: ./img/209.png  used on input line 2250.
(pdftex.def)             Requested size: 511.75722pt x 181.125pt.

Overfull \hbox (28.06038pt too wide) in paragraph at lines 2250--2251
 [][] 
 []


LaTeX Warning: `h' float specifier changed to `ht'.

[170 <./img/207.png (PNG copy)> <./img/208.png (PNG copy)>]
Underfull \hbox (badness 10000) in paragraph at lines 2259--2265

 []


Underfull \hbox (badness 10000) in paragraph at lines 2259--2265

 []

<./img/210.png, id=3088, 258.9675pt x 228.855pt>
File: ./img/210.png Graphic file (type png)
<use ./img/210.png>
Package pdftex.def Info: ./img/210.png  used on input line 2277.
(pdftex.def)             Requested size: 116.53429pt x 102.9838pt.

LaTeX Warning: `h' float specifier changed to `ht'.

[171 <./img/209.png (PNG copy)>]
<./img/211.png, id=3097, 149.55875pt x 247.92625pt>
File: ./img/211.png Graphic file (type png)
<use ./img/211.png>
Package pdftex.def Info: ./img/211.png  used on input line 2299.
(pdftex.def)             Requested size: 67.30081pt x 111.56578pt.
 [172 <./img/210.png (PNG copy)> <./img/211.png (PNG copy)>]
<./img/212.png, id=3106, 250.9375pt x 293.095pt>
File: ./img/212.png Graphic file (type png)
<use ./img/212.png>
Package pdftex.def Info: ./img/212.png  used on input line 2344.
(pdftex.def)             Requested size: 112.92082pt x 131.89153pt.


LaTeX Warning: `h' float specifier changed to `ht'.

<./img/213.png, id=3108, 329.23pt x 116.435pt>
File: ./img/213.png Graphic file (type png)
<use ./img/213.png>
Package pdftex.def Info: ./img/213.png  used on input line 2357.
(pdftex.def)             Requested size: 148.15211pt x 52.39525pt.

LaTeX Warning: `h' float specifier changed to `ht'.

[173]
<./img/214.png, id=3115, 525.965pt x 188.705pt>
File: ./img/214.png Graphic file (type png)
<use ./img/214.png>
Package pdftex.def Info: ./img/214.png  used on input line 2368.
(pdftex.def)             Requested size: 236.68205pt x 84.91646pt.

Underfull \hbox (badness 10000) in paragraph at lines 2373--2379

 []

<./img/215.png, id=3117, 509.905pt x 190.7125pt>
File: ./img/215.png Graphic file (type png)
<use ./img/215.png>
Package pdftex.def Info: ./img/215.png  used on input line 2382.
(pdftex.def)             Requested size: 229.45512pt x 85.81982pt.

LaTeX Warning: `h' float specifier changed to `ht'.

<./img/216.png, id=3121, 1037.8775pt x 276.03125pt>
File: ./img/216.png Graphic file (type png)
<use ./img/216.png>
Package pdftex.def Info: ./img/216.png  used on input line 2392.
(pdftex.def)             Requested size: 467.04057pt x 124.2129pt.

LaTeX Warning: `h' float specifier changed to `ht'.


Underfull \hbox (badness 10000) in paragraph at lines 2397--2404

 []

[174 <./img/212.png (PNG copy)> <./img/213.png (PNG copy)> <./img/214.png (PNG 
copy)>]
<./img/217.png, id=3135, 1037.8775pt x 241.90375pt>
File: ./img/217.png Graphic file (type png)
<use ./img/217.png>
Package pdftex.def Info: ./img/217.png  used on input line 2407.
(pdftex.def)             Requested size: 467.04057pt x 108.85567pt.

Underfull \hbox (badness 10000) in paragraph at lines 2412--2418

 []

[175 <./img/215.png (PNG copy)> <./img/216.png (PNG copy)> <./img/217.png (PNG 
copy)>]
<./img/218.png, id=3142, 1037.8775pt x 241.90375pt>
File: ./img/218.png Graphic file (type png)
<use ./img/218.png>
Package pdftex.def Info: ./img/218.png  used on input line 2421.
(pdftex.def)             Requested size: 467.04057pt x 108.85567pt.

Underfull \hbox (badness 10000) in paragraph at lines 2429--2433

 []


Underfull \hbox (badness 10000) in paragraph at lines 2429--2433

 []

<./img/219.png, id=3145, 486.81876pt x 89.33376pt>
File: ./img/219.png Graphic file (type png)
<use ./img/219.png>
Package pdftex.def Info: ./img/219.png  used on input line 2436.
(pdftex.def)             Requested size: 219.0664pt x 40.19981pt.
<./img/220.png, id=3148, 404.51125pt x 284.06125pt>
File: ./img/220.png Graphic file (type png)
<use ./img/220.png>
Package pdftex.def Info: ./img/220.png  used on input line 2450.
(pdftex.def)             Requested size: 217.6621pt x 152.8533pt.
<./img/221.png, id=3149, 635.37375pt x 391.4625pt>
File: ./img/221.png Graphic file (type png)
<use ./img/221.png>
Package pdftex.def Info: ./img/221.png  used on input line 2455.
(pdftex.def)             Requested size: 217.6621pt x 134.10495pt.

Overfull \hbox (2.22221pt too wide) in paragraph at lines 2449--2459
[][] [] 
 []


Underfull \hbox (badness 10000) in paragraph at lines 2445--2476

 []


Underfull \hbox (badness 10000) in paragraph at lines 2445--2476

 []


Underfull \hbox (badness 10000) in paragraph at lines 2445--2476

 []


Underfull \hbox (badness 10000) in paragraph at lines 2445--2476

 []


Underfull \hbox (badness 10000) in paragraph at lines 2445--2476

 []


LaTeX Warning: `h' float specifier changed to `ht'.

[176 <./img/218.png (PNG copy)> <./img/219.png (PNG copy)>]
Underfull \hbox (badness 10000) in paragraph at lines 2477--2481

 []


Underfull \hbox (badness 10000) in paragraph at lines 2477--2481

 []

<./img/222.png, id=3159, 916.42375pt x 101.37875pt>
File: ./img/222.png Graphic file (type png)
<use ./img/222.png>
Package pdftex.def Info: ./img/222.png  used on input line 2484.
(pdftex.def)             Requested size: 412.38689pt x 45.62001pt.
<./img/223.png, id=3161, 648.4225pt x 140.525pt>
File: ./img/223.png Graphic file (type png)
<use ./img/223.png>
Package pdftex.def Info: ./img/223.png  used on input line 2498.
(pdftex.def)             Requested size: 291.78743pt x 63.23566pt.
[177 <./img/220.png (PNG copy)> <./img/221.png (PNG copy)> <./img/222.png (PNG 
copy)>]
<./img/224.png, id=3169, 886.31125pt x 140.525pt>
File: ./img/224.png Graphic file (type png)
<use ./img/224.png>
Package pdftex.def Info: ./img/224.png  used on input line 2512.
(pdftex.def)             Requested size: 398.83638pt x 63.23566pt.

Underfull \hbox (badness 10000) in paragraph at lines 2521--2524

 []

<./img/225.png, id=3171, 457.71pt x 274.02374pt>
File: ./img/225.png Graphic file (type png)
<use ./img/225.png>
Package pdftex.def Info: ./img/225.png  used on input line 2530.
(pdftex.def)             Requested size: 205.96759pt x 123.30954pt.

LaTeX Warning: `h' float specifier changed to `ht'.

<./img/226.png, id=3173, 859.21pt x 87.32625pt>
File: ./img/226.png Graphic file (type png)
<use ./img/226.png>
Package pdftex.def Info: ./img/226.png  used on input line 2539.
(pdftex.def)             Requested size: 386.64093pt x 39.29645pt.

LaTeX Warning: `h' float specifier changed to `ht'.


Underfull \hbox (badness 10000) in paragraph at lines 2544--2548

 []

[178 <./img/223.png (PNG copy)> <./img/224.png (PNG copy)>]
<./img/227.png, id=3183, 808.01875pt x 645.41125pt>
File: ./img/227.png Graphic file (type png)
<use ./img/227.png>
Package pdftex.def Info: ./img/227.png  used on input line 2551.
(pdftex.def)             Requested size: 363.60507pt x 290.43237pt.
 [179 <./img/225.png (PNG copy)> <./img/226.png (PNG copy)> <./img/227.png (PNG
 copy)>]
<./img/228.png, id=3190, 918.43124pt x 495.8525pt>
File: ./img/228.png Graphic file (type png)
<use ./img/228.png>
Package pdftex.def Info: ./img/228.png  used on input line 2573.
(pdftex.def)             Requested size: 413.29024pt x 223.13156pt.

Underfull \hbox (badness 10000) in paragraph at lines 2580--2585

 []


Underfull \hbox (badness 10000) in paragraph at lines 2580--2585

 []

<./img/229.png, id=3192, 918.43124pt x 495.8525pt>
File: ./img/229.png Graphic file (type png)
<use ./img/229.png>
Package pdftex.def Info: ./img/229.png  used on input line 2588.
(pdftex.def)             Requested size: 413.29024pt x 223.13156pt.

LaTeX Warning: `h' float specifier changed to `ht'.

[180 <./img/228.png (PNG copy)>]
<./img/230.png, id=3201, 918.43124pt x 495.8525pt>
File: ./img/230.png Graphic file (type png)
<use ./img/230.png>
Package pdftex.def Info: ./img/230.png  used on input line 2598.
(pdftex.def)             Requested size: 413.29024pt x 223.13156pt.

Underfull \hbox (badness 10000) in paragraph at lines 2603--2611

 []


Underfull \hbox (badness 10000) in paragraph at lines 2603--2611

 []

[181 <./img/229.png (PNG copy)> <./img/230.png (PNG copy)>]
<./img/231.png, id=3208, 970.62625pt x 480.79625pt>
File: ./img/231.png Graphic file (type png)
<use ./img/231.png>
Package pdftex.def Info: ./img/231.png  used on input line 2614.
(pdftex.def)             Requested size: 436.77779pt x 216.35631pt.
)
Underfull \hbox (badness 10000) in paragraph at lines 113--115

 []


Underfull \hbox (badness 10000) in paragraph at lines 116--127

 []


Underfull \hbox (badness 10000) in paragraph at lines 116--127

 []


Underfull \hbox (badness 10000) in paragraph at lines 116--127

 []


Underfull \hbox (badness 10000) in paragraph at lines 116--127

 []

<./img/232.png, id=3210, 660.4675pt x 174.6525pt>
File: ./img/232.png Graphic file (type png)
<use ./img/232.png>
Package pdftex.def Info: ./img/232.png  used on input line 130.
(pdftex.def)             Requested size: 297.20763pt x 78.5929pt.
[182 <./img/231.png (PNG copy)>]
Underfull \hbox (badness 10000) in paragraph at lines 136--150

 []


Underfull \hbox (badness 10000) in paragraph at lines 136--150

 []


Underfull \hbox (badness 10000) in paragraph at lines 136--150

 []

<./img/233.png, id=3217, 465.74pt x 193.72375pt>
File: ./img/233.png Graphic file (type png)
<use ./img/233.png>
Package pdftex.def Info: ./img/233.png  used on input line 153.
(pdftex.def)             Requested size: 209.58105pt x 87.17487pt.
[183 <./img/232.png (PNG copy)> <./img/233.png (PNG copy)>]
Underfull \hbox (badness 10000) in paragraph at lines 169--178

 []


Underfull \hbox (badness 10000) in paragraph at lines 169--178

 []


Underfull \hbox (badness 10000) in paragraph at lines 169--178

 []


Underfull \hbox (badness 10000) in paragraph at lines 179--184

 []

<./img/234.png, id=3226, 818.05624pt x 203.76125pt>
File: ./img/234.png Graphic file (type png)
<use ./img/234.png>
Package pdftex.def Info: ./img/234.png  used on input line 187.
(pdftex.def)             Requested size: 368.1219pt x 91.69171pt.

Underfull \hbox (badness 10000) in paragraph at lines 192--199

 []


Underfull \hbox (badness 10000) in paragraph at lines 192--199

 []

[184 <./img/234.png (PNG copy)>]
<./img/235.png, id=3236, 447.6725pt x 352.31625pt>
File: ./img/235.png Graphic file (type png)
<use ./img/235.png>
Package pdftex.def Info: ./img/235.png  used on input line 219.
(pdftex.def)             Requested size: 201.45076pt x 158.54083pt.

Underfull \hbox (badness 10000) in paragraph at lines 224--227

 []

[185 <./img/235.png (PNG copy)>]
Underfull \hbox (badness 10000) in paragraph at lines 243--248

 []


Underfull \hbox (badness 10000) in paragraph at lines 248--254

 []


Underfull \hbox (badness 10000) in paragraph at lines 266--270

 []

[186]
<./img/236.png, id=3254, 708.6475pt x 330.23375pt>
File: ./img/236.png Graphic file (type png)
<use ./img/236.png>
Package pdftex.def Info: ./img/236.png  used on input line 273.
(pdftex.def)             Requested size: 318.88843pt x 148.6038pt.
<./img/237.png, id=3256, 459.7175pt x 486.81876pt>
File: ./img/237.png Graphic file (type png)
<use ./img/237.png>
Package pdftex.def Info: ./img/237.png  used on input line 284.
(pdftex.def)             Requested size: 206.87096pt x 219.0664pt.


LaTeX Warning: `h' float specifier changed to `ht'.

[187 <./img/236.png (PNG copy)>]
Underfull \hbox (badness 10000) in paragraph at lines 308--312

 []


Underfull \hbox (badness 10000) in paragraph at lines 314--319

 []

[188 <./img/237.png (PNG copy)>]
Underfull \hbox (badness 10000) in paragraph at lines 329--333

 []

<./img/238.png, id=3268, 708.6475pt x 330.23375pt>
File: ./img/238.png Graphic file (type png)
<use ./img/238.png>
Package pdftex.def Info: ./img/238.png  used on input line 338.
(pdftex.def)             Requested size: 318.88843pt x 148.6038pt.
[189 <./img/238.png (PNG copy)>] (./AppuntiElettronica.aux)
 ***********
LaTeX2e <2025-11-01>
L3 programming layer <2026-01-19>
 ***********
Package rerunfilecheck Info: File `AppuntiElettronica.out' has not changed.
(rerunfilecheck)             Checksum: 87B749A7956A0A2FD6A6259EB74D94B2;53813.
 ) 
Here is how much of TeX's memory you used:
 31706 strings out of 467525
 574915 string characters out of 5418983
 950467 words of memory out of 5000000
 59093 multiletter control sequences out of 15000+600000
 649575 words of font info for 117 fonts, out of 8000000 for 9000
 1141 hyphenation exceptions out of 8191
 99i,17n,117p,627b,1698s stack positions out of 10000i,1000n,20000p,200000b,200000s
</usr/local/texlive/2026/texmf-dist/fonts/type1/public/amsfonts/cm/cmbx10.pfb
></usr/local/texlive/2026/texmf-dist/fonts/type1/public/amsfonts/cm/cmbx12.pfb>
</usr/local/texlive/2026/texmf-dist/fonts/type1/public/amsfonts/cm/cmbx7.pfb></
usr/local/texlive/2026/texmf-dist/fonts/type1/public/amsfonts/cm/cmbxti10.pfb><
/usr/local/texlive/2026/texmf-dist/fonts/type1/public/amsfonts/cm/cmmi10.pfb></
usr/local/texlive/2026/texmf-dist/fonts/type1/public/amsfonts/cm/cmmi12.pfb></u
sr/local/texlive/2026/texmf-dist/fonts/type1/public/amsfonts/cm/cmmi5.pfb></usr
/local/texlive/2026/texmf-dist/fonts/type1/public/amsfonts/cm/cmmi6.pfb></usr/l
ocal/texlive/2026/texmf-dist/fonts/type1/public/amsfonts/cm/cmmi7.pfb></usr/loc
al/texlive/2026/texmf-dist/fonts/type1/public/amsfonts/cm/cmmi8.pfb></usr/local
/texlive/2026/texmf-dist/fonts/type1/public/amsfonts/cm/cmmi9.pfb></usr/local/t
exlive/2026/texmf-dist/fonts/type1/public/amsfonts/cm/cmr10.pfb></usr/local/tex
live/2026/texmf-dist/fonts/type1/public/amsfonts/cm/cmr12.pfb></usr/local/texli
ve/2026/texmf-dist/fonts/type1/public/amsfonts/cm/cmr5.pfb></usr/local/texlive/
2026/texmf-dist/fonts/type1/public/amsfonts/cm/cmr6.pfb></usr/local/texlive/202
6/texmf-dist/fonts/type1/public/amsfonts/cm/cmr7.pfb></usr/local/texlive/2026/t
exmf-dist/fonts/type1/public/amsfonts/cm/cmr8.pfb></usr/local/texlive/2026/texm
f-dist/fonts/type1/public/amsfonts/cm/cmr9.pfb></usr/local/texlive/2026/texmf-d
ist/fonts/type1/public/amsfonts/cm/cmsl10.pfb></usr/local/texlive/2026/texmf-di
st/fonts/type1/public/amsfonts/cm/cmsy10.pfb></usr/local/texlive/2026/texmf-dis
t/fonts/type1/public/amsfonts/cm/cmsy9.pfb></usr/local/texlive/2026/texmf-dist/
fonts/type1/public/amsfonts/cm/cmti10.pfb></usr/local/texlive/2026/texmf-dist/f
onts/type1/public/amsfonts/latxfont/line10.pfb></usr/local/texlive/2026/texmf-d
ist/fonts/type1/public/mathabx-type1/matha10.pfb></usr/local/texlive/2026/texmf
-dist/fonts/type1/public/mathabx-type1/matha12.pfb></usr/local/texlive/2026/tex
mf-dist/fonts/type1/public/mathabx-type1/matha5.pfb></usr/local/texlive/2026/te
xmf-dist/fonts/type1/public/mathabx-type1/matha7.pfb></usr/local/texlive/2026/t
exmf-dist/fonts/type1/public/mathabx-type1/matha8.pfb></usr/local/texlive/2026/
texmf-dist/fonts/type1/public/mathabx-type1/matha9.pfb></usr/local/texlive/2026
/texmf-dist/fonts/type1/public/mathabx-type1/mathb10.pfb></usr/local/texlive/20
26/texmf-dist/fonts/type1/public/mathabx-type1/mathx10.pfb></usr/local/texlive/
2026/texmf-dist/fonts/type1/public/cm-super/sfrm1000.pfb>
Output written on AppuntiElettronica.pdf (190 pages, 9371377 bytes).
PDF statistics:
 3582 PDF objects out of 4296 (max. 8388607)
 3034 compressed objects within 31 object streams
 801 named destinations out of 1000 (max. 500000)
 3696 words of extra memory for PDF output out of 10000 (max. 10000000)

