This is pdfTeX, Version 3.141592653-2.6-1.40.29 (TeX Live 2026) (preloaded format=pdflatex 2026.9.1)  1 OCT 2026 19:32
entering extended mode
 restricted \write18 enabled.
 %&-line parsing enabled.
**OraleElettronica.tex
(./OraleElettronica.tex
LaTeX2e <2025-11-01>
L3 programming layer <2026-01-19>
(/usr/local/texlive/2026/texmf-dist/tex/latex/base/article.cls
Document Class: article 2025/01/22 v1.4n Standard LaTeX document class
(/usr/local/texlive/2026/texmf-dist/tex/latex/base/size10.clo
File: size10.clo 2025/01/22 v1.4n Standard LaTeX file (size option)
)
\c@part=\count275
\c@section=\count276
\c@subsection=\count277
\c@subsubsection=\count278
\c@paragraph=\count279
\c@subparagraph=\count280
\c@figure=\count281
\c@table=\count282
\abovecaptionskip=\skip49
\belowcaptionskip=\skip50
\bibindent=\dimen148
)
(/usr/local/texlive/2026/texmf-dist/tex/latex/graphics/graphicx.sty
Package: graphicx 2024/12/31 v1.2e Enhanced LaTeX Graphics (DPC,SPQR)

(/usr/local/texlive/2026/texmf-dist/tex/latex/graphics/keyval.sty
Package: keyval 2022/05/29 v1.15 key=value parser (DPC)
\KV@toks@=\toks17
)
(/usr/local/texlive/2026/texmf-dist/tex/latex/graphics/graphics.sty
Package: graphics 2024/08/06 v1.4g Standard LaTeX Graphics (DPC,SPQR)

(/usr/local/texlive/2026/texmf-dist/tex/latex/graphics/trig.sty
Package: trig 2023/12/02 v1.11 sin cos tan (DPC)
)
(/usr/local/texlive/2026/texmf-dist/tex/latex/graphics-cfg/graphics.cfg
File: graphics.cfg 2016/06/04 v1.11 sample graphics configuration
)
Package graphics Info: Driver file: pdftex.def on input line 106.

(/usr/local/texlive/2026/texmf-dist/tex/latex/graphics-def/pdftex.def
File: pdftex.def 2025/09/29 v1.2d Graphics/color driver for pdftex
))
\Gin@req@height=\dimen149
\Gin@req@width=\dimen150
)
(/usr/local/texlive/2026/texmf-dist/tex/latex/blindtext/blindtext.sty
Package: blindtext 2012/01/06 V2.0 blindtext-Package

(/usr/local/texlive/2026/texmf-dist/tex/latex/tools/xspace.sty
Package: xspace 2014/10/28 v1.13 Space after command names (DPC,MH)
)
\c@blindtext=\count283
\c@Blindtext=\count284
\c@blind@countparstart=\count285
\blind@countxx=\count286
\blindtext@numBlindtext=\count287
\blind@countyy=\count288
\c@blindlist=\count289
\c@blindlistlevel=\count290
\c@blindlist@level=\count291
\blind@listitem=\count292
\c@blind@listcount=\count293
\c@blind@levelcount=\count294
\blind@mathformula=\count295
\blind@Mathformula=\count296
\c@blind@randomcount=\count297
\c@blind@randommax=\count298
\c@blind@pangramcount=\count299
\c@blind@pangrammax=\count300
)
(/usr/local/texlive/2026/texmf-dist/tex/latex/titlesec/titlesec.sty
Package: titlesec 2025/01/04 v2.17 Sectioning titles
\ttl@box=\box53
\beforetitleunit=\skip51
\aftertitleunit=\skip52
\ttl@plus=\dimen151
\ttl@minus=\dimen152
\ttl@toksa=\toks18
\titlewidth=\dimen153
\titlewidthlast=\dimen154
\titlewidthfirst=\dimen155
)
(/usr/local/texlive/2026/texmf-dist/tex/latex/xcolor/xcolor.sty
Package: xcolor 2024/09/29 v3.02 LaTeX color extensions (UK)

(/usr/local/texlive/2026/texmf-dist/tex/latex/graphics-cfg/color.cfg
File: color.cfg 2016/01/02 v1.6 sample color configuration
)
Package xcolor Info: Driver file: pdftex.def on input line 274.

(/usr/local/texlive/2026/texmf-dist/tex/latex/graphics/mathcolor.ltx)
Package xcolor Info: Model `cmy' substituted by `cmy0' on input line 1349.
Package xcolor Info: Model `hsb' substituted by `rgb' on input line 1353.
Package xcolor Info: Model `RGB' extended on input line 1365.
Package xcolor Info: Model `HTML' substituted by `rgb' on input line 1367.
Package xcolor Info: Model `Hsb' substituted by `hsb' on input line 1368.
Package xcolor Info: Model `tHsb' substituted by `hsb' on input line 1369.
Package xcolor Info: Model `HSB' substituted by `hsb' on input line 1370.
Package xcolor Info: Model `Gray' substituted by `gray' on input line 1371.
Package xcolor Info: Model `wave' substituted by `hsb' on input line 1372.
)
(/usr/local/texlive/2026/texmf-dist/tex/latex/graphics/dvipsnam.def
File: dvipsnam.def 2016/06/17 v3.0m Driver-dependent file (DPC,SPQR)
)
(/usr/local/texlive/2026/texmf-dist/tex/latex/geometry/geometry.sty
Package: geometry 2026/03/07 v6.0 Page Geometry

(/usr/local/texlive/2026/texmf-dist/tex/generic/iftex/ifvtex.sty
Package: ifvtex 2019/10/25 v1.7 ifvtex legacy package. Use iftex instead.

(/usr/local/texlive/2026/texmf-dist/tex/generic/iftex/iftex.sty
Package: iftex 2024/12/12 v1.0g TeX engine tests
))
\Gm@cnth=\count301
\Gm@cntv=\count302
\c@Gm@tempcnt=\count303
\Gm@bindingoffset=\dimen156
\Gm@wd@mp=\dimen157
\Gm@odd@mp=\dimen158
\Gm@even@mp=\dimen159
\Gm@layoutwidth=\dimen160
\Gm@layoutheight=\dimen161
\Gm@layouthoffset=\dimen162
\Gm@layoutvoffset=\dimen163
\Gm@dimlist=\toks19
)
(/usr/local/texlive/2026/texmf-dist/tex/latex/adjustbox/adjustbox.sty
Package: adjustbox 2025/02/26 v1.3c Adjusting TeX boxes (trim, clip, ...)

(/usr/local/texlive/2026/texmf-dist/tex/latex/xkeyval/xkeyval.sty
Package: xkeyval 2025/11/04 v2.10 package option processing (HA)

(/usr/local/texlive/2026/texmf-dist/tex/generic/xkeyval/xkeyval.tex
(/usr/local/texlive/2026/texmf-dist/tex/generic/xkeyval/xkvutils.tex
\XKV@toks=\toks20
\XKV@tempa@toks=\toks21
\XKV@tempb@toks=\toks22
)
\XKV@depth=\count304
File: xkeyval.tex 2014/12/03 v2.7a key=value parser (HA)
))
(/usr/local/texlive/2026/texmf-dist/tex/latex/adjustbox/adjcalc.sty
Package: adjcalc 2012/05/16 v1.1 Provides advanced setlength with multiple back
-ends (calc, etex, pgfmath)
)
(/usr/local/texlive/2026/texmf-dist/tex/latex/adjustbox/trimclip.sty
Package: trimclip 2025/02/21 v1.2a Trim and clip general TeX material

(/usr/local/texlive/2026/texmf-dist/tex/latex/collectbox/collectbox.sty
Package: collectbox 2022/10/17 v0.4c Collect macro arguments as boxes
\collectedbox=\box54
)
\tc@llx=\dimen164
\tc@lly=\dimen165
\tc@urx=\dimen166
\tc@ury=\dimen167
Package trimclip Info: Using driver 'tc-pdftex.def'.

(/usr/local/texlive/2026/texmf-dist/tex/latex/adjustbox/tc-pdftex.def
File: tc-pdftex.def 2025/02/26 v2.3 Clipping driver for pdftex
))
\adjbox@Width=\dimen168
\adjbox@Height=\dimen169
\adjbox@Depth=\dimen170
\adjbox@Totalheight=\dimen171
\adjbox@pwidth=\dimen172
\adjbox@pheight=\dimen173
\adjbox@pdepth=\dimen174
\adjbox@ptotalheight=\dimen175

(/usr/local/texlive/2026/texmf-dist/tex/latex/ifoddpage/ifoddpage.sty
Package: ifoddpage 2022/10/18 v1.2 Conditionals for odd/even page detection
\c@checkoddpage=\count305
)
(/usr/local/texlive/2026/texmf-dist/tex/latex/varwidth/varwidth.sty
Package: varwidth 2009/03/30 ver 0.92;  Variable-width minipages
\@vwid@box=\box55
\sift@deathcycles=\count306
\@vwid@loff=\dimen176
\@vwid@roff=\dimen177
)
==> First Aid for varwidth.sty applied!
) (/usr/local/texlive/2026/texmf-dist/tex/latex/amsmath/amsmath.sty
Package: amsmath 2025/07/09 v2.17z AMS math features
\@mathmargin=\skip53

For additional information on amsmath, use the `?' option.
(/usr/local/texlive/2026/texmf-dist/tex/latex/amsmath/amstext.sty
Package: amstext 2024/11/17 v2.01 AMS text

(/usr/local/texlive/2026/texmf-dist/tex/latex/amsmath/amsgen.sty
File: amsgen.sty 1999/11/30 v2.0 generic functions
\@emptytoks=\toks23
\ex@=\dimen178
))
(/usr/local/texlive/2026/texmf-dist/tex/latex/amsmath/amsbsy.sty
Package: amsbsy 1999/11/29 v1.2d Bold Symbols
\pmbraise@=\dimen179
)
(/usr/local/texlive/2026/texmf-dist/tex/latex/amsmath/amsopn.sty
Package: amsopn 2022/04/08 v2.04 operator names
)
\inf@bad=\count307
LaTeX Info: Redefining \frac on input line 233.
\uproot@=\count308
\leftroot@=\count309
LaTeX Info: Redefining \overline on input line 398.
LaTeX Info: Redefining \colon on input line 409.
\classnum@=\count310
\DOTSCASE@=\count311
LaTeX Info: Redefining \ldots on input line 495.
LaTeX Info: Redefining \dots on input line 498.
LaTeX Info: Redefining \cdots on input line 619.
\Mathstrutbox@=\box56
\strutbox@=\box57
LaTeX Info: Redefining \big on input line 721.
LaTeX Info: Redefining \Big on input line 722.
LaTeX Info: Redefining \bigg on input line 723.
LaTeX Info: Redefining \Bigg on input line 724.
\big@size=\dimen180
LaTeX Font Info:    Redeclaring font encoding OML on input line 742.
LaTeX Font Info:    Redeclaring font encoding OMS on input line 743.
\macc@depth=\count312
LaTeX Info: Redefining \bmod on input line 904.
LaTeX Info: Redefining \pmod on input line 909.
LaTeX Info: Redefining \smash on input line 939.
LaTeX Info: Redefining \relbar on input line 969.
LaTeX Info: Redefining \Relbar on input line 970.
\c@MaxMatrixCols=\count313
\dotsspace@=\muskip17
\c@parentequation=\count314
\dspbrk@lvl=\count315
\tag@help=\toks24
\row@=\count316
\column@=\count317
\maxfields@=\count318
\andhelp@=\toks25
\eqnshift@=\dimen181
\alignsep@=\dimen182
\tagshift@=\dimen183
\tagwidth@=\dimen184
\totwidth@=\dimen185
\lineht@=\dimen186
\@envbody=\toks26
\multlinegap=\skip54
\multlinetaggap=\skip55
\mathdisplay@stack=\toks27
LaTeX Info: Redefining \[ on input line 2950.
LaTeX Info: Redefining \] on input line 2951.
)
(/usr/local/texlive/2026/texmf-dist/tex/latex/amscls/amsthm.sty
Package: amsthm 2020/05/29 v2.20.6
\thm@style=\toks28
\thm@bodyfont=\toks29
\thm@headfont=\toks30
\thm@notefont=\toks31
\thm@headpunct=\toks32
\thm@preskip=\skip56
\thm@postskip=\skip57
\thm@headsep=\skip58
\dth@everypar=\toks33
)
(/usr/local/texlive/2026/texmf-dist/tex/latex/amsfonts/amssymb.sty
Package: amssymb 2013/01/14 v3.01 AMS font symbols

(/usr/local/texlive/2026/texmf-dist/tex/latex/amsfonts/amsfonts.sty
Package: amsfonts 2013/01/14 v3.01 Basic AMSFonts support
\symAMSa=\mathgroup4
\symAMSb=\mathgroup5
LaTeX Font Info:    Redeclaring math symbol \hbar on input line 98.
LaTeX Font Info:    Overwriting math alphabet `\mathfrak' in version `bold'
(Font)                  U/euf/m/n --> U/euf/b/n on input line 106.
))
(/usr/local/texlive/2026/texmf-dist/tex/latex/cancel/cancel.sty
Package: cancel 2013/04/12 v2.2 Cancel math terms
)
(/usr/local/texlive/2026/texmf-dist/tex/latex/caption/caption.sty
Package: caption 2023/08/05 v3.6o Customizing captions (AR)

(/usr/local/texlive/2026/texmf-dist/tex/latex/caption/caption3.sty
Package: caption3 2023/07/31 v2.4d caption3 kernel (AR)
\caption@tempdima=\dimen187
\captionmargin=\dimen188
\caption@leftmargin=\dimen189
\caption@rightmargin=\dimen190
\caption@width=\dimen191
\caption@indent=\dimen192
\caption@parindent=\dimen193
\caption@hangindent=\dimen194
Package caption Info: Standard document class detected.
)
\c@caption@flags=\count319
\c@continuedfloat=\count320
)
(/usr/local/texlive/2026/texmf-dist/tex/latex/caption/subcaption.sty
Package: subcaption 2023/07/28 v1.6b Sub-captions (AR)
Package caption Info: New subtype `subfigure' on input line 238.
\c@subfigure=\count321
Package caption Info: New subtype `subtable' on input line 238.
\c@subtable=\count322
)
(/usr/local/texlive/2026/texmf-dist/tex/latex/float/float.sty
Package: float 2001/11/08 v1.3d Float enhancements (AL)
\c@float@type=\count323
\float@exts=\toks34
\float@box=\box58
\@float@everytoks=\toks35
\@floatcapt=\box59
)
(/usr/local/texlive/2026/texmf-dist/tex/latex/enumitem/enumitem.sty
Package: enumitem 2025/02/06 v3.11 Customized lists
\labelindent=\skip59
\enit@outerparindent=\dimen195
\enit@toks=\toks36
\enit@inbox=\box60
\enit@count@id=\count324
\enitdp@description=\count325
)
(/usr/local/texlive/2026/texmf-dist/tex/latex/hyperref/hyperref.sty
Package: hyperref 2026-01-29 v7.01p Hypertext links for LaTeX

(/usr/local/texlive/2026/texmf-dist/tex/latex/kvsetkeys/kvsetkeys.sty
Package: kvsetkeys 2022-10-05 v1.19 Key value parser (HO)
)
(/usr/local/texlive/2026/texmf-dist/tex/generic/kvdefinekeys/kvdefinekeys.sty
Package: kvdefinekeys 2019-12-19 v1.6 Define keys (HO)
)
(/usr/local/texlive/2026/texmf-dist/tex/generic/pdfescape/pdfescape.sty
Package: pdfescape 2019/12/09 v1.15 Implements pdfTeX's escape features (HO)

(/usr/local/texlive/2026/texmf-dist/tex/generic/ltxcmds/ltxcmds.sty
Package: ltxcmds 2023-12-04 v1.26 LaTeX kernel commands for general use (HO)
)
(/usr/local/texlive/2026/texmf-dist/tex/generic/pdftexcmds/pdftexcmds.sty
Package: pdftexcmds 2020-06-27 v0.33 Utility functions of pdfTeX for LuaTeX (HO
)

(/usr/local/texlive/2026/texmf-dist/tex/generic/infwarerr/infwarerr.sty
Package: infwarerr 2019/12/03 v1.5 Providing info/warning/error messages (HO)
)
Package pdftexcmds Info: \pdf@primitive is available.
Package pdftexcmds Info: \pdf@ifprimitive is available.
Package pdftexcmds Info: \pdfdraftmode found.
))
(/usr/local/texlive/2026/texmf-dist/tex/latex/hycolor/hycolor.sty
Package: hycolor 2020-01-27 v1.10 Color options for hyperref/bookmark (HO)
)
(/usr/local/texlive/2026/texmf-dist/tex/latex/hyperref/nameref.sty
Package: nameref 2026-01-29 v2.58 Cross-referencing by name of section

(/usr/local/texlive/2026/texmf-dist/tex/latex/refcount/refcount.sty
Package: refcount 2019/12/15 v3.6 Data extraction from label references (HO)
)
(/usr/local/texlive/2026/texmf-dist/tex/generic/gettitlestring/gettitlestring.s
ty
Package: gettitlestring 2019/12/15 v1.6 Cleanup title references (HO)
 (/usr/local/texlive/2026/texmf-dist/tex/latex/kvoptions/kvoptions.sty
Package: kvoptions 2022-06-15 v3.15 Key value format for package options (HO)
))
\c@section@level=\count326
)
(/usr/local/texlive/2026/texmf-dist/tex/latex/etoolbox/etoolbox.sty
Package: etoolbox 2025/10/02 v2.5m e-TeX tools for LaTeX (JAW)
\etb@tempcnta=\count327
)
(/usr/local/texlive/2026/texmf-dist/tex/generic/stringenc/stringenc.sty
Package: stringenc 2019/11/29 v1.12 Convert strings between diff. encodings (HO
)
)
\@linkdim=\dimen196
\Hy@linkcounter=\count328
\Hy@pagecounter=\count329

(/usr/local/texlive/2026/texmf-dist/tex/latex/hyperref/pd1enc.def
File: pd1enc.def 2026-01-29 v7.01p Hyperref: PDFDocEncoding definition (HO)
Now handling font encoding PD1 ...
... no UTF-8 mapping file for font encoding PD1
)
(/usr/local/texlive/2026/texmf-dist/tex/generic/intcalc/intcalc.sty
Package: intcalc 2019/12/15 v1.3 Expandable calculations with integers (HO)
)
\Hy@SavedSpaceFactor=\count330

(/usr/local/texlive/2026/texmf-dist/tex/latex/hyperref/puenc.def
File: puenc.def 2026-01-29 v7.01p Hyperref: PDF Unicode definition (HO)
Now handling font encoding PU ...
... no UTF-8 mapping file for font encoding PU
)
Package hyperref Info: Hyper figures OFF on input line 4201.
Package hyperref Info: Link nesting OFF on input line 4206.
Package hyperref Info: Hyper index ON on input line 4209.
Package hyperref Info: Plain pages OFF on input line 4216.
Package hyperref Info: Backreferencing OFF on input line 4221.
Package hyperref Info: Implicit mode ON; LaTeX internals redefined.
Package hyperref Info: Bookmarks ON on input line 4468.
\c@Hy@tempcnt=\count331

(/usr/local/texlive/2026/texmf-dist/tex/latex/url/url.sty
\Urlmuskip=\muskip18
Package: url 2013/09/16  ver 3.4  Verb mode for urls, etc.
)
LaTeX Info: Redefining \url on input line 4807.
\XeTeXLinkMargin=\dimen197

(/usr/local/texlive/2026/texmf-dist/tex/generic/bitset/bitset.sty
Package: bitset 2019/12/09 v1.3 Handle bit-vector datatype (HO)

(/usr/local/texlive/2026/texmf-dist/tex/generic/bigintcalc/bigintcalc.sty
Package: bigintcalc 2019/12/15 v1.5 Expandable calculations on big integers (HO
)
))
\Fld@menulength=\count332
\Field@Width=\dimen198
\Fld@charsize=\dimen199
Package hyperref Info: Hyper figures OFF on input line 6084.
Package hyperref Info: Link nesting OFF on input line 6089.
Package hyperref Info: Hyper index ON on input line 6092.
Package hyperref Info: backreferencing OFF on input line 6099.
Package hyperref Info: Link coloring OFF on input line 6104.
Package hyperref Info: Link coloring with OCG OFF on input line 6109.
Package hyperref Info: PDF/A mode OFF on input line 6114.
\Hy@abspage=\count333
\c@Item=\count334
\c@Hfootnote=\count335
)
Package hyperref Info: Driver (autodetected): hpdftex.

(/usr/local/texlive/2026/texmf-dist/tex/latex/hyperref/hpdftex.def
File: hpdftex.def 2026-01-29 v7.01p Hyperref driver for pdfTeX
\Fld@listcount=\count336
\c@bookmark@seq@number=\count337

(/usr/local/texlive/2026/texmf-dist/tex/latex/rerunfilecheck/rerunfilecheck.sty
Package: rerunfilecheck 2025-06-21 v1.11 Rerun checks for auxiliary files (HO)

(/usr/local/texlive/2026/texmf-dist/tex/generic/uniquecounter/uniquecounter.sty
Package: uniquecounter 2019/12/15 v1.4 Provide unlimited unique counter (HO)
)
Package uniquecounter Info: New unique counter `rerunfilecheck' on input line 2
84.
)
\Hy@SectionHShift=\skip60
) (/usr/local/texlive/2026/texmf-dist/tex/latex/makecell/makecell.sty
Package: makecell 2009/08/03 V0.1e Managing of Tab Column Heads and Cells

(/usr/local/texlive/2026/texmf-dist/tex/latex/tools/array.sty
Package: array 2025/09/25 v2.6n Tabular extension package (FMi)
\col@sep=\dimen256
\ar@mcellbox=\box61
\extrarowheight=\dimen257
\NC@list=\toks37
\extratabsurround=\skip61
\backup@length=\skip62
\ar@cellbox=\box62
)
\rotheadsize=\dimen258
\c@nlinenum=\count338
\TeXr@lab=\toks38
)
(/usr/local/texlive/2026/texmf-dist/tex/latex/chronology/chronology.sty
Package: chronology 2023/08/20 v2.0 - Horizontal Timeline

(/usr/local/texlive/2026/texmf-dist/tex/latex/tools/calc.sty
Package: calc 2025/03/01 v4.3b Infix arithmetic (KKT,FJ)
\calc@Acount=\count339
\calc@Bcount=\count340
\calc@Adimen=\dimen259
\calc@Bdimen=\dimen260
\calc@Askip=\skip63
\calc@Bskip=\skip64
LaTeX Info: Redefining \setlength on input line 86.
LaTeX Info: Redefining \addtolength on input line 87.
\calc@Ccount=\count341
\calc@Cskip=\skip65
)
(/usr/local/texlive/2026/texmf-dist/tex/latex/pgf/frontendlayer/tikz.sty
(/usr/local/texlive/2026/texmf-dist/tex/latex/pgf/basiclayer/pgf.sty
(/usr/local/texlive/2026/texmf-dist/tex/latex/pgf/utilities/pgfrcs.sty
(/usr/local/texlive/2026/texmf-dist/tex/generic/pgf/utilities/pgfutil-common.te
x
\pgfutil@everybye=\toks39
\pgfutil@tempdima=\dimen261
\pgfutil@tempdimb=\dimen262
)
(/usr/local/texlive/2026/texmf-dist/tex/generic/pgf/utilities/pgfutil-latex.def
\pgfutil@abb=\box63
) (/usr/local/texlive/2026/texmf-dist/tex/generic/pgf/utilities/pgfrcs.code.tex
(/usr/local/texlive/2026/texmf-dist/tex/generic/pgf/pgf.revision.tex)
Package: pgfrcs 2025-08-29 v3.1.11a (3.1.11a)
))
Package: pgf 2025-08-29 v3.1.11a (3.1.11a)

(/usr/local/texlive/2026/texmf-dist/tex/latex/pgf/basiclayer/pgfcore.sty
(/usr/local/texlive/2026/texmf-dist/tex/latex/pgf/systemlayer/pgfsys.sty
(/usr/local/texlive/2026/texmf-dist/tex/generic/pgf/systemlayer/pgfsys.code.tex
Package: pgfsys 2025-08-29 v3.1.11a (3.1.11a)
(/usr/local/texlive/2026/texmf-dist/tex/generic/pgf/utilities/pgfkeys.code.tex
\pgfkeys@pathtoks=\toks40
\pgfkeys@temptoks=\toks41

(/usr/local/texlive/2026/texmf-dist/tex/generic/pgf/utilities/pgfkeyslibraryfil
tered.code.tex
\pgfkeys@tmptoks=\toks42
))
\pgf@x=\dimen263
\pgf@y=\dimen264
\pgf@xa=\dimen265
\pgf@ya=\dimen266
\pgf@xb=\dimen267
\pgf@yb=\dimen268
\pgf@xc=\dimen269
\pgf@yc=\dimen270
\pgf@xd=\dimen271
\pgf@yd=\dimen272
\w@pgf@writea=\write3
\r@pgf@reada=\read2
\c@pgf@counta=\count342
\c@pgf@countb=\count343
\c@pgf@countc=\count344
\c@pgf@countd=\count345
\t@pgf@toka=\toks43
\t@pgf@tokb=\toks44
\t@pgf@tokc=\toks45
\pgf@sys@id@count=\count346

(/usr/local/texlive/2026/texmf-dist/tex/generic/pgf/systemlayer/pgf.cfg
File: pgf.cfg 2025-08-29 v3.1.11a (3.1.11a)
)
Driver file for pgf: pgfsys-pdftex.def

(/usr/local/texlive/2026/texmf-dist/tex/generic/pgf/systemlayer/pgfsys-pdftex.d
ef
File: pgfsys-pdftex.def 2025-08-29 v3.1.11a (3.1.11a)

(/usr/local/texlive/2026/texmf-dist/tex/generic/pgf/systemlayer/pgfsys-common-p
df.def
File: pgfsys-common-pdf.def 2025-08-29 v3.1.11a (3.1.11a)
)))
(/usr/local/texlive/2026/texmf-dist/tex/generic/pgf/systemlayer/pgfsyssoftpath.
code.tex
File: pgfsyssoftpath.code.tex 2025-08-29 v3.1.11a (3.1.11a)
\pgfsyssoftpath@smallbuffer@items=\count347
\pgfsyssoftpath@bigbuffer@items=\count348
)
(/usr/local/texlive/2026/texmf-dist/tex/generic/pgf/systemlayer/pgfsysprotocol.
code.tex
File: pgfsysprotocol.code.tex 2025-08-29 v3.1.11a (3.1.11a)
))
(/usr/local/texlive/2026/texmf-dist/tex/generic/pgf/basiclayer/pgfcore.code.tex
Package: pgfcore 2025-08-29 v3.1.11a (3.1.11a)
(/usr/local/texlive/2026/texmf-dist/tex/generic/pgf/math/pgfmath.code.tex
(/usr/local/texlive/2026/texmf-dist/tex/generic/pgf/math/pgfmathutil.code.tex)
(/usr/local/texlive/2026/texmf-dist/tex/generic/pgf/math/pgfmathparser.code.tex
\pgfmath@dimen=\dimen273
\pgfmath@count=\count349
\pgfmath@box=\box64
\pgfmath@toks=\toks46
\pgfmath@stack@operand=\toks47
\pgfmath@stack@operation=\toks48
)
(/usr/local/texlive/2026/texmf-dist/tex/generic/pgf/math/pgfmathfunctions.code.
tex)
(/usr/local/texlive/2026/texmf-dist/tex/generic/pgf/math/pgfmathfunctions.basic
.code.tex)
(/usr/local/texlive/2026/texmf-dist/tex/generic/pgf/math/pgfmathfunctions.trigo
nometric.code.tex)
(/usr/local/texlive/2026/texmf-dist/tex/generic/pgf/math/pgfmathfunctions.rando
m.code.tex)
(/usr/local/texlive/2026/texmf-dist/tex/generic/pgf/math/pgfmathfunctions.compa
rison.code.tex)
(/usr/local/texlive/2026/texmf-dist/tex/generic/pgf/math/pgfmathfunctions.base.
code.tex)
(/usr/local/texlive/2026/texmf-dist/tex/generic/pgf/math/pgfmathfunctions.round
.code.tex)
(/usr/local/texlive/2026/texmf-dist/tex/generic/pgf/math/pgfmathfunctions.misc.
code.tex)
(/usr/local/texlive/2026/texmf-dist/tex/generic/pgf/math/pgfmathfunctions.integ
erarithmetics.code.tex)
(/usr/local/texlive/2026/texmf-dist/tex/generic/pgf/math/pgfmathcalc.code.tex)
(/usr/local/texlive/2026/texmf-dist/tex/generic/pgf/math/pgfmathfloat.code.tex
\c@pgfmathroundto@lastzeros=\count350
)) (/usr/local/texlive/2026/texmf-dist/tex/generic/pgf/math/pgfint.code.tex)
(/usr/local/texlive/2026/texmf-dist/tex/generic/pgf/basiclayer/pgfcorepoints.co
de.tex
File: pgfcorepoints.code.tex 2025-08-29 v3.1.11a (3.1.11a)
\pgf@picminx=\dimen274
\pgf@picmaxx=\dimen275
\pgf@picminy=\dimen276
\pgf@picmaxy=\dimen277
\pgf@pathminx=\dimen278
\pgf@pathmaxx=\dimen279
\pgf@pathminy=\dimen280
\pgf@pathmaxy=\dimen281
\pgf@xx=\dimen282
\pgf@xy=\dimen283
\pgf@yx=\dimen284
\pgf@yy=\dimen285
\pgf@zx=\dimen286
\pgf@zy=\dimen287
)
(/usr/local/texlive/2026/texmf-dist/tex/generic/pgf/basiclayer/pgfcorepathconst
ruct.code.tex
File: pgfcorepathconstruct.code.tex 2025-08-29 v3.1.11a (3.1.11a)
\pgf@path@lastx=\dimen288
\pgf@path@lasty=\dimen289
)
(/usr/local/texlive/2026/texmf-dist/tex/generic/pgf/basiclayer/pgfcorepathusage
.code.tex
File: pgfcorepathusage.code.tex 2025-08-29 v3.1.11a (3.1.11a)
\pgf@shorten@end@additional=\dimen290
\pgf@shorten@start@additional=\dimen291
)
(/usr/local/texlive/2026/texmf-dist/tex/generic/pgf/basiclayer/pgfcorescopes.co
de.tex
File: pgfcorescopes.code.tex 2025-08-29 v3.1.11a (3.1.11a)
\pgfpic=\box65
\pgf@hbox=\box66
\pgf@layerbox@main=\box67
\pgf@picture@serial@count=\count351
)
(/usr/local/texlive/2026/texmf-dist/tex/generic/pgf/basiclayer/pgfcoregraphicst
ate.code.tex
File: pgfcoregraphicstate.code.tex 2025-08-29 v3.1.11a (3.1.11a)
\pgflinewidth=\dimen292
)
(/usr/local/texlive/2026/texmf-dist/tex/generic/pgf/basiclayer/pgfcoretransform
ations.code.tex
File: pgfcoretransformations.code.tex 2025-08-29 v3.1.11a (3.1.11a)
\pgf@pt@x=\dimen293
\pgf@pt@y=\dimen294
\pgf@pt@temp=\dimen295
)
(/usr/local/texlive/2026/texmf-dist/tex/generic/pgf/basiclayer/pgfcorequick.cod
e.tex
File: pgfcorequick.code.tex 2025-08-29 v3.1.11a (3.1.11a)
)
(/usr/local/texlive/2026/texmf-dist/tex/generic/pgf/basiclayer/pgfcoreobjects.c
ode.tex
File: pgfcoreobjects.code.tex 2025-08-29 v3.1.11a (3.1.11a)
)
(/usr/local/texlive/2026/texmf-dist/tex/generic/pgf/basiclayer/pgfcorepathproce
ssing.code.tex
File: pgfcorepathprocessing.code.tex 2025-08-29 v3.1.11a (3.1.11a)
)
(/usr/local/texlive/2026/texmf-dist/tex/generic/pgf/basiclayer/pgfcorearrows.co
de.tex
File: pgfcorearrows.code.tex 2025-08-29 v3.1.11a (3.1.11a)
\pgfarrowsep=\dimen296
)
(/usr/local/texlive/2026/texmf-dist/tex/generic/pgf/basiclayer/pgfcoreshade.cod
e.tex
File: pgfcoreshade.code.tex 2025-08-29 v3.1.11a (3.1.11a)
\pgf@max=\dimen297
\pgf@sys@shading@range@num=\count352
\pgf@shadingcount=\count353
)
(/usr/local/texlive/2026/texmf-dist/tex/generic/pgf/basiclayer/pgfcoreimage.cod
e.tex
File: pgfcoreimage.code.tex 2025-08-29 v3.1.11a (3.1.11a)
)
(/usr/local/texlive/2026/texmf-dist/tex/generic/pgf/basiclayer/pgfcoreexternal.
code.tex
File: pgfcoreexternal.code.tex 2025-08-29 v3.1.11a (3.1.11a)
\pgfexternal@startupbox=\box68
)
(/usr/local/texlive/2026/texmf-dist/tex/generic/pgf/basiclayer/pgfcorelayers.co
de.tex
File: pgfcorelayers.code.tex 2025-08-29 v3.1.11a (3.1.11a)
)
(/usr/local/texlive/2026/texmf-dist/tex/generic/pgf/basiclayer/pgfcoretranspare
ncy.code.tex
File: pgfcoretransparency.code.tex 2025-08-29 v3.1.11a (3.1.11a)
)
(/usr/local/texlive/2026/texmf-dist/tex/generic/pgf/basiclayer/pgfcorepatterns.
code.tex
File: pgfcorepatterns.code.tex 2025-08-29 v3.1.11a (3.1.11a)
)
(/usr/local/texlive/2026/texmf-dist/tex/generic/pgf/basiclayer/pgfcorerdf.code.
tex
File: pgfcorerdf.code.tex 2025-08-29 v3.1.11a (3.1.11a)
)))
(/usr/local/texlive/2026/texmf-dist/tex/generic/pgf/modules/pgfmoduleshapes.cod
e.tex
File: pgfmoduleshapes.code.tex 2025-08-29 v3.1.11a (3.1.11a)
\pgfnodeparttextbox=\box69
)
(/usr/local/texlive/2026/texmf-dist/tex/generic/pgf/modules/pgfmoduleplot.code.
tex
File: pgfmoduleplot.code.tex 2025-08-29 v3.1.11a (3.1.11a)
)
(/usr/local/texlive/2026/texmf-dist/tex/latex/pgf/compatibility/pgfcomp-version
-0-65.sty
Package: pgfcomp-version-0-65 2025-08-29 v3.1.11a (3.1.11a)
\pgf@nodesepstart=\dimen298
\pgf@nodesepend=\dimen299
)
(/usr/local/texlive/2026/texmf-dist/tex/latex/pgf/compatibility/pgfcomp-version
-1-18.sty
Package: pgfcomp-version-1-18 2025-08-29 v3.1.11a (3.1.11a)
))
(/usr/local/texlive/2026/texmf-dist/tex/latex/pgf/utilities/pgffor.sty
(/usr/local/texlive/2026/texmf-dist/tex/latex/pgf/utilities/pgfkeys.sty
(/usr/local/texlive/2026/texmf-dist/tex/generic/pgf/utilities/pgfkeys.code.tex)
) (/usr/local/texlive/2026/texmf-dist/tex/latex/pgf/math/pgfmath.sty
(/usr/local/texlive/2026/texmf-dist/tex/generic/pgf/math/pgfmath.code.tex))
(/usr/local/texlive/2026/texmf-dist/tex/generic/pgf/utilities/pgffor.code.tex
Package: pgffor 2025-08-29 v3.1.11a (3.1.11a)
\pgffor@iter=\dimen300
\pgffor@skip=\dimen301
\pgffor@stack=\toks49
\pgffor@toks=\toks50
))
(/usr/local/texlive/2026/texmf-dist/tex/generic/pgf/frontendlayer/tikz/tikz.cod
e.tex
Package: tikz 2025-08-29 v3.1.11a (3.1.11a)

(/usr/local/texlive/2026/texmf-dist/tex/generic/pgf/libraries/pgflibraryplothan
dlers.code.tex
File: pgflibraryplothandlers.code.tex 2025-08-29 v3.1.11a (3.1.11a)
\pgf@plot@mark@count=\count354
\pgfplotmarksize=\dimen302
)
\tikz@lastx=\dimen303
\tikz@lasty=\dimen304
\tikz@lastxsaved=\dimen305
\tikz@lastysaved=\dimen306
\tikz@lastmovetox=\dimen307
\tikz@lastmovetoy=\dimen308
\tikzleveldistance=\dimen309
\tikzsiblingdistance=\dimen310
\tikz@figbox=\box70
\tikz@figbox@bg=\box71
\tikz@tempbox=\box72
\tikz@tempbox@bg=\box73
\tikztreelevel=\count355
\tikznumberofchildren=\count356
\tikznumberofcurrentchild=\count357
\tikz@fig@count=\count358

(/usr/local/texlive/2026/texmf-dist/tex/generic/pgf/modules/pgfmodulematrix.cod
e.tex
File: pgfmodulematrix.code.tex 2025-08-29 v3.1.11a (3.1.11a)
\pgfmatrixcurrentrow=\count359
\pgfmatrixcurrentcolumn=\count360
\pgf@matrix@numberofcolumns=\count361
)
\tikz@expandcount=\count362

(/usr/local/texlive/2026/texmf-dist/tex/generic/pgf/frontendlayer/tikz/librarie
s/tikzlibrarytopaths.code.tex
File: tikzlibrarytopaths.code.tex 2025-08-29 v3.1.11a (3.1.11a)
)))
(/usr/local/texlive/2026/texmf-dist/tex/latex/l3packages/xparse/xparse.sty
(/usr/local/texlive/2026/texmf-dist/tex/latex/l3kernel/expl3.sty
Package: expl3 2026-01-19 L3 programming layer (loader) 

(/usr/local/texlive/2026/texmf-dist/tex/latex/l3backend/l3backend-pdftex.def
File: l3backend-pdftex.def 2025-10-09 L3 backend support: PDF output (pdfTeX)
\l__color_backend_stack_int=\count363
))
Package: xparse 2025-10-09 L3 Experimental document command parser
)
\c@step=\count364
\c@stepstart=\count365
\c@stepstop=\count366
\c@yearstart=\count367
\c@yearstop=\count368
\c@deltayears=\count369
\xstart=\skip66
\xstop=\skip67
\unit=\skip68
\timelinewidth=\skip69
\timelinebox=\box74
) (/usr/local/texlive/2026/texmf-dist/tex/latex/cleveref/cleveref.sty
Package: cleveref 2018/03/27 v0.21.4 Intelligent cross-referencing
Package cleveref Info: `hyperref' support loaded on input line 2370.
LaTeX Info: Redefining \cref on input line 2370.
LaTeX Info: Redefining \Cref on input line 2370.
LaTeX Info: Redefining \crefrange on input line 2370.
LaTeX Info: Redefining \Crefrange on input line 2370.
LaTeX Info: Redefining \cpageref on input line 2370.
LaTeX Info: Redefining \Cpageref on input line 2370.
LaTeX Info: Redefining \cpagerefrange on input line 2370.
LaTeX Info: Redefining \Cpagerefrange on input line 2370.
LaTeX Info: Redefining \labelcref on input line 2370.
LaTeX Info: Redefining \labelcpageref on input line 2370.
Package cleveref Info: `amsthm' support loaded on input line 3026.
)
==> First Aid for cleveref.sty applied!
(/usr/local/texlive/2026/texmf-dist/tex/latex/fancyhdr/fancyhdr.sty
Package: fancyhdr 2025/02/07 v5.2 Extensive control of page headers and footers

\f@nch@headwidth=\skip70
\f@nch@offset@elh=\skip71
\f@nch@offset@erh=\skip72
\f@nch@offset@olh=\skip73
\f@nch@offset@orh=\skip74
\f@nch@offset@elf=\skip75
\f@nch@offset@erf=\skip76
\f@nch@offset@olf=\skip77
\f@nch@offset@orf=\skip78
\f@nch@height=\skip79
\f@nch@footalignment=\skip80
\f@nch@widthL=\skip81
\f@nch@widthC=\skip82
\f@nch@widthR=\skip83
\@temptokenb=\toks51
)
(/usr/local/texlive/2026/texmf-dist/tex/generic/mathabx/mathabx.sty
Package: mathabx 2003/07/29 v0.0 Non-standard LaTeX package mathabx
\symmatha=\mathgroup6
\symmathb=\mathgroup7
\symmathx=\mathgroup8

(/usr/local/texlive/2026/texmf-dist/tex/generic/mathabx/mathabx.dcl
LaTeX Font Info:    Redeclaring math symbol \cdotp on input line 25.
LaTeX Font Info:    Redeclaring math symbol \times on input line 33.
LaTeX Font Info:    Redeclaring math symbol \div on input line 34.
LaTeX Font Info:    Redeclaring math symbol \cdot on input line 35.
LaTeX Font Info:    Redeclaring math symbol \circ on input line 36.
LaTeX Font Info:    Redeclaring math symbol \ast on input line 38.
LaTeX Font Info:    Redeclaring math symbol \pm on input line 41.
LaTeX Font Info:    Redeclaring math symbol \mp on input line 42.
LaTeX Font Info:    Redeclaring math symbol \ltimes on input line 43.
LaTeX Font Info:    Redeclaring math symbol \rtimes on input line 44.
LaTeX Font Info:    Redeclaring math symbol \diamond on input line 45.
LaTeX Font Info:    Redeclaring math symbol \bullet on input line 46.
LaTeX Font Info:    Redeclaring math symbol \star on input line 47.
LaTeX Font Info:    Redeclaring math symbol \amalg on input line 51.
LaTeX Font Info:    Redeclaring math symbol \dotplus on input line 58.
LaTeX Font Info:    Redeclaring math symbol \square on input line 63.
LaTeX Font Info:    Redeclaring math symbol \divideontimes on input line 71.
LaTeX Font Info:    Redeclaring math symbol \bigstar on input line 75.
LaTeX Font Info:    Redeclaring math symbol \equiv on input line 83.
LaTeX Font Info:    Redeclaring math symbol \sim on input line 84.
LaTeX Font Info:    Redeclaring math symbol \approx on input line 85.
LaTeX Font Info:    Redeclaring math symbol \simeq on input line 86.
LaTeX Font Info:    Redeclaring math symbol \asymp on input line 89.
LaTeX Font Info:    Redeclaring math symbol \nsim on input line 97.
LaTeX Font Info:    Redeclaring math symbol \ncong on input line 100.
LaTeX Font Info:    Redeclaring math symbol \risingdotseq on input line 118.
LaTeX Font Info:    Redeclaring math symbol \fallingdotseq on input line 119.
LaTeX Font Info:    Redeclaring math symbol \circeq on input line 125.
LaTeX Font Info:    Redeclaring math symbol \eqcirc on input line 126.
LaTeX Font Info:    Redeclaring math symbol \triangleq on input line 127.
LaTeX Font Info:    Redeclaring math symbol \neg on input line 134.
LaTeX Font Info:    Redeclaring math symbol \ll on input line 136.
LaTeX Font Info:    Redeclaring math symbol \gg on input line 137.
LaTeX Font Info:    Redeclaring math symbol \vdash on input line 139.
LaTeX Font Info:    Redeclaring math symbol \dashv on input line 140.
LaTeX Font Info:    Redeclaring math symbol \nvdash on input line 141.
LaTeX Font Info:    Redeclaring math symbol \vDash on input line 143.
LaTeX Font Info:    Redeclaring math symbol \nvDash on input line 145.
LaTeX Font Info:    Redeclaring math symbol \Vdash on input line 147.
LaTeX Font Info:    Redeclaring math symbol \nVdash on input line 149.
LaTeX Font Info:    Redeclaring math symbol \flat on input line 158.
LaTeX Font Info:    Redeclaring math symbol \natural on input line 159.
LaTeX Font Info:    Redeclaring math symbol \sharp on input line 160.
LaTeX Font Info:    Redeclaring math symbol \infty on input line 161.
LaTeX Font Info:    Redeclaring math symbol \propto on input line 162.
LaTeX Font Info:    Redeclaring math symbol \dagger on input line 163.
LaTeX Font Info:    Redeclaring math symbol \ddagger on input line 164.
LaTeX Font Info:    Redeclaring math symbol \between on input line 170.
LaTeX Font Info:    Redeclaring math symbol \smile on input line 171.
LaTeX Font Info:    Redeclaring math symbol \frown on input line 172.
LaTeX Font Info:    Redeclaring math symbol \leftthreetimes on input line 174.
LaTeX Font Info:    Redeclaring math symbol \rightthreetimes on input line 175.

LaTeX Font Info:    Redeclaring math symbol \pitchfork on input line 176.
LaTeX Font Info:    Redeclaring math symbol \nVDash on input line 182.
LaTeX Font Info:    Redeclaring math symbol \Vvdash on input line 184.
LaTeX Font Info:    Redeclaring math symbol \therefore on input line 189.
LaTeX Font Info:    Redeclaring math symbol \because on input line 190.
LaTeX Font Info:    Redeclaring math accent \dot on input line 193.
LaTeX Font Info:    Redeclaring math accent \ddot on input line 195.
LaTeX Font Info:    Redeclaring math symbol \measuredangle on input line 202.
LaTeX Font Info:    Redeclaring math symbol \sphericalangle on input line 203.
LaTeX Font Info:    Redeclaring math symbol \setminus on input line 218.
LaTeX Font Info:    Redeclaring math symbol \mid on input line 222.
LaTeX Font Info:    Redeclaring math symbol \forall on input line 279.
LaTeX Font Info:    Redeclaring math symbol \complement on input line 280.
LaTeX Font Info:    Redeclaring math symbol \partial on input line 281.
LaTeX Font Info:    Redeclaring math symbol \exists on input line 284.
LaTeX Font Info:    Redeclaring math symbol \nexists on input line 285.
LaTeX Font Info:    Redeclaring math symbol \Finv on input line 286.
LaTeX Font Info:    Redeclaring math symbol \Game on input line 287.
LaTeX Font Info:    Redeclaring math symbol \emptyset on input line 288.
LaTeX Font Info:    Redeclaring math symbol \top on input line 290.
LaTeX Font Info:    Redeclaring math symbol \bot on input line 291.
LaTeX Font Info:    Redeclaring math symbol \perp on input line 292.
LaTeX Font Info:    Redeclaring math symbol \curlywedge on input line 296.
LaTeX Font Info:    Redeclaring math symbol \curlyvee on input line 297.
LaTeX Font Info:    Redeclaring math symbol \in on input line 299.
LaTeX Font Info:    Redeclaring math symbol \owns on input line 300.
LaTeX Font Info:    Redeclaring math symbol \cap on input line 312.
LaTeX Font Info:    Redeclaring math symbol \cup on input line 313.
LaTeX Font Info:    Redeclaring math symbol \uplus on input line 314.
LaTeX Font Info:    Redeclaring math symbol \sqcap on input line 315.
LaTeX Font Info:    Redeclaring math symbol \sqcup on input line 316.
LaTeX Font Info:    Redeclaring math symbol \wedge on input line 318.
LaTeX Font Info:    Redeclaring math symbol \vee on input line 320.
LaTeX Font Info:    Redeclaring math symbol \barwedge on input line 327.
LaTeX Font Info:    Redeclaring math symbol \veebar on input line 328.
LaTeX Font Info:    Redeclaring math symbol \doublebarwedge on input line 329.
LaTeX Font Info:    Redeclaring math symbol \doublecap on input line 331.
LaTeX Font Info:    Redeclaring math symbol \doublecup on input line 333.
LaTeX Font Info:    Redeclaring math symbol \subset on input line 344.
LaTeX Font Info:    Redeclaring math symbol \supset on input line 345.
LaTeX Font Info:    Redeclaring math symbol \subseteq on input line 348.
LaTeX Font Info:    Redeclaring math symbol \supseteq on input line 349.
LaTeX Font Info:    Redeclaring math symbol \nsubseteq on input line 350.
LaTeX Font Info:    Redeclaring math symbol \nsupseteq on input line 351.
LaTeX Font Info:    Redeclaring math symbol \subsetneq on input line 352.
LaTeX Font Info:    Redeclaring math symbol \supsetneq on input line 353.
LaTeX Font Info:    Redeclaring math symbol \varsubsetneq on input line 354.
LaTeX Font Info:    Redeclaring math symbol \varsupsetneq on input line 355.
LaTeX Font Info:    Redeclaring math symbol \subseteqq on input line 357.
LaTeX Font Info:    Redeclaring math symbol \supseteqq on input line 358.
LaTeX Font Info:    Redeclaring math symbol \nsubseteqq on input line 359.
LaTeX Font Info:    Redeclaring math symbol \nsupseteqq on input line 360.
LaTeX Font Info:    Redeclaring math symbol \subsetneqq on input line 361.
LaTeX Font Info:    Redeclaring math symbol \supsetneqq on input line 362.
LaTeX Font Info:    Redeclaring math symbol \varsubsetneqq on input line 363.
LaTeX Font Info:    Redeclaring math symbol \varsupsetneqq on input line 364.
LaTeX Font Info:    Redeclaring math symbol \Subset on input line 366.
LaTeX Font Info:    Redeclaring math symbol \Supset on input line 367.
LaTeX Font Info:    Redeclaring math symbol \sqsubseteq on input line 380.
LaTeX Font Info:    Redeclaring math symbol \sqsupseteq on input line 381.
LaTeX Font Info:    Redeclaring math symbol \triangleleft on input line 407.
LaTeX Font Info:    Redeclaring math symbol \vartriangleleft on input line 408.

LaTeX Font Info:    Redeclaring math symbol \triangleright on input line 409.
LaTeX Font Info:    Redeclaring math symbol \vartriangleright on input line 410
.
LaTeX Font Info:    Redeclaring math symbol \ntriangleleft on input line 411.
LaTeX Font Info:    Redeclaring math symbol \ntriangleright on input line 412.
LaTeX Font Info:    Redeclaring math symbol \trianglelefteq on input line 413.
LaTeX Font Info:    Redeclaring math symbol \trianglerighteq on input line 414.

LaTeX Font Info:    Redeclaring math symbol \ntrianglelefteq on input line 415.

LaTeX Font Info:    Redeclaring math symbol \ntrianglerighteq on input line 416
.
LaTeX Font Info:    Redeclaring math symbol \blacktriangledown on input line 42
7.
LaTeX Font Info:    Redeclaring math symbol \blacktriangleleft on input line 42
8.
LaTeX Font Info:    Redeclaring math symbol \blacktriangleright on input line 4
29.
LaTeX Font Info:    Redeclaring math symbol \nless on input line 437.
LaTeX Font Info:    Redeclaring math symbol \ngtr on input line 438.
LaTeX Font Info:    Redeclaring math symbol \leq on input line 439.
LaTeX Font Info:    Redeclaring math symbol \geq on input line 441.
LaTeX Font Info:    Redeclaring math symbol \nleq on input line 443.
LaTeX Font Info:    Redeclaring math symbol \ngeq on input line 445.
LaTeX Font Info:    Redeclaring math symbol \lneq on input line 451.
LaTeX Font Info:    Redeclaring math symbol \gneq on input line 452.
LaTeX Font Info:    Redeclaring math symbol \leqq on input line 453.
LaTeX Font Info:    Redeclaring math symbol \geqq on input line 454.
LaTeX Font Info:    Redeclaring math symbol \nleqq on input line 455.
LaTeX Font Info:    Redeclaring math symbol \ngeqq on input line 456.
LaTeX Font Info:    Redeclaring math symbol \lneqq on input line 457.
LaTeX Font Info:    Redeclaring math symbol \gneqq on input line 458.
LaTeX Font Info:    Redeclaring math symbol \lvertneqq on input line 459.
LaTeX Font Info:    Redeclaring math symbol \gvertneqq on input line 460.
LaTeX Font Info:    Redeclaring math symbol \eqslantless on input line 461.
LaTeX Font Info:    Redeclaring math symbol \eqslantgtr on input line 462.
LaTeX Font Info:    Redeclaring math symbol \lessgtr on input line 465.
LaTeX Font Info:    Redeclaring math symbol \gtrless on input line 466.
LaTeX Font Info:    Redeclaring math symbol \lesseqgtr on input line 467.
LaTeX Font Info:    Redeclaring math symbol \gtreqless on input line 468.
LaTeX Font Info:    Redeclaring math symbol \lesseqqgtr on input line 469.
LaTeX Font Info:    Redeclaring math symbol \gtreqqless on input line 470.
LaTeX Font Info:    Redeclaring math symbol \lesssim on input line 472.
LaTeX Font Info:    Redeclaring math symbol \gtrsim on input line 473.
LaTeX Font Info:    Redeclaring math symbol \lnsim on input line 476.
LaTeX Font Info:    Redeclaring math symbol \gnsim on input line 477.
LaTeX Font Info:    Redeclaring math symbol \lessapprox on input line 478.
LaTeX Font Info:    Redeclaring math symbol \gtrapprox on input line 479.
LaTeX Font Info:    Redeclaring math symbol \lnapprox on input line 482.
LaTeX Font Info:    Redeclaring math symbol \gnapprox on input line 483.
LaTeX Font Info:    Redeclaring math symbol \lessdot on input line 485.
LaTeX Font Info:    Redeclaring math symbol \gtrdot on input line 486.
LaTeX Font Info:    Redeclaring math symbol \lll on input line 488.
LaTeX Font Info:    Redeclaring math symbol \ggg on input line 489.
LaTeX Font Info:    Redeclaring math symbol \prec on input line 498.
LaTeX Font Info:    Redeclaring math symbol \succ on input line 499.
LaTeX Font Info:    Redeclaring math symbol \nprec on input line 500.
LaTeX Font Info:    Redeclaring math symbol \nsucc on input line 501.
LaTeX Font Info:    Redeclaring math symbol \preccurlyeq on input line 502.
LaTeX Font Info:    Redeclaring math symbol \succcurlyeq on input line 503.
LaTeX Font Info:    Redeclaring math symbol \preceq on input line 506.
LaTeX Font Info:    Redeclaring math symbol \succeq on input line 507.
LaTeX Font Info:    Redeclaring math symbol \npreceq on input line 508.
LaTeX Font Info:    Redeclaring math symbol \nsucceq on input line 509.
LaTeX Font Info:    Redeclaring math symbol \curlyeqprec on input line 512.
LaTeX Font Info:    Redeclaring math symbol \curlyeqsucc on input line 513.
LaTeX Font Info:    Redeclaring math symbol \precsim on input line 517.
LaTeX Font Info:    Redeclaring math symbol \succsim on input line 518.
LaTeX Font Info:    Redeclaring math symbol \precnsim on input line 521.
LaTeX Font Info:    Redeclaring math symbol \succnsim on input line 522.
LaTeX Font Info:    Redeclaring math symbol \precapprox on input line 523.
LaTeX Font Info:    Redeclaring math symbol \succapprox on input line 524.
LaTeX Font Info:    Redeclaring math symbol \precnapprox on input line 527.
LaTeX Font Info:    Redeclaring math symbol \succnapprox on input line 528.
LaTeX Font Info:    Redeclaring math symbol \leftarrow on input line 540.
LaTeX Font Info:    Redeclaring math symbol \rightarrow on input line 542.
LaTeX Font Info:    Redeclaring math symbol \nwarrow on input line 546.
LaTeX Font Info:    Redeclaring math symbol \nearrow on input line 547.
LaTeX Font Info:    Redeclaring math symbol \swarrow on input line 548.
LaTeX Font Info:    Redeclaring math symbol \searrow on input line 549.
LaTeX Font Info:    Redeclaring math symbol \leftrightarrow on input line 550.
LaTeX Font Info:    Redeclaring math symbol \nleftarrow on input line 552.
LaTeX Font Info:    Redeclaring math symbol \nrightarrow on input line 553.
LaTeX Font Info:    Redeclaring math symbol \nleftrightarrow on input line 554.

LaTeX Font Info:    Redeclaring math symbol \mapstochar on input line 557.
LaTeX Font Info:    Redeclaring math symbol \leftharpoonup on input line 560.
LaTeX Font Info:    Redeclaring math symbol \rightharpoonup on input line 561.
LaTeX Font Info:    Redeclaring math symbol \leftharpoondown on input line 562.

LaTeX Font Info:    Redeclaring math symbol \rightharpoondown on input line 563
.
LaTeX Font Info:    Redeclaring math symbol \upharpoonleft on input line 564.
LaTeX Font Info:    Redeclaring math symbol \downharpoonleft on input line 565.

LaTeX Font Info:    Redeclaring math symbol \upharpoonright on input line 566.
LaTeX Font Info:    Redeclaring math symbol \restriction on input line 567.
LaTeX Font Info:    Redeclaring math symbol \downharpoonright on input line 568
.
LaTeX Font Info:    Redeclaring math symbol \leftrightharpoons on input line 56
9.
LaTeX Font Info:    Redeclaring math symbol \Leftarrow on input line 575.
LaTeX Font Info:    Redeclaring math symbol \Rightarrow on input line 576.
LaTeX Font Info:    Redeclaring math symbol \Leftrightarrow on input line 579.
LaTeX Font Info:    Redeclaring math symbol \nLeftarrow on input line 581.
LaTeX Font Info:    Redeclaring math symbol \nRightarrow on input line 582.
LaTeX Font Info:    Redeclaring math symbol \nLeftrightarrow on input line 583.

LaTeX Font Info:    Redeclaring math symbol \leftleftarrows on input line 593.
LaTeX Font Info:    Redeclaring math symbol \rightrightarrows on input line 594
.
LaTeX Font Info:    Redeclaring math symbol \upuparrows on input line 595.
LaTeX Font Info:    Redeclaring math symbol \downdownarrows on input line 596.
LaTeX Font Info:    Redeclaring math symbol \leftrightarrows on input line 597.

LaTeX Font Info:    Redeclaring math symbol \rightleftarrows on input line 598.

LaTeX Font Info:    Redeclaring math symbol \rhook on input line 612.
LaTeX Font Info:    Redeclaring math symbol \lhook on input line 613.
LaTeX Font Info:    Redeclaring math symbol \diagup on input line 614.
LaTeX Font Info:    Redeclaring math symbol \diagdown on input line 615.
LaTeX Font Info:    Redeclaring math symbol \Lsh on input line 617.
LaTeX Font Info:    Redeclaring math symbol \Rsh on input line 619.
LaTeX Font Info:    Redeclaring math symbol \looparrowleft on input line 624.
LaTeX Font Info:    Redeclaring math symbol \looparrowright on input line 626.
LaTeX Font Info:    Redeclaring math symbol \curvearrowleft on input line 631.
LaTeX Font Info:    Redeclaring math symbol \curvearrowright on input line 633.

LaTeX Font Info:    Redeclaring math symbol \circlearrowleft on input line 641.

LaTeX Font Info:    Redeclaring math symbol \circlearrowright on input line 642
.
LaTeX Font Info:    Redeclaring math symbol \rightsquigarrow on input line 645.

LaTeX Font Info:    Redeclaring math symbol \leftrightsquigarrow on input line 
646.
LaTeX Font Info:    Redeclaring math symbol \oplus on input line 658.
LaTeX Font Info:    Redeclaring math symbol \ominus on input line 659.
LaTeX Font Info:    Redeclaring math symbol \otimes on input line 661.
LaTeX Font Info:    Redeclaring math symbol \odot on input line 663.
LaTeX Font Info:    Redeclaring math symbol \oslash on input line 675.
LaTeX Font Info:    Redeclaring math symbol \boxplus on input line 683.
LaTeX Font Info:    Redeclaring math symbol \boxminus on input line 684.
LaTeX Font Info:    Redeclaring math symbol \boxtimes on input line 686.
LaTeX Font Info:    Redeclaring math symbol \boxdot on input line 688.
\mayacnter=\count370
\mayacnta=\count371
\mayacntb=\count372
\mayacntc=\count373
\mayawidth=\dimen311
LaTeX Font Info:    Redeclaring math symbol \intop on input line 753.
LaTeX Font Info:    Redeclaring math symbol \ointop on input line 760.
LaTeX Font Info:    Redeclaring math delimiter \lbrace on input line 842.
LaTeX Info: Redefining \{ on input line 846.
LaTeX Font Info:    Redeclaring math delimiter \rbrace on input line 848.
LaTeX Info: Redefining \} on input line 852.
LaTeX Font Info:    Redeclaring math delimiter \langle on input line 858.
LaTeX Font Info:    Redeclaring math delimiter \rangle on input line 859.
LaTeX Font Info:    Redeclaring math delimiter \vert on input line 863.
LaTeX Font Info:    Redeclaring math delimiter \Vert on input line 865.
LaTeX Font Info:    Redeclaring math delimiter \uparrow on input line 868.
LaTeX Font Info:    Redeclaring math delimiter \downarrow on input line 869.
LaTeX Font Info:    Redeclaring math delimiter \updownarrow on input line 870.
LaTeX Font Info:    Redeclaring math delimiter \Uparrow on input line 871.
LaTeX Font Info:    Redeclaring math delimiter \Downarrow on input line 872.
LaTeX Font Info:    Redeclaring math delimiter \Updownarrow on input line 873.
LaTeX Font Info:    Redeclaring math delimiter \lgroup on input line 880.
LaTeX Font Info:    Redeclaring math delimiter \rgroup on input line 881.
LaTeX Font Info:    Redeclaring math delimiter \lceil on input line 882.
LaTeX Font Info:    Redeclaring math delimiter \rceil on input line 883.
LaTeX Font Info:    Redeclaring math delimiter \lfloor on input line 884.
LaTeX Font Info:    Redeclaring math delimiter \rfloor on input line 885.
LaTeX Font Info:    Redeclaring math symbol \braceld on input line 903.
LaTeX Font Info:    Redeclaring math symbol \bracerd on input line 905.
LaTeX Font Info:    Redeclaring math symbol \bracelu on input line 907.
LaTeX Font Info:    Redeclaring math symbol \braceru on input line 909.
LaTeX Font Info:    Redeclaring math accent \widehat on input line 944.
LaTeX Font Info:    Redeclaring math accent \widetilde on input line 946.
))
(/usr/local/texlive/2026/texmf-dist/tex/latex/jknapltx/mathrsfs.sty
Package: mathrsfs 1996/01/01 Math RSFS package v1.0 (jk)
\symrsfs=\mathgroup9
)
(/usr/local/texlive/2026/texmf-dist/tex/latex/subfiles/subfiles.sty
Package: subfiles 2020/11/14 v2.2 Multi-file projects (package)

(/usr/local/texlive/2026/texmf-dist/tex/latex/import/import.sty
Package: import 2020/04/01  v 6.2
))
\c@definition=\count374
\c@theorem=\count375
\c@exmp=\count376

(./OraleElettronica.aux)
\openout1 = `OraleElettronica.aux'.

LaTeX Font Info:    Checking defaults for OML/cmm/m/it on input line 61.
LaTeX Font Info:    ... okay on input line 61.
LaTeX Font Info:    Checking defaults for OMS/cmsy/m/n on input line 61.
LaTeX Font Info:    ... okay on input line 61.
LaTeX Font Info:    Checking defaults for OT1/cmr/m/n on input line 61.
LaTeX Font Info:    ... okay on input line 61.
LaTeX Font Info:    Checking defaults for T1/cmr/m/n on input line 61.
LaTeX Font Info:    ... okay on input line 61.
LaTeX Font Info:    Checking defaults for TS1/cmr/m/n on input line 61.
LaTeX Font Info:    ... okay on input line 61.
LaTeX Font Info:    Checking defaults for OMX/cmex/m/n on input line 61.
LaTeX Font Info:    ... okay on input line 61.
LaTeX Font Info:    Checking defaults for U/mathx/m/n on input line 61.
LaTeX Font Info:    ... okay on input line 61.
LaTeX Font Info:    Checking defaults for PD1/pdf/m/n on input line 61.
LaTeX Font Info:    ... okay on input line 61.
LaTeX Font Info:    Checking defaults for PU/pdf/m/n on input line 61.
LaTeX Font Info:    ... okay on input line 61.

(/usr/local/texlive/2026/texmf-dist/tex/context/base/mkii/supp-pdf.mkii
[Loading MPS to PDF converter (version 2006.09.02).]
\scratchcounter=\count377
\scratchdimen=\dimen312
\scratchbox=\box75
\nofMPsegments=\count378
\nofMParguments=\count379
\everyMPshowfont=\toks52
\MPscratchCnt=\count380
\MPscratchDim=\dimen313
\MPnumerator=\count381
\makeMPintoPDFobject=\count382
\everyMPtoPDFconversion=\toks53
) (/usr/local/texlive/2026/texmf-dist/tex/latex/epstopdf-pkg/epstopdf-base.sty
Package: epstopdf-base 2020-01-24 v2.11 Base part for package epstopdf
Package epstopdf-base Info: Redefining graphics rule for `.eps' on input line 4
85.

(/usr/local/texlive/2026/texmf-dist/tex/latex/latexconfig/epstopdf-sys.cfg
File: epstopdf-sys.cfg 2010/07/13 v1.3 Configuration of (r)epstopdf for TeX Liv
e
))
*geometry* driver: auto-detecting
*geometry* detected driver: pdftex
*geometry* verbose mode - [ preamble ] result:
* driver: pdftex
* paper: a4paper
* layout: <same size as paper>
* layoutoffset:(h,v)=(0.0pt,0.0pt)
* modes: 
* h-part:(L,W,R)=(71.13188pt, 483.69684pt, 42.67915pt)
* v-part:(T,H,B)=(56.9055pt, 731.23582pt, 56.90552pt)
* \paperwidth=597.50787pt
* \paperheight=845.04684pt
* \textwidth=483.69684pt
* \textheight=731.23582pt
* \oddsidemargin=-1.1381pt
* \evensidemargin=-1.1381pt
* \topmargin=-52.36449pt
* \headheight=12.0pt
* \headsep=25.0pt
* \topskip=10.0pt
* \footskip=30.0pt
* \marginparwidth=65.0pt
* \marginparsep=11.0pt
* \columnsep=10.0pt
* \skip\footins=9.0pt plus 4.0pt minus 2.0pt
* \hoffset=0.0pt
* \voffset=0.0pt
* \mag=1000
* \@twocolumnfalse
* \@twosidefalse
* \@mparswitchfalse
* \@reversemarginfalse
* (1in=72.27pt=25.4mm, 1cm=28.453pt)

LaTeX Info: Command `\dddot' is already robust on input line 61.
LaTeX Info: Command `\ddddot' is already robust on input line 61.
Package caption Info: Begin \AtBeginDocument code.
Package caption Info: float package is loaded.
Package caption Info: hyperref package is loaded.
Package caption Info: End \AtBeginDocument code.
Package hyperref Info: Link coloring OFF on input line 61.
(./OraleElettronica.out) (./OraleElettronica.out)
\@outlinefile=\write4
\openout4 = `OraleElettronica.out'.

<./img/0.cover.png, id=622, 183.68625pt x 193.72375pt>
File: ./img/0.cover.png Graphic file (type png)
<use ./img/0.cover.png>
Package pdftex.def Info: ./img/0.cover.png  used on input line 82.
(pdftex.def)             Requested size: 165.31607pt x 174.34975pt.
 [1

{/usr/local/texlive/2026/texmf-var/fonts/map/pdftex/updmap/pdftex.map} <./img/0
.cover.png>]
(./OraleElettronica.toc
LaTeX Font Info:    Trying to load font information for U+msa on input line 2.

(/usr/local/texlive/2026/texmf-dist/tex/latex/amsfonts/umsa.fd
File: umsa.fd 2013/01/14 v3.01 AMS symbols A
)
LaTeX Font Info:    Trying to load font information for U+msb on input line 2.

(/usr/local/texlive/2026/texmf-dist/tex/latex/amsfonts/umsb.fd
File: umsb.fd 2013/01/14 v3.01 AMS symbols B
)
LaTeX Font Info:    Trying to load font information for U+rsfs on input line 2.


(/usr/local/texlive/2026/texmf-dist/tex/latex/jknapltx/ursfs.fd
File: ursfs.fd 1998/03/24 rsfs font definition file (jk)
)
pdfTeX warning (ext4): destination with the same identifier (name{page.1}) has 
been already used, duplicate ignored
<to be read again> 
                   \relax 
l.47 ...itatore Negativo}{31}{subsubsection.8.1.3}
                                                  % [1] [2] [3])
\tf@toc=\write5
\openout5 = `OraleElettronica.toc'.

 [4]
<./img/1.png, id=809, 608.2725pt x 330.23375pt>
File: ./img/1.png Graphic file (type png)
<use ./img/1.png>
Package pdftex.def Info: ./img/1.png  used on input line 112.
(pdftex.def)             Requested size: 334.55092pt x 181.6291pt.

Underfull \hbox (badness 10000) in paragraph at lines 120--129

 []


Underfull \hbox (badness 10000) in paragraph at lines 120--129

 []


Underfull \hbox (badness 10000) in paragraph at lines 130--136

 []

[5{/usr/local/texlive/2026/texmf-dist/fonts/enc/dvips/cm-super/cm-super-ts1.enc
} <./img/1.png (PNG copy)>]
Underfull \hbox (badness 10000) in paragraph at lines 137--152

 []


Underfull \hbox (badness 10000) in paragraph at lines 137--152

 []


Underfull \hbox (badness 10000) in paragraph at lines 137--152

 []


Underfull \hbox (badness 10000) in paragraph at lines 137--152

 []


Underfull \hbox (badness 10000) in paragraph at lines 137--152

 []

<./img/2.png, id=818, 594.22pt x 223.83624pt>
File: ./img/2.png Graphic file (type png)
<use ./img/2.png>
Package pdftex.def Info: ./img/2.png  used on input line 155.
(pdftex.def)             Requested size: 326.822pt x 123.1103pt.

Underfull \hbox (badness 10000) in paragraph at lines 160--178

 []


Underfull \hbox (badness 10000) in paragraph at lines 160--178

 []

[6 <./img/2.png (PNG copy)>]
<./img/3.png, id=831, 321.2pt x 227.85126pt>
File: ./img/3.png Graphic file (type png)
<use ./img/3.png>
Package pdftex.def Info: ./img/3.png  used on input line 185.
(pdftex.def)             Requested size: 217.66814pt x 170.72113pt.
<./img/4.png, id=832, 493.845pt x 359.3425pt>
File: ./img/4.png Graphic file (type png)
<use ./img/4.png>
Package pdftex.def Info: ./img/4.png  used on input line 190.
(pdftex.def)             Requested size: 217.6617pt x 170.72235pt.

Overfull \hbox (2.22221pt too wide) in paragraph at lines 184--194
[][] [] 
 []


Underfull \hbox (badness 10000) in paragraph at lines 179--208

 []


Underfull \hbox (badness 10000) in paragraph at lines 179--208

 []


Underfull \hbox (badness 10000) in paragraph at lines 179--208

 []


Underfull \hbox (badness 10000) in paragraph at lines 179--208

 []


Underfull \hbox (badness 10000) in paragraph at lines 179--208

 []

[7 <./img/3.png (PNG copy)> <./img/4.png (PNG copy)>]
Underfull \hbox (badness 10000) in paragraph at lines 212--218

 []


Underfull \hbox (badness 10000) in paragraph at lines 212--218

 []


Underfull \hbox (badness 10000) in paragraph at lines 219--223

 []

<./img/5.png, id=842, 401.5pt x 313.17pt>
File: ./img/5.png Graphic file (type png)
<use ./img/5.png>
Package pdftex.def Info: ./img/5.png  used on input line 236.
(pdftex.def)             Requested size: 217.66446pt x 170.71965pt.
<./img/6.png, id=843, 401.5pt x 304.13625pt>
File: ./img/6.png Graphic file (type png)
<use ./img/6.png>
Package pdftex.def Info: ./img/6.png  used on input line 241.
(pdftex.def)             Requested size: 217.66446pt x 170.71887pt.

Overfull \hbox (2.22221pt too wide) in paragraph at lines 235--245
[][] [] 
 []


Overfull \hbox (10.80402pt too wide) in paragraph at lines 229--264
\OT1/cmr/m/n/10 Fino ad ora ab-bi-amo visto che in un ma-te-ri-ale puro (in-tri
n-seco), deve nec-es-sari-a-mente es-sere ver-i-fi-cata l'uguaglianza
 []


Underfull \hbox (badness 10000) in paragraph at lines 229--264

 []


Underfull \hbox (badness 10000) in paragraph at lines 229--264

 []


Underfull \hbox (badness 10000) in paragraph at lines 229--264

 []


Underfull \hbox (badness 10000) in paragraph at lines 229--264

 []


Underfull \hbox (badness 10000) in paragraph at lines 229--264

 []


LaTeX Warning: `h' float specifier changed to `ht'.

[8] [9 <./img/5.png (PNG copy)> <./img/6.png (PNG copy)>]
Underfull \hbox (badness 10000) in paragraph at lines 276--280

 []


Underfull \hbox (badness 10000) in paragraph at lines 296--302

 []


Underfull \hbox (badness 10000) in paragraph at lines 296--302

 []


Underfull \hbox (badness 10000) in paragraph at lines 304--309

 []


Underfull \hbox (badness 10000) in paragraph at lines 304--309

 []

[10]
Underfull \hbox (badness 10000) in paragraph at lines 311--317

 []


Underfull \hbox (badness 10000) in paragraph at lines 319--323

 []


Underfull \hbox (badness 10000) in paragraph at lines 344--349

 []

[11]
Underfull \hbox (badness 10000) in paragraph at lines 349--355

 []


Underfull \hbox (badness 10000) in paragraph at lines 349--355

 []


Underfull \hbox (badness 10000) in paragraph at lines 361--364

 []


Underfull \hbox (badness 10000) in paragraph at lines 364--373

 []


Underfull \hbox (badness 10000) in paragraph at lines 364--373

 []


Underfull \hbox (badness 10000) in paragraph at lines 364--373

 []


Underfull \hbox (badness 10000) in paragraph at lines 364--373

 []


Underfull \hbox (badness 10000) in paragraph at lines 364--373

 []


Underfull \hbox (badness 10000) in paragraph at lines 376--379

 []

[12]
Underfull \hbox (badness 10000) in paragraph at lines 403--412

 []


Underfull \hbox (badness 10000) in paragraph at lines 403--412

 []

[13]
Underfull \hbox (badness 10000) in paragraph at lines 413--419

 []


Underfull \hbox (badness 10000) in paragraph at lines 420--435

 []


Underfull \hbox (badness 10000) in paragraph at lines 420--435

 []


Underfull \hbox (badness 10000) in paragraph at lines 420--435

 []


Underfull \hbox (badness 10000) in paragraph at lines 420--435

 []


Underfull \hbox (badness 10000) in paragraph at lines 420--435

 []

File: ./img/2.png Graphic file (type png)
<use ./img/2.png>
Package pdftex.def Info: ./img/2.png  used on input line 438.
(pdftex.def)             Requested size: 326.822pt x 123.1103pt.

LaTeX Warning: `h' float specifier changed to `ht'.


Underfull \hbox (badness 10000) in paragraph at lines 443--461

 []


Underfull \hbox (badness 10000) in paragraph at lines 443--461

 []

[14]
Underfull \hbox (badness 10000) in paragraph at lines 464--469

 []


Underfull \hbox (badness 10000) in paragraph at lines 464--469

 []


Underfull \hbox (badness 10000) in paragraph at lines 471--477

 []


Underfull \hbox (badness 10000) in paragraph at lines 479--483

 []

[15]
Underfull \hbox (badness 10000) in paragraph at lines 506--511

 []


Underfull \hbox (badness 10000) in paragraph at lines 511--517

 []


Underfull \hbox (badness 10000) in paragraph at lines 511--517

 []

[16]
Underfull \hbox (badness 10000) in paragraph at lines 523--526

 []


Underfull \hbox (badness 10000) in paragraph at lines 526--535

 []


Underfull \hbox (badness 10000) in paragraph at lines 526--535

 []


Underfull \hbox (badness 10000) in paragraph at lines 526--535

 []


Underfull \hbox (badness 10000) in paragraph at lines 526--535

 []


Underfull \hbox (badness 10000) in paragraph at lines 526--535

 []


Underfull \hbox (badness 10000) in paragraph at lines 538--541

 []


Underfull \hbox (badness 10000) in paragraph at lines 554--557

 []


Underfull \hbox (badness 10000) in paragraph at lines 554--557

 []

[17]
<./img/a.png, id=894, 250.9375pt x 222.8325pt>
File: ./img/a.png Graphic file (type png)
<use ./img/a.png>
Package pdftex.def Info: ./img/a.png  used on input line 571.
(pdftex.def)             Requested size: 138.01604pt x 122.55824pt.
 [18 <./img/a.png>]
Underfull \hbox (badness 10000) in paragraph at lines 604--606

 []


Package fancyhdr Warning: \headheight is too small (12.0pt): 
(fancyhdr)                Make it at least 22.43335pt, for example:
(fancyhdr)                \setlength{\headheight}{22.43335pt}.
(fancyhdr)                You might also make \topmargin smaller:
(fancyhdr)                \addtolength{\topmargin}{-10.43335pt}.

[19]
<./img/7.png, id=910, 448.67625pt x 299.1175pt>
File: ./img/7.png Graphic file (type png)
<use ./img/7.png>
Package pdftex.def Info: ./img/7.png  used on input line 620.
(pdftex.def)             Requested size: 246.77269pt x 164.51512pt.


Package fancyhdr Warning: \headheight is too small (12.0pt): 
(fancyhdr)                Make it at least 22.43335pt, for example:
(fancyhdr)                \setlength{\headheight}{22.43335pt}.
(fancyhdr)                You might also make \topmargin smaller:
(fancyhdr)                \addtolength{\topmargin}{-10.43335pt}.

[20 <./img/7.png (PNG copy)>]

Package hyperref Warning: Token not allowed in a PDF string (Unicode):
(hyperref)                removing `math shift' on input line 647.


Package hyperref Warning: Token not allowed in a PDF string (Unicode):
(hyperref)                removing `math shift' on input line 647.


Package hyperref Warning: Token not allowed in a PDF string (Unicode):
(hyperref)                removing `math shift' on input line 648.


Package hyperref Warning: Token not allowed in a PDF string (Unicode):
(hyperref)                removing `subscript' on input line 648.


Package hyperref Warning: Token not allowed in a PDF string (Unicode):
(hyperref)                removing `subscript' on input line 648.


Package hyperref Warning: Token not allowed in a PDF string (Unicode):
(hyperref)                removing `math shift' on input line 648.


Underfull \hbox (badness 10000) in paragraph at lines 665--669

 []


Underfull \hbox (badness 10000) in paragraph at lines 665--669

 []


Underfull \hbox (badness 10000) in paragraph at lines 665--669

 []

<./img/8.png, id=917, 448.67625pt x 201.75375pt>
File: ./img/8.png Graphic file (type png)
<use ./img/8.png>
Package pdftex.def Info: ./img/8.png  used on input line 683.
(pdftex.def)             Requested size: 246.77269pt x 110.96489pt.

LaTeX Warning: `h' float specifier changed to `ht'.


Package hyperref Warning: Token not allowed in a PDF string (Unicode):
(hyperref)                removing `math shift' on input line 688.


Package hyperref Warning: Token not allowed in a PDF string (Unicode):
(hyperref)                removing `\infty' on input line 688.


Package hyperref Warning: Token not allowed in a PDF string (Unicode):
(hyperref)                removing `subscript' on input line 688.


Package hyperref Warning: Token not allowed in a PDF string (Unicode):
(hyperref)                removing `math shift' on input line 688.


Underfull \hbox (badness 10000) in paragraph at lines 690--692

 []

[21]
Underfull \hbox (badness 10000) in paragraph at lines 696--700

 []


Package hyperref Warning: Token not allowed in a PDF string (Unicode):
(hyperref)                removing `math shift' on input line 700.


Package hyperref Warning: Token not allowed in a PDF string (Unicode):
(hyperref)                removing `subscript' on input line 700.


Package hyperref Warning: Token not allowed in a PDF string (Unicode):
(hyperref)                removing `subscript' on input line 700.


Package hyperref Warning: Token not allowed in a PDF string (Unicode):
(hyperref)                removing `math shift' on input line 700.


Package hyperref Warning: Token not allowed in a PDF string (Unicode):
(hyperref)                removing `math shift' on input line 715.


Package hyperref Warning: Token not allowed in a PDF string (Unicode):
(hyperref)                removing `subscript' on input line 715.


Package hyperref Warning: Token not allowed in a PDF string (Unicode):
(hyperref)                removing `math shift' on input line 715.


Underfull \hbox (badness 10000) in paragraph at lines 717--719

 []

[22 <./img/8.png (PNG copy)>]
Underfull \hbox (badness 10000) in paragraph at lines 719--722

 []


Underfull \hbox (badness 10000) in paragraph at lines 728--731

 []


Package hyperref Warning: Token not allowed in a PDF string (Unicode):
(hyperref)                removing `math shift' on input line 736.


Package hyperref Warning: Token not allowed in a PDF string (Unicode):
(hyperref)                removing `subscript' on input line 736.


Package hyperref Warning: Token not allowed in a PDF string (Unicode):
(hyperref)                removing `math shift' on input line 736.


Underfull \hbox (badness 10000) in paragraph at lines 739--742

 []


Package hyperref Warning: Token not allowed in a PDF string (Unicode):
(hyperref)                removing `math shift' on input line 752.


Package hyperref Warning: Token not allowed in a PDF string (Unicode):
(hyperref)                removing `subscript' on input line 752.


Package hyperref Warning: Token not allowed in a PDF string (Unicode):
(hyperref)                removing `\infty' on input line 752.


Package hyperref Warning: Token not allowed in a PDF string (Unicode):
(hyperref)                removing `math shift' on input line 752.


Underfull \hbox (badness 10000) in paragraph at lines 754--757

 []


Underfull \hbox (badness 10000) in paragraph at lines 754--757

 []

[23]
<./img/9.png, id=942, 514.92375pt x 138.5175pt>
File: ./img/9.png Graphic file (type png)
<use ./img/9.png>
Package pdftex.def Info: ./img/9.png  used on input line 774.
(pdftex.def)             Requested size: 217.6621pt x 58.55106pt.
<./img/10.png, id=943, 512.91624pt x 164.615pt>
File: ./img/10.png Graphic file (type png)
<use ./img/10.png>
Package pdftex.def Info: ./img/10.png  used on input line 779.
(pdftex.def)             Requested size: 217.6621pt x 69.8562pt.

Overfull \hbox (2.22221pt too wide) in paragraph at lines 773--783
[][] [] 
 []

<./img/11.png, id=944, 513.92pt x 127.47626pt>
File: ./img/11.png Graphic file (type png)
<use ./img/11.png>
Package pdftex.def Info: ./img/11.png  used on input line 790.
(pdftex.def)             Requested size: 217.6621pt x 53.99092pt.
<./img/12.png, id=945, 519.9425pt x 147.55125pt>
File: ./img/12.png Graphic file (type png)
<use ./img/12.png>
Package pdftex.def Info: ./img/12.png  used on input line 795.
(pdftex.def)             Requested size: 217.6621pt x 61.76846pt.

Overfull \hbox (2.22221pt too wide) in paragraph at lines 789--799
[][] [] 
 []


Underfull \hbox (badness 10000) in paragraph at lines 804--807

 []


Underfull \hbox (badness 10000) in paragraph at lines 808--813

 []

[24 <./img/9.png (PNG copy)> <./img/10.png (PNG copy)> <./img/11.png (PNG copy)
> <./img/12.png (PNG copy)>]
Underfull \hbox (badness 10000) in paragraph at lines 815--818

 []


Underfull \hbox (badness 10000) in paragraph at lines 837--847

 []


Underfull \hbox (badness 10000) in paragraph at lines 837--847

 []

[25]
<./img/13.png, id=961, 548.0475pt x 157.58875pt>
File: ./img/13.png Graphic file (type png)
<use ./img/13.png>
Package pdftex.def Info: ./img/13.png  used on input line 853.
(pdftex.def)             Requested size: 301.42705pt x 86.67407pt.
<./img/14.png, id=963, 544.0325pt x 180.675pt>
File: ./img/14.png Graphic file (type png)
<use ./img/14.png>
Package pdftex.def Info: ./img/14.png  used on input line 867.
(pdftex.def)             Requested size: 299.2188pt x 99.37154pt.

Underfull \hbox (badness 10000) in paragraph at lines 873--879

 []

[26 <./img/13.png (PNG copy)> <./img/14.png (PNG copy)>]
<./img/15.png, id=973, 518.93875pt x 166.6225pt>
File: ./img/15.png Graphic file (type png)
<use ./img/15.png>
Package pdftex.def Info: ./img/15.png  used on input line 897.
(pdftex.def)             Requested size: 285.41719pt x 91.64265pt.

Underfull \hbox (badness 10000) in paragraph at lines 902--922

 []


Underfull \hbox (badness 10000) in paragraph at lines 902--922

 []

[27 <./img/15.png (PNG copy)>]
<./img/16.png, id=983, 353.32pt x 401.5pt>
File: ./img/16.png Graphic file (type png)
<use ./img/16.png>
Package pdftex.def Info: ./img/16.png  used on input line 929.
(pdftex.def)             Requested size: 194.3266pt x 220.82567pt.

Underfull \hbox (badness 10000) in paragraph at lines 934--937

 []


Underfull \hbox (badness 10000) in paragraph at lines 934--937

 []


Underfull \hbox (badness 10000) in paragraph at lines 943--948

 []


Underfull \hbox (badness 10000) in paragraph at lines 943--948

 []


Underfull \hbox (badness 10000) in paragraph at lines 943--948

 []

<./img/17.png, id=985, 489.83pt x 212.795pt>
File: ./img/17.png Graphic file (type png)
<use ./img/17.png>
Package pdftex.def Info: ./img/17.png  used on input line 951.
(pdftex.def)             Requested size: 269.40732pt x 117.0376pt.

LaTeX Warning: `h' float specifier changed to `ht'.

[28 <./img/16.png (PNG copy)>]
<./img/18.png, id=992, 301.125pt x 301.125pt>
File: ./img/18.png Graphic file (type png)
<use ./img/18.png>
Package pdftex.def Info: ./img/18.png  used on input line 961.
(pdftex.def)             Requested size: 165.61925pt x 165.61925pt.
<./img/25.png, id=994, 321.2pt x 153.57375pt>
File: ./img/25.png Graphic file (type png)
<use ./img/25.png>
Package pdftex.def Info: ./img/25.png  used on input line 975.
(pdftex.def)             Requested size: 176.66054pt x 84.4658pt.
 [29 <./img/17.png (PNG copy)> <./img/18.png (PNG copy)> <./img/25.png (PNG cop
y)>]
Underfull \hbox (badness 10000) in paragraph at lines 982--985

 []


Underfull \hbox (badness 10000) in paragraph at lines 989--992

 []


Underfull \hbox (badness 10000) in paragraph at lines 993--996

 []

<./img/26.png, id=1003, 333.245pt x 202.7575pt>
File: ./img/26.png Graphic file (type png)
<use ./img/26.png>
Package pdftex.def Info: ./img/26.png  used on input line 999.
(pdftex.def)             Requested size: 183.28531pt x 111.51697pt.
<./img/27.png, id=1005, 776.9025pt x 215.80624pt>
File: ./img/27.png Graphic file (type png)
<use ./img/27.png>
Package pdftex.def Info: ./img/27.png  used on input line 1009.
(pdftex.def)             Requested size: 427.29768pt x 118.69379pt.

LaTeX Warning: `h' float specifier changed to `ht'.

[30 <./img/26.png>]
Underfull \hbox (badness 10000) in paragraph at lines 1023--1026

 []


Underfull \hbox (badness 10000) in paragraph at lines 1027--1030

 []

<./img/28.png, id=1019, 320.19624pt x 182.6825pt>
File: ./img/28.png Graphic file (type png)
<use ./img/28.png>
Package pdftex.def Info: ./img/28.png  used on input line 1033.
(pdftex.def)             Requested size: 176.10846pt x 100.47568pt.

Underfull \hbox (badness 10000) in paragraph at lines 1038--1040

 []

<./img/29.png, id=1021, 335.2525pt x 240.9pt>
File: ./img/29.png Graphic file (type png)
<use ./img/29.png>
Package pdftex.def Info: ./img/29.png  used on input line 1045.
(pdftex.def)             Requested size: 184.38943pt x 132.49539pt.

LaTeX Warning: `h' float specifier changed to `ht'.

[31 <./img/27.png> <./img/28.png>]
<./img/30.png, id=1031, 353.32pt x 208.78pt>
File: ./img/30.png Graphic file (type png)
<use ./img/30.png>
Package pdftex.def Info: ./img/30.png  used on input line 1065.
(pdftex.def)             Requested size: 194.3266pt x 114.82933pt.
<./img/35.png, id=1033, 442.65375pt x 290.08376pt>
File: ./img/35.png Graphic file (type png)
<use ./img/35.png>
Package pdftex.def Info: ./img/35.png  used on input line 1080.
(pdftex.def)             Requested size: 243.4603pt x 159.54655pt.


LaTeX Warning: `h' float specifier changed to `ht'.

[32 <./img/29.png (PNG copy)> <./img/30.png (PNG copy)>]
Underfull \hbox (badness 10000) in paragraph at lines 1116--1120

 []


Underfull \hbox (badness 10000) in paragraph at lines 1131--1135

 []


Underfull \hbox (badness 10000) in paragraph at lines 1131--1135

 []

[33 <./img/35.png (PNG copy)>] [34]
<./img/36.png, id=1057, 658.46pt x 227.85126pt>
File: ./img/36.png Graphic file (type png)
<use ./img/36.png>
Package pdftex.def Info: ./img/36.png  used on input line 1179.
(pdftex.def)             Requested size: 217.6621pt x 75.3163pt.
<./img/37.png, id=1058, 457.71pt x 452.69125pt>
File: ./img/37.png Graphic file (type png)
<use ./img/37.png>
Package pdftex.def Info: ./img/37.png  used on input line 1184.
(pdftex.def)             Requested size: 217.6621pt x 215.27234pt.

Overfull \hbox (2.22221pt too wide) in paragraph at lines 1178--1188
[][] [] 
 []


Underfull \hbox (badness 10000) in paragraph at lines 1175--1197

 []


Underfull \hbox (badness 10000) in paragraph at lines 1175--1197

 []


Underfull \hbox (badness 10000) in paragraph at lines 1175--1197

 []

<./img/38.png, id=1060, 254.9525pt x 146.5475pt>
File: ./img/38.png Graphic file (type png)
<use ./img/38.png>
Package pdftex.def Info: ./img/38.png  used on input line 1200.
(pdftex.def)             Requested size: 140.22429pt x 80.60135pt.

LaTeX Warning: `h' float specifier changed to `ht'.


Underfull \hbox (badness 10000) in paragraph at lines 1209--1216

 []


Underfull \hbox (badness 10000) in paragraph at lines 1209--1216

 []

[35 <./img/36.png (PNG copy)> <./img/37.png>]
<./img/39.png, id=1070, 522.95375pt x 225.84375pt>
File: ./img/39.png Graphic file (type png)
<use ./img/39.png>
Package pdftex.def Info: ./img/39.png  used on input line 1219.
(pdftex.def)             Requested size: 287.62544pt x 124.21443pt.
 [36 <./img/38.png (PNG copy)> <./img/39.png (PNG copy)>]
Underfull \hbox (badness 10000) in paragraph at lines 1247--1252

 []

<./img/40.png, id=1078, 596.2275pt x 344.28625pt>
File: ./img/40.png Graphic file (type png)
<use ./img/40.png>
Package pdftex.def Info: ./img/40.png  used on input line 1255.
(pdftex.def)             Requested size: 327.92613pt x 189.35802pt.
<./img/41.png, id=1080, 206.7725pt x 195.73125pt>
File: ./img/41.png Graphic file (type png)
<use ./img/41.png>
Package pdftex.def Info: ./img/41.png  used on input line 1269.
(pdftex.def)             Requested size: 113.72522pt x 107.65251pt.

LaTeX Warning: `h' float specifier changed to `ht'.


Underfull \hbox (badness 10000) in paragraph at lines 1277--1280

 []

[37 <./img/40.png>]
Underfull \hbox (badness 10000) in paragraph at lines 1286--1292

 []


Underfull \hbox (badness 10000) in paragraph at lines 1286--1292

 []

<./img/42.png, id=1090, 461.725pt x 280.04625pt>
File: ./img/42.png Graphic file (type png)
<use ./img/42.png>
Package pdftex.def Info: ./img/42.png  used on input line 1295.
(pdftex.def)             Requested size: 253.94954pt x 154.0259pt.
[38 <./img/41.png (PNG copy)> <./img/42.png (PNG copy)>]
Underfull \hbox (badness 10000) in paragraph at lines 1305--1308

 []

<./img/43.png, id=1097, 461.725pt x 190.7125pt>
File: ./img/43.png Graphic file (type png)
<use ./img/43.png>
Package pdftex.def Info: ./img/43.png  used on input line 1311.
(pdftex.def)             Requested size: 253.94954pt x 104.89218pt.

Underfull \hbox (badness 10000) in paragraph at lines 1316--1318

 []


Underfull \hbox (badness 10000) in paragraph at lines 1327--1331

 []


Underfull \hbox (badness 10000) in paragraph at lines 1331--1342

 []


Underfull \hbox (badness 10000) in paragraph at lines 1331--1342

 []


Underfull \hbox (badness 10000) in paragraph at lines 1331--1342

 []

[39 <./img/43.png (PNG copy)>]
<./img/44.png, id=1106, 463.7325pt x 221.82875pt>
File: ./img/44.png Graphic file (type png)
<use ./img/44.png>
Package pdftex.def Info: ./img/44.png  used on input line 1349.
(pdftex.def)             Requested size: 255.05365pt x 122.00616pt.

Underfull \hbox (badness 10000) in paragraph at lines 1357--1362

 []

[40 <./img/44.png (PNG copy)>]
<./img/45.png, id=1113, 337.26pt x 185.69376pt>
File: ./img/45.png Graphic file (type png)
<use ./img/45.png>
Package pdftex.def Info: ./img/45.png  used on input line 1368.
(pdftex.def)             Requested size: 185.49356pt x 102.13187pt.
<./img/46.png, id=1116, 534.99875pt x 303.1325pt>
File: ./img/46.png Graphic file (type png)
<use ./img/46.png>
Package pdftex.def Info: ./img/46.png  used on input line 1395.
(pdftex.def)             Requested size: 217.6621pt x 123.32767pt.
<./img/47.png, id=1117, 1105.12875pt x 205.76875pt>
File: ./img/47.png Graphic file (type png)
<use ./img/47.png>
Package pdftex.def Info: ./img/47.png  used on input line 1400.
(pdftex.def)             Requested size: 217.6621pt x 40.52505pt.

Overfull \hbox (2.22221pt too wide) in paragraph at lines 1394--1404
[][] [] 
 []


Underfull \hbox (badness 10000) in paragraph at lines 1389--1408

 []

[41 <./img/45.png (PNG copy)>]

Package hyperref Warning: Token not allowed in a PDF string (Unicode):
(hyperref)                removing `math shift' on input line 1408.


Package hyperref Warning: Token not allowed in a PDF string (Unicode):
(hyperref)                removing `math shift' on input line 1408.


Package hyperref Warning: Token not allowed in a PDF string (Unicode):
(hyperref)                removing `math shift' on input line 1420.


Package hyperref Warning: Token not allowed in a PDF string (Unicode):
(hyperref)                removing `superscript' on input line 1420.


Package hyperref Warning: Token not allowed in a PDF string (Unicode):
(hyperref)                removing `math shift' on input line 1420.


Package hyperref Warning: Token not allowed in a PDF string (Unicode):
(hyperref)                removing `math shift' on input line 1420.


Package hyperref Warning: Token not allowed in a PDF string (Unicode):
(hyperref)                removing `\rightarrow' on input line 1420.


Package hyperref Warning: Token not allowed in a PDF string (Unicode):
(hyperref)                removing `math shift' on input line 1420.


Underfull \hbox (badness 10000) in paragraph at lines 1423--1428

 []


Underfull \hbox (badness 10000) in paragraph at lines 1432--1437

 []

[42 <./img/46.png (PNG copy)> <./img/47.png (PNG copy)>]
Underfull \hbox (badness 10000) in paragraph at lines 1446--1453

 []


Underfull \hbox (badness 10000) in paragraph at lines 1446--1453

 []


Underfull \hbox (badness 10000) in paragraph at lines 1453--1458

 []


Package hyperref Warning: Token not allowed in a PDF string (Unicode):
(hyperref)                removing `math shift' on input line 1458.


Package hyperref Warning: Token not allowed in a PDF string (Unicode):
(hyperref)                removing `math shift' on input line 1458.


Package hyperref Warning: Token not allowed in a PDF string (Unicode):
(hyperref)                removing `math shift' on input line 1458.


Package hyperref Warning: Token not allowed in a PDF string (Unicode):
(hyperref)                removing `\rightarrow' on input line 1458.


Package hyperref Warning: Token not allowed in a PDF string (Unicode):
(hyperref)                removing `math shift' on input line 1458.

<./img/48.png, id=1132, 1105.12875pt x 448.67625pt>
File: ./img/48.png Graphic file (type png)
<use ./img/48.png>
Package pdftex.def Info: ./img/48.png  used on input line 1470.
(pdftex.def)             Requested size: 607.82271pt x 246.77269pt.

Overfull \hbox (124.12587pt too wide) in paragraph at lines 1470--1471
 [][] 
 []


LaTeX Warning: `h' float specifier changed to `ht'.

[43]
<./img/49.png, id=1138, 538.01pt x 225.84375pt>
File: ./img/49.png Graphic file (type png)
<use ./img/49.png>
Package pdftex.def Info: ./img/49.png  used on input line 1482.
(pdftex.def)             Requested size: 295.9064pt x 124.21443pt.
 [44 <./img/48.png (PNG copy)> <./img/49.png (PNG copy)>]

Package hyperref Warning: Difference (2) between bookmark levels is greater 
(hyperref)                than one, level fixed on input line 1498.


Underfull \hbox (badness 10000) in paragraph at lines 1499--1504

 []


Underfull \hbox (badness 10000) in paragraph at lines 1499--1504

 []


Underfull \hbox (badness 10000) in paragraph at lines 1499--1504

 []


Package hyperref Warning: Token not allowed in a PDF string (Unicode):
(hyperref)                removing `math shift' on input line 1504.


Package hyperref Warning: Token not allowed in a PDF string (Unicode):
(hyperref)                removing `math shift' on input line 1504.

<./img/50.png, id=1145, 1006.76125pt x 485.815pt>
File: ./img/50.png Graphic file (type png)
<use ./img/50.png>
Package pdftex.def Info: ./img/50.png  used on input line 1515.
(pdftex.def)             Requested size: 352.37172pt x 170.0378pt.

Underfull \hbox (badness 10000) in paragraph at lines 1520--1524

 []


Underfull \hbox (badness 10000) in paragraph at lines 1520--1524

 []

[45 <./img/50.png>]
<./img/51.png, id=1153, 812.03375pt x 204.765pt>
File: ./img/51.png Graphic file (type png)
<use ./img/51.png>
Package pdftex.def Info: ./img/51.png  used on input line 1540.
(pdftex.def)             Requested size: 446.61995pt x 112.62108pt.

Underfull \hbox (badness 10000) in paragraph at lines 1545--1550

 []


Underfull \hbox (badness 10000) in paragraph at lines 1545--1550

 []

<./img/52.png, id=1155, 958.58125pt x 506.89375pt>
File: ./img/52.png Graphic file (type png)
<use ./img/52.png>
Package pdftex.def Info: ./img/52.png  used on input line 1553.
(pdftex.def)             Requested size: 335.50847pt x 177.41547pt.

LaTeX Warning: `h' float specifier changed to `ht'.

[46 <./img/51.png>]
<./img/53.png, id=1166, 645.41125pt x 433.62pt>
File: ./img/53.png Graphic file (type png)
<use ./img/53.png>
Package pdftex.def Info: ./img/53.png  used on input line 1568.
(pdftex.def)             Requested size: 225.89732pt x 151.76927pt.

Underfull \hbox (badness 10000) in paragraph at lines 1577--1582

 []


Underfull \hbox (badness 10000) in paragraph at lines 1577--1582

 []

[47 <./img/52.png> <./img/53.png (PNG copy)>]
<./img/54.png, id=1175, 932.48375pt x 294.09875pt>
File: ./img/54.png Graphic file (type png)
<use ./img/54.png>
Package pdftex.def Info: ./img/54.png  used on input line 1585.
(pdftex.def)             Requested size: 326.3742pt x 102.9361pt.

Underfull \hbox (badness 10000) in paragraph at lines 1597--1601

 []

<./img/67.png, id=1177, 498.86375pt x 182.6825pt>
File: ./img/67.png Graphic file (type png)
<use ./img/67.png>
Package pdftex.def Info: ./img/67.png  used on input line 1606.
(pdftex.def)             Requested size: 174.60492pt x 63.93982pt.
[48 <./img/54.png> <./img/67.png (PNG copy)>]
Underfull \hbox (badness 10000) in paragraph at lines 1624--1628

 []

<./img/68.png, id=1188, 406.51875pt x 264.99pt>
File: ./img/68.png Graphic file (type png)
<use ./img/68.png>
Package pdftex.def Info: ./img/68.png  used on input line 1636.
(pdftex.def)             Requested size: 142.28369pt x 92.74788pt.

Underfull \hbox (badness 10000) in paragraph at lines 1647--1649

 []

[49 <./img/68.png (PNG copy)>]
Underfull \hbox (badness 10000) in paragraph at lines 1657--1660

 []

<./img/69.png, id=1195, 411.5375pt x 284.06125pt>
File: ./img/69.png Graphic file (type png)
<use ./img/69.png>
Package pdftex.def Info: ./img/69.png  used on input line 1663.
(pdftex.def)             Requested size: 144.04028pt x 99.42291pt.

Underfull \hbox (badness 10000) in paragraph at lines 1673--1699

 []


Underfull \hbox (badness 10000) in paragraph at lines 1673--1699

 []

[50 <./img/69.png (PNG copy)>]
<./img/73.png, id=1204, 755.82375pt x 277.035pt>
File: ./img/73.png Graphic file (type png)
<use ./img/73.png>
Package pdftex.def Info: ./img/73.png  used on input line 1705.
(pdftex.def)             Requested size: 340.11754pt x 124.6646pt.

Underfull \hbox (badness 10000) in paragraph at lines 1710--1713

 []


Underfull \hbox (badness 10000) in paragraph at lines 1719--1724

 []


Underfull \hbox (badness 10000) in paragraph at lines 1724--1744

 []

[51 <./img/73.png>]
Underfull \hbox (badness 10000) in paragraph at lines 1746--1761

 []


Underfull \hbox (badness 10000) in paragraph at lines 1746--1761

 []


Underfull \hbox (badness 10000) in paragraph at lines 1746--1761

 []

<./img/74.png, id=1214, 682.55pt x 183.68625pt>
File: ./img/74.png Graphic file (type png)
<use ./img/74.png>
Package pdftex.def Info: ./img/74.png  used on input line 1764.
(pdftex.def)             Requested size: 307.14467pt x 82.65804pt.
<./img/77.png, id=1216, 348.30125pt x 335.2525pt>
File: ./img/77.png Graphic file (type png)
<use ./img/77.png>
Package pdftex.def Info: ./img/77.png  used on input line 1777.
(pdftex.def)             Requested size: 156.73412pt x 150.86223pt.

LaTeX Warning: `h' float specifier changed to `ht'.

[52 <./img/74.png (PNG copy)>]
Underfull \hbox (badness 10000) in paragraph at lines 1796--1799

 []

[53 <./img/77.png (PNG copy)>]
<./img/78.png, id=1228, 480.79625pt x 264.99pt>
File: ./img/78.png Graphic file (type png)
<use ./img/78.png>
Package pdftex.def Info: ./img/78.png  used on input line 1818.
(pdftex.def)             Requested size: 216.35631pt x 119.24438pt.

Underfull \hbox (badness 10000) in paragraph at lines 1823--1831

 []


Underfull \hbox (badness 10000) in paragraph at lines 1823--1831

 []


Underfull \hbox (badness 10000) in paragraph at lines 1823--1831

 []


Underfull \hbox (badness 10000) in paragraph at lines 1823--1831

 []

[54 <./img/78.png (PNG copy)>]
Underfull \hbox (badness 10000) in paragraph at lines 1847--1850

 []


Underfull \hbox (badness 10000) in paragraph at lines 1852--1855

 []


Underfull \hbox (badness 10000) in paragraph at lines 1857--1861

 []


Package fancyhdr Warning: \headheight is too small (12.0pt): 
(fancyhdr)                Make it at least 13.07225pt, for example:
(fancyhdr)                \setlength{\headheight}{13.07225pt}.
(fancyhdr)                You might also make \topmargin smaller:
(fancyhdr)                \addtolength{\topmargin}{-1.07225pt}.

[55]
Underfull \hbox (badness 10000) in paragraph at lines 1879--1883

 []


Underfull \hbox (badness 10000) in paragraph at lines 1897--1902

 []


Package fancyhdr Warning: \headheight is too small (12.0pt): 
(fancyhdr)                Make it at least 13.07225pt, for example:
(fancyhdr)                \setlength{\headheight}{13.07225pt}.
(fancyhdr)                You might also make \topmargin smaller:
(fancyhdr)                \addtolength{\topmargin}{-1.07225pt}.

[56]
<./img/82.png, id=1249, 551.05875pt x 291.0875pt>
File: ./img/82.png Graphic file (type png)
<use ./img/82.png>
Package pdftex.def Info: ./img/82.png  used on input line 1906.
(pdftex.def)             Requested size: 217.6621pt x 114.97607pt.
<./img/83.png, id=1250, 483.8075pt x 223.83624pt>
File: ./img/83.png Graphic file (type png)
<use ./img/83.png>
Package pdftex.def Info: ./img/83.png  used on input line 1911.
(pdftex.def)             Requested size: 217.6621pt x 100.70146pt.

Underfull \hbox (badness 10000) in paragraph at lines 1912--1912
[]\OT1/cmr/m/n/9 (b) |La con-dizione ot-tima di pro-getto con-siste
 []


Underfull \hbox (badness 4341) in paragraph at lines 1912--1912
\OT1/cmr/m/n/9 nell'individuazione del miglior equi-lib-rio pos-si-bile tra
 []


Overfull \hbox (2.22221pt too wide) in paragraph at lines 1905--1915
[][] [] 
 []

<./img/84.png, id=1252, 482.80376pt x 330.23375pt>
File: ./img/84.png Graphic file (type png)
<use ./img/84.png>
Package pdftex.def Info: ./img/84.png  used on input line 1924.
(pdftex.def)             Requested size: 217.25967pt x 148.6038pt.

Package fancyhdr Warning: \headheight is too small (12.0pt): 
(fancyhdr)                Make it at least 13.07225pt, for example:
(fancyhdr)                \setlength{\headheight}{13.07225pt}.
(fancyhdr)                You might also make \topmargin smaller:
(fancyhdr)                \addtolength{\topmargin}{-1.07225pt}.

[57 <./img/82.png (PNG copy)> <./img/83.png (PNG copy)> <./img/84.png (PNG copy
)>] [58]
<./img/96.png, id=1270, 780.9175pt x 335.2525pt>
File: ./img/96.png Graphic file (type png)
<use ./img/96.png>
Package pdftex.def Info: ./img/96.png  used on input line 1985.
(pdftex.def)             Requested size: 351.40962pt x 150.86223pt.
<./img/97.png, id=1273, 770.88pt x 326.21875pt>
File: ./img/97.png Graphic file (type png)
<use ./img/97.png>
Package pdftex.def Info: ./img/97.png  used on input line 2000.
(pdftex.def)             Requested size: 346.89279pt x 146.79707pt.


LaTeX Warning: `h' float specifier changed to `ht'.

[59 <./img/96.png (PNG copy)>]
Underfull \hbox (badness 10000) in paragraph at lines 2006--2009

 []

<./img/98.png, id=1281, 770.88pt x 371.3875pt>
File: ./img/98.png Graphic file (type png)
<use ./img/98.png>
Package pdftex.def Info: ./img/98.png  used on input line 2012.
(pdftex.def)             Requested size: 346.89279pt x 167.12282pt.
[60 <./img/97.png (PNG copy)> <./img/98.png (PNG copy)>]
<./img/99.png, id=1292, 447.6725pt x 352.31625pt>
File: ./img/99.png Graphic file (type png)
<use ./img/99.png>
Package pdftex.def Info: ./img/99.png  used on input line 2031.
(pdftex.def)             Requested size: 201.45076pt x 158.54083pt.
<./img/100.png, id=1294, 733.74126pt x 237.88875pt>
File: ./img/100.png Graphic file (type png)
<use ./img/100.png>
Package pdftex.def Info: ./img/100.png  used on input line 2040.
(pdftex.def)             Requested size: 330.18051pt x 107.04893pt.
<./img/101.png, id=1296, 742.775pt x 230.8625pt>
File: ./img/101.png Graphic file (type png)
<use ./img/101.png>
Package pdftex.def Info: ./img/101.png  used on input line 2049.
(pdftex.def)             Requested size: 334.24565pt x 103.88715pt.


LaTeX Warning: `h' float specifier changed to `ht'.


Package hyperref Warning: Token not allowed in a PDF string (Unicode):
(hyperref)                removing `math shift' on input line 2054.


Package hyperref Warning: Token not allowed in a PDF string (Unicode):
(hyperref)                removing `math shift' on input line 2054.

[61 <./img/99.png (PNG copy)> <./img/100.png (PNG copy)>]

Package hyperref Warning: Token not allowed in a PDF string (Unicode):
(hyperref)                removing `math shift' on input line 2065.


Package hyperref Warning: Token not allowed in a PDF string (Unicode):
(hyperref)                removing `\rightarrow' on input line 2065.


Package hyperref Warning: Token not allowed in a PDF string (Unicode):
(hyperref)                removing `\infty' on input line 2065.


Package hyperref Warning: Token not allowed in a PDF string (Unicode):
(hyperref)                removing `math shift' on input line 2065.


Package hyperref Warning: Token not allowed in a PDF string (Unicode):
(hyperref)                removing `math shift' on input line 2080.


Package hyperref Warning: Token not allowed in a PDF string (Unicode):
(hyperref)                removing `math shift' on input line 2080.


Underfull \hbox (badness 10000) in paragraph at lines 2081--2084

 []

[62 <./img/101.png (PNG copy)>]
Underfull \hbox (badness 10000) in paragraph at lines 2093--2098

 []


Underfull \hbox (badness 10000) in paragraph at lines 2115--2119

 []


Underfull \hbox (badness 10000) in paragraph at lines 2115--2119

 []

[63]
Underfull \hbox (badness 10000) in paragraph at lines 2150--2155

 []


Underfull \hbox (badness 10000) in paragraph at lines 2150--2155

 []

<./img/102.png, id=1319, 742.775pt x 877.2775pt>
File: ./img/102.png Graphic file (type png)
<use ./img/102.png>
Package pdftex.def Info: ./img/102.png  used on input line 2162.
(pdftex.def)             Requested size: 334.24565pt x 394.77122pt.

LaTeX Warning: `h' float specifier changed to `ht'.

<./img/103.png, id=1321, 553.06625pt x 398.48875pt>
File: ./img/103.png Graphic file (type png)
<use ./img/103.png>
Package pdftex.def Info: ./img/103.png  used on input line 2171.
(pdftex.def)             Requested size: 248.8775pt x 179.31828pt.

LaTeX Warning: `h' float specifier changed to `ht'.

[64] [65 <./img/102.png (PNG copy)>]
<./img/115.png, id=1337, 320.19624pt x 178.6675pt>
File: ./img/115.png Graphic file (type png)
<use ./img/115.png>
Package pdftex.def Info: ./img/115.png  used on input line 2199.
(pdftex.def)             Requested size: 144.08698pt x 80.39963pt.

Underfull \hbox (badness 10000) in paragraph at lines 2204--2206

 []

<./img/116.png, id=1339, 415.5525pt x 213.79875pt>
File: ./img/116.png Graphic file (type png)
<use ./img/116.png>
Package pdftex.def Info: ./img/116.png  used on input line 2211.
(pdftex.def)             Requested size: 186.99689pt x 96.20854pt.

LaTeX Warning: `h' float specifier changed to `ht'.

[66 <./img/103.png (PNG copy)> <./img/115.png (PNG copy)>]
<./img/117.png, id=1348, 623.32875pt x 381.425pt>
File: ./img/117.png Graphic file (type png)
<use ./img/117.png>
Package pdftex.def Info: ./img/117.png  used on input line 2226.
(pdftex.def)             Requested size: 280.49535pt x 171.63965pt.

Underfull \hbox (badness 10000) in paragraph at lines 2231--2240

 []


Underfull \hbox (badness 10000) in paragraph at lines 2231--2240

 []


Underfull \hbox (badness 10000) in paragraph at lines 2231--2240

 []

[67 <./img/116.png (PNG copy)> <./img/117.png (PNG copy)>]
<./img/118.png, id=1355, 530.98375pt x 338.26375pt>
File: ./img/118.png Graphic file (type png)
<use ./img/118.png>
Package pdftex.def Info: ./img/118.png  used on input line 2258.
(pdftex.def)             Requested size: 238.94048pt x 152.21727pt.

Underfull \hbox (badness 10000) in paragraph at lines 2264--2274

 []


Underfull \hbox (badness 10000) in paragraph at lines 2264--2274

 []

<./img/119.png, id=1357, 620.3175pt x 355.3275pt>
File: ./img/119.png Graphic file (type png)
<use ./img/119.png>
Package pdftex.def Info: ./img/119.png  used on input line 2277.
(pdftex.def)             Requested size: 279.14029pt x 159.89589pt.

LaTeX Warning: `h' float specifier changed to `ht'.

[68 <./img/118.png (PNG copy)>]
<./img/120.png, id=1365, 481.8pt x 273.02pt>
File: ./img/120.png Graphic file (type png)
<use ./img/120.png>
Package pdftex.def Info: ./img/120.png  used on input line 2287.
(pdftex.def)             Requested size: 216.80798pt x 122.85786pt.

Underfull \hbox (badness 10000) in paragraph at lines 2295--2298

 []

<./img/121.png, id=1367, 652.4375pt x 103.38625pt>
File: ./img/121.png Graphic file (type png)
<use ./img/121.png>
Package pdftex.def Info: ./img/121.png  used on input line 2301.
(pdftex.def)             Requested size: 293.59416pt x 46.52338pt.

Package hyperref Warning: Token not allowed in a PDF string (Unicode):
(hyperref)                removing `math shift' on input line 2306.


Package hyperref Warning: Token not allowed in a PDF string (Unicode):
(hyperref)                removing `subscript' on input line 2306.


Package hyperref Warning: Token not allowed in a PDF string (Unicode):
(hyperref)                removing `math shift' on input line 2306.

[69 <./img/119.png (PNG copy)> <./img/120.png (PNG copy)> <./img/121.png (PNG c
opy)>]
Underfull \hbox (badness 10000) in paragraph at lines 2311--2314

 []


Package hyperref Warning: Token not allowed in a PDF string (Unicode):
(hyperref)                removing `math shift' on input line 2314.


Package hyperref Warning: Token not allowed in a PDF string (Unicode):
(hyperref)                removing `subscript' on input line 2314.


Package hyperref Warning: Token not allowed in a PDF string (Unicode):
(hyperref)                removing `math shift' on input line 2314.


Underfull \hbox (badness 10000) in paragraph at lines 2317--2320

 []


Package hyperref Warning: Token not allowed in a PDF string (Unicode):
(hyperref)                removing `math shift' on input line 2320.


Package hyperref Warning: Token not allowed in a PDF string (Unicode):
(hyperref)                removing `subscript' on input line 2320.


Package hyperref Warning: Token not allowed in a PDF string (Unicode):
(hyperref)                removing `math shift' on input line 2320.


Package hyperref Warning: Token not allowed in a PDF string (Unicode):
(hyperref)                removing `math shift' on input line 2334.


Package hyperref Warning: Token not allowed in a PDF string (Unicode):
(hyperref)                removing `subscript' on input line 2334.


Package hyperref Warning: Token not allowed in a PDF string (Unicode):
(hyperref)                removing `math shift' on input line 2334.

<./img/122.png, id=1375, 735.74875pt x 599.23875pt>
File: ./img/122.png Graphic file (type png)
<use ./img/122.png>
Package pdftex.def Info: ./img/122.png  used on input line 2348.
(pdftex.def)             Requested size: 331.08388pt x 269.65494pt.

LaTeX Warning: `h' float specifier changed to `ht'.


Underfull \hbox (badness 10000) in paragraph at lines 2353--2355

 []

[70] [71 <./img/122.png (PNG copy)>]

Package hyperref Warning: Token not allowed in a PDF string (Unicode):
(hyperref)                removing `math shift' on input line 2372.


Package hyperref Warning: Token not allowed in a PDF string (Unicode):
(hyperref)                removing `subscript' on input line 2372.


Package hyperref Warning: Token not allowed in a PDF string (Unicode):
(hyperref)                removing `math shift' on input line 2372.

<./img/123.png, id=1388, 714.67pt x 179.67125pt>
File: ./img/123.png Graphic file (type png)
<use ./img/123.png>
Package pdftex.def Info: ./img/123.png  used on input line 2378.
(pdftex.def)             Requested size: 321.59853pt x 80.8513pt.
<./img/124.png, id=1389, 557.08125pt x 323.2075pt>
File: ./img/124.png Graphic file (type png)
<use ./img/124.png>
Package pdftex.def Info: ./img/124.png  used on input line 2394.
(pdftex.def)             Requested size: 250.68425pt x 145.44203pt.

LaTeX Warning: `h' float specifier changed to `ht'.


Package hyperref Warning: Token not allowed in a PDF string (Unicode):
(hyperref)                removing `math shift' on input line 2400.


Package hyperref Warning: Token not allowed in a PDF string (Unicode):
(hyperref)                removing `subscript' on input line 2400.


Package hyperref Warning: Token not allowed in a PDF string (Unicode):
(hyperref)                removing `math shift' on input line 2400.

[72 <./img/123.png (PNG copy)>]

Package hyperref Warning: Token not allowed in a PDF string (Unicode):
(hyperref)                removing `math shift' on input line 2407.


Package hyperref Warning: Token not allowed in a PDF string (Unicode):
(hyperref)                removing `subscript' on input line 2407.


Package hyperref Warning: Token not allowed in a PDF string (Unicode):
(hyperref)                removing `math shift' on input line 2407.


Overfull \hbox (2.98364pt too wide) in paragraph at lines 2409--2411
\OT1/cmr/m/n/10 Questa con-dizione, detta \OT1/cmr/bx/n/10 con-dizione di ac-cu
-mu-lazione \OT1/cmr/m/n/10 poich^^Se ac-cu-mula i por-ta-tori mag-gior-i-tari 
all'interfaccia, 
 []


Package hyperref Warning: Token not allowed in a PDF string (Unicode):
(hyperref)                removing `math shift' on input line 2411.


Package hyperref Warning: Token not allowed in a PDF string (Unicode):
(hyperref)                removing `subscript' on input line 2411.


Package hyperref Warning: Token not allowed in a PDF string (Unicode):
(hyperref)                removing `math shift' on input line 2411.

<./img/125.png, id=1398, 512.91624pt x 220.825pt>
File: ./img/125.png Graphic file (type png)
<use ./img/125.png>
Package pdftex.def Info: ./img/125.png  used on input line 2419.
(pdftex.def)             Requested size: 230.81018pt x 99.37032pt.
[73 <./img/124.png (PNG copy)> <./img/125.png (PNG copy)>]
Underfull \hbox (badness 10000) in paragraph at lines 2428--2432

 []


Underfull \hbox (badness 10000) in paragraph at lines 2467--2470

 []

<./img/126.png, id=1407, 575.14874pt x 348.30125pt>
File: ./img/126.png Graphic file (type png)
<use ./img/126.png>
Package pdftex.def Info: ./img/126.png  used on input line 2473.
(pdftex.def)             Requested size: 258.81454pt x 156.73412pt.

LaTeX Warning: `h' float specifier changed to `ht'.

[74]
Underfull \hbox (badness 10000) in paragraph at lines 2482--2485

 []


Underfull \hbox (badness 10000) in paragraph at lines 2485--2488

 []

<./img/127.png, id=1415, 1155.31625pt x 351.3125pt>
File: ./img/127.png Graphic file (type png)
<use ./img/127.png>
Package pdftex.def Info: ./img/127.png  used on input line 2491.
(pdftex.def)             Requested size: 519.88751pt x 158.08916pt.

Overfull \hbox (36.19067pt too wide) in paragraph at lines 2491--2492
 [][] 
 []

[75 <./img/126.png (PNG copy)> <./img/127.png (PNG copy)>]
Underfull \hbox (badness 10000) in paragraph at lines 2514--2520

 []


Underfull \hbox (badness 10000) in paragraph at lines 2514--2520

 []

<./img/128.png, id=1422, 669.50125pt x 336.25626pt>
File: ./img/128.png Graphic file (type png)
<use ./img/128.png>
Package pdftex.def Info: ./img/128.png  used on input line 2528.
(pdftex.def)             Requested size: 301.27278pt x 151.3139pt.

LaTeX Warning: `h' float specifier changed to `ht'.


Underfull \hbox (badness 10000) in paragraph at lines 2536--2539

 []

[76]
Underfull \hbox (badness 10000) in paragraph at lines 2542--2546

 []

[77 <./img/128.png (PNG copy)>]
Underfull \hbox (badness 10000) in paragraph at lines 2574--2578

 []


Overfull \hbox (1.68419pt too wide) in paragraph at lines 2574--2578
\OT1/cmr/m/n/10 Vogliamo ora trac-ciare l'andamendo della cor-rente di drain in
 fun-zione della ten-sione $\OML/cmm/m/it/10 V[]$ \OT1/cmr/m/n/10 us-ando come 
parametro
 []


Underfull \hbox (badness 10000) in paragraph at lines 2574--2578

 []


Underfull \hbox (badness 10000) in paragraph at lines 2582--2589

 []


Underfull \hbox (badness 10000) in paragraph at lines 2582--2589

 []


Underfull \hbox (badness 10000) in paragraph at lines 2582--2589

 []

<./img/129.png, id=1434, 643.40375pt x 371.3875pt>
File: ./img/129.png Graphic file (type png)
<use ./img/129.png>
Package pdftex.def Info: ./img/129.png  used on input line 2592.
(pdftex.def)             Requested size: 289.529pt x 167.12282pt.

LaTeX Warning: `h' float specifier changed to `ht'.


Underfull \hbox (badness 10000) in paragraph at lines 2600--2605

 []

[78]
Underfull \hbox (badness 10000) in paragraph at lines 2605--2608

 []

<./img/130.png, id=1441, 410.53375pt x 533.995pt>
File: ./img/130.png Graphic file (type png)
<use ./img/130.png>
Package pdftex.def Info: ./img/130.png  used on input line 2611.
(pdftex.def)             Requested size: 184.73848pt x 240.29553pt.

LaTeX Warning: `h' float specifier changed to `ht'.

[79 <./img/129.png (PNG copy)>]
Underfull \hbox (badness 10000) in paragraph at lines 2632--2648

 []


Underfull \hbox (badness 10000) in paragraph at lines 2632--2648

 []


Underfull \hbox (badness 10000) in paragraph at lines 2632--2648

 []

[80 <./img/130.png (PNG copy)>] [81] (./OraleElettronica.aux)
 ***********
LaTeX2e <2025-11-01>
L3 programming layer <2026-01-19>
 ***********
Package rerunfilecheck Info: File `OraleElettronica.out' has not changed.
(rerunfilecheck)             Checksum: E05A86C5ACA5D1DF93CB969ADD644354;28333.
 ) 
Here is how much of TeX's memory you used:
 28979 strings out of 467525
 530986 string characters out of 5418983
 934489 words of memory out of 5000000
 57076 multiletter control sequences out of 15000+600000
 648549 words of font info for 114 fonts, out of 8000000 for 9000
 1141 hyphenation exceptions out of 8191
 99i,14n,117p,602b,686s stack positions out of 10000i,1000n,20000p,200000b,200000s
</usr/local/texlive/2026/texmf-dist/fonts/type1/public/amsfonts/cm/cmbx10.pfb
></usr/local/texlive/2026/texmf-dist/fonts/type1/public/amsfonts/cm/cmbx12.pfb>
</usr/local/texlive/2026/texmf-dist/fonts/type1/public/amsfonts/cm/cmbx7.pfb></
usr/local/texlive/2026/texmf-dist/fonts/type1/public/amsfonts/cm/cmbxti10.pfb><
/usr/local/texlive/2026/texmf-dist/fonts/type1/public/amsfonts/cm/cmmi10.pfb></
usr/local/texlive/2026/texmf-dist/fonts/type1/public/amsfonts/cm/cmmi12.pfb></u
sr/local/texlive/2026/texmf-dist/fonts/type1/public/amsfonts/cm/cmmi5.pfb></usr
/local/texlive/2026/texmf-dist/fonts/type1/public/amsfonts/cm/cmmi6.pfb></usr/l
ocal/texlive/2026/texmf-dist/fonts/type1/public/amsfonts/cm/cmmi7.pfb></usr/loc
al/texlive/2026/texmf-dist/fonts/type1/public/amsfonts/cm/cmmi8.pfb></usr/local
/texlive/2026/texmf-dist/fonts/type1/public/amsfonts/cm/cmmi9.pfb></usr/local/t
exlive/2026/texmf-dist/fonts/type1/public/amsfonts/cm/cmr10.pfb></usr/local/tex
live/2026/texmf-dist/fonts/type1/public/amsfonts/cm/cmr5.pfb></usr/local/texliv
e/2026/texmf-dist/fonts/type1/public/amsfonts/cm/cmr6.pfb></usr/local/texlive/2
026/texmf-dist/fonts/type1/public/amsfonts/cm/cmr7.pfb></usr/local/texlive/2026
/texmf-dist/fonts/type1/public/amsfonts/cm/cmr8.pfb></usr/local/texlive/2026/te
xmf-dist/fonts/type1/public/amsfonts/cm/cmr9.pfb></usr/local/texlive/2026/texmf
-dist/fonts/type1/public/amsfonts/cm/cmsl10.pfb></usr/local/texlive/2026/texmf-
dist/fonts/type1/public/amsfonts/cm/cmti10.pfb></usr/local/texlive/2026/texmf-d
ist/fonts/type1/public/amsfonts/latxfont/line10.pfb></usr/local/texlive/2026/te
xmf-dist/fonts/type1/public/mathabx-type1/matha10.pfb></usr/local/texlive/2026/
texmf-dist/fonts/type1/public/mathabx-type1/matha5.pfb></usr/local/texlive/2026
/texmf-dist/fonts/type1/public/mathabx-type1/matha7.pfb></usr/local/texlive/202
6/texmf-dist/fonts/type1/public/mathabx-type1/matha8.pfb></usr/local/texlive/20
26/texmf-dist/fonts/type1/public/mathabx-type1/mathx10.pfb></usr/local/texlive/
2026/texmf-dist/fonts/type1/public/cm-super/sfrm1000.pfb>
Output written on OraleElettronica.pdf (82 pages, 3944015 bytes).
PDF statistics:
 1641 PDF objects out of 1728 (max. 8388607)
 1399 compressed objects within 14 object streams
 340 named destinations out of 1000 (max. 500000)
 1637 words of extra memory for PDF output out of 10000 (max. 10000000)

