This is pdfTeX, Version 3.141592653-2.6-1.40.26 (TeX Live 2024) (preloaded format=pdflatex 2024.6.7)  15 JAN 2026 09:55
entering extended mode
 restricted \write18 enabled.
 %&-line parsing enabled.
**main.tex
(./main.tex
LaTeX2e <2023-11-01> patch level 1
L3 programming layer <2024-02-20>
(/usr/local/texlive/2024/texmf-dist/tex/latex/base/article.cls
Document Class: article 2023/05/17 v1.4n Standard LaTeX document class
(/usr/local/texlive/2024/texmf-dist/tex/latex/base/size10.clo
File: size10.clo 2023/05/17 v1.4n Standard LaTeX file (size option)
)
\c@part=\count188
\c@section=\count189
\c@subsection=\count190
\c@subsubsection=\count191
\c@paragraph=\count192
\c@subparagraph=\count193
\c@figure=\count194
\c@table=\count195
\abovecaptionskip=\skip48
\belowcaptionskip=\skip49
\bibindent=\dimen140
)
(/usr/local/texlive/2024/texmf-dist/tex/latex/graphics/graphicx.sty
Package: graphicx 2021/09/16 v1.2d Enhanced LaTeX Graphics (DPC,SPQR)

(/usr/local/texlive/2024/texmf-dist/tex/latex/graphics/keyval.sty
Package: keyval 2022/05/29 v1.15 key=value parser (DPC)
\KV@toks@=\toks17
)
(/usr/local/texlive/2024/texmf-dist/tex/latex/graphics/graphics.sty
Package: graphics 2022/03/10 v1.4e Standard LaTeX Graphics (DPC,SPQR)

(/usr/local/texlive/2024/texmf-dist/tex/latex/graphics/trig.sty
Package: trig 2021/08/11 v1.11 sin cos tan (DPC)
)
(/usr/local/texlive/2024/texmf-dist/tex/latex/graphics-cfg/graphics.cfg
File: graphics.cfg 2016/06/04 v1.11 sample graphics configuration
)
Package graphics Info: Driver file: pdftex.def on input line 107.

(/usr/local/texlive/2024/texmf-dist/tex/latex/graphics-def/pdftex.def
File: pdftex.def 2022/09/22 v1.2b Graphics/color driver for pdftex
))
\Gin@req@height=\dimen141
\Gin@req@width=\dimen142
)
(/usr/local/texlive/2024/texmf-dist/tex/latex/blindtext/blindtext.sty
Package: blindtext 2012/01/06 V2.0 blindtext-Package

(/usr/local/texlive/2024/texmf-dist/tex/latex/tools/xspace.sty
Package: xspace 2014/10/28 v1.13 Space after command names (DPC,MH)
)
\c@blindtext=\count196
\c@Blindtext=\count197
\c@blind@countparstart=\count198
\blind@countxx=\count199
\blindtext@numBlindtext=\count266
\blind@countyy=\count267
\c@blindlist=\count268
\c@blindlistlevel=\count269
\c@blindlist@level=\count270
\blind@listitem=\count271
\c@blind@listcount=\count272
\c@blind@levelcount=\count273
\blind@mathformula=\count274
\blind@Mathformula=\count275
\c@blind@randomcount=\count276
\c@blind@randommax=\count277
\c@blind@pangramcount=\count278
\c@blind@pangrammax=\count279
)
(/usr/local/texlive/2024/texmf-dist/tex/latex/titlesec/titlesec.sty
Package: titlesec 2023/10/27 v2.16 Sectioning titles
\ttl@box=\box51
\beforetitleunit=\skip50
\aftertitleunit=\skip51
\ttl@plus=\dimen143
\ttl@minus=\dimen144
\ttl@toksa=\toks18
\titlewidth=\dimen145
\titlewidthlast=\dimen146
\titlewidthfirst=\dimen147
)
(/usr/local/texlive/2024/texmf-dist/tex/latex/xcolor/xcolor.sty
Package: xcolor 2023/11/15 v3.01 LaTeX color extensions (UK)

(/usr/local/texlive/2024/texmf-dist/tex/latex/graphics-cfg/color.cfg
File: color.cfg 2016/01/02 v1.6 sample color configuration
)
Package xcolor Info: Driver file: pdftex.def on input line 274.

(/usr/local/texlive/2024/texmf-dist/tex/latex/graphics/mathcolor.ltx)
Package xcolor Info: Model `cmy' substituted by `cmy0' on input line 1350.
Package xcolor Info: Model `hsb' substituted by `rgb' on input line 1354.
Package xcolor Info: Model `RGB' extended on input line 1366.
Package xcolor Info: Model `HTML' substituted by `rgb' on input line 1368.
Package xcolor Info: Model `Hsb' substituted by `hsb' on input line 1369.
Package xcolor Info: Model `tHsb' substituted by `hsb' on input line 1370.
Package xcolor Info: Model `HSB' substituted by `hsb' on input line 1371.
Package xcolor Info: Model `Gray' substituted by `gray' on input line 1372.
Package xcolor Info: Model `wave' substituted by `hsb' on input line 1373.
)
(/usr/local/texlive/2024/texmf-dist/tex/latex/graphics/dvipsnam.def
File: dvipsnam.def 2016/06/17 v3.0m Driver-dependent file (DPC,SPQR)
)
(/usr/local/texlive/2024/texmf-dist/tex/latex/geometry/geometry.sty
Package: geometry 2020/01/02 v5.9 Page Geometry

(/usr/local/texlive/2024/texmf-dist/tex/generic/iftex/ifvtex.sty
Package: ifvtex 2019/10/25 v1.7 ifvtex legacy package. Use iftex instead.

(/usr/local/texlive/2024/texmf-dist/tex/generic/iftex/iftex.sty
Package: iftex 2022/02/03 v1.0f TeX engine tests
))
\Gm@cnth=\count280
\Gm@cntv=\count281
\c@Gm@tempcnt=\count282
\Gm@bindingoffset=\dimen148
\Gm@wd@mp=\dimen149
\Gm@odd@mp=\dimen150
\Gm@even@mp=\dimen151
\Gm@layoutwidth=\dimen152
\Gm@layoutheight=\dimen153
\Gm@layouthoffset=\dimen154
\Gm@layoutvoffset=\dimen155
\Gm@dimlist=\toks19
)
(/usr/local/texlive/2024/texmf-dist/tex/latex/adjustbox/adjustbox.sty
Package: adjustbox 2022/10/17 v1.3a Adjusting TeX boxes (trim, clip, ...)

(/usr/local/texlive/2024/texmf-dist/tex/latex/xkeyval/xkeyval.sty
Package: xkeyval 2022/06/16 v2.9 package option processing (HA)

(/usr/local/texlive/2024/texmf-dist/tex/generic/xkeyval/xkeyval.tex
(/usr/local/texlive/2024/texmf-dist/tex/generic/xkeyval/xkvutils.tex
\XKV@toks=\toks20
\XKV@tempa@toks=\toks21
)
\XKV@depth=\count283
File: xkeyval.tex 2014/12/03 v2.7a key=value parser (HA)
))
(/usr/local/texlive/2024/texmf-dist/tex/latex/adjustbox/adjcalc.sty
Package: adjcalc 2012/05/16 v1.1 Provides advanced setlength with multiple back
-ends (calc, etex, pgfmath)
)
(/usr/local/texlive/2024/texmf-dist/tex/latex/adjustbox/trimclip.sty
Package: trimclip 2020/08/19 v1.2 Trim and clip general TeX material

(/usr/local/texlive/2024/texmf-dist/tex/latex/collectbox/collectbox.sty
Package: collectbox 2022/10/17 v0.4c Collect macro arguments as boxes
\collectedbox=\box52
)
\tc@llx=\dimen156
\tc@lly=\dimen157
\tc@urx=\dimen158
\tc@ury=\dimen159
Package trimclip Info: Using driver 'tc-pdftex.def'.

(/usr/local/texlive/2024/texmf-dist/tex/latex/adjustbox/tc-pdftex.def
File: tc-pdftex.def 2019/01/04 v2.2 Clipping driver for pdftex
))
\adjbox@Width=\dimen160
\adjbox@Height=\dimen161
\adjbox@Depth=\dimen162
\adjbox@Totalheight=\dimen163
\adjbox@pwidth=\dimen164
\adjbox@pheight=\dimen165
\adjbox@pdepth=\dimen166
\adjbox@ptotalheight=\dimen167

(/usr/local/texlive/2024/texmf-dist/tex/latex/ifoddpage/ifoddpage.sty
Package: ifoddpage 2022/10/18 v1.2 Conditionals for odd/even page detection
\c@checkoddpage=\count284
)
(/usr/local/texlive/2024/texmf-dist/tex/latex/varwidth/varwidth.sty
Package: varwidth 2009/03/30 ver 0.92;  Variable-width minipages
\@vwid@box=\box53
\sift@deathcycles=\count285
\@vwid@loff=\dimen168
\@vwid@roff=\dimen169
))
(/usr/local/texlive/2024/texmf-dist/tex/latex/amsmath/amsmath.sty
Package: amsmath 2023/05/13 v2.17o AMS math features
\@mathmargin=\skip52

For additional information on amsmath, use the `?' option.
(/usr/local/texlive/2024/texmf-dist/tex/latex/amsmath/amstext.sty
Package: amstext 2021/08/26 v2.01 AMS text

(/usr/local/texlive/2024/texmf-dist/tex/latex/amsmath/amsgen.sty
File: amsgen.sty 1999/11/30 v2.0 generic functions
\@emptytoks=\toks22
\ex@=\dimen170
))
(/usr/local/texlive/2024/texmf-dist/tex/latex/amsmath/amsbsy.sty
Package: amsbsy 1999/11/29 v1.2d Bold Symbols
\pmbraise@=\dimen171
)
(/usr/local/texlive/2024/texmf-dist/tex/latex/amsmath/amsopn.sty
Package: amsopn 2022/04/08 v2.04 operator names
)
\inf@bad=\count286
LaTeX Info: Redefining \frac on input line 234.
\uproot@=\count287
\leftroot@=\count288
LaTeX Info: Redefining \overline on input line 399.
LaTeX Info: Redefining \colon on input line 410.
\classnum@=\count289
\DOTSCASE@=\count290
LaTeX Info: Redefining \ldots on input line 496.
LaTeX Info: Redefining \dots on input line 499.
LaTeX Info: Redefining \cdots on input line 620.
\Mathstrutbox@=\box54
\strutbox@=\box55
LaTeX Info: Redefining \big on input line 722.
LaTeX Info: Redefining \Big on input line 723.
LaTeX Info: Redefining \bigg on input line 724.
LaTeX Info: Redefining \Bigg on input line 725.
\big@size=\dimen172
LaTeX Font Info:    Redeclaring font encoding OML on input line 743.
LaTeX Font Info:    Redeclaring font encoding OMS on input line 744.
\macc@depth=\count291
LaTeX Info: Redefining \bmod on input line 905.
LaTeX Info: Redefining \pmod on input line 910.
LaTeX Info: Redefining \smash on input line 940.
LaTeX Info: Redefining \relbar on input line 970.
LaTeX Info: Redefining \Relbar on input line 971.
\c@MaxMatrixCols=\count292
\dotsspace@=\muskip16
\c@parentequation=\count293
\dspbrk@lvl=\count294
\tag@help=\toks23
\row@=\count295
\column@=\count296
\maxfields@=\count297
\andhelp@=\toks24
\eqnshift@=\dimen173
\alignsep@=\dimen174
\tagshift@=\dimen175
\tagwidth@=\dimen176
\totwidth@=\dimen177
\lineht@=\dimen178
\@envbody=\toks25
\multlinegap=\skip53
\multlinetaggap=\skip54
\mathdisplay@stack=\toks26
LaTeX Info: Redefining \[ on input line 2953.
LaTeX Info: Redefining \] on input line 2954.
)
(/usr/local/texlive/2024/texmf-dist/tex/latex/amsfonts/amssymb.sty
Package: amssymb 2013/01/14 v3.01 AMS font symbols

(/usr/local/texlive/2024/texmf-dist/tex/latex/amsfonts/amsfonts.sty
Package: amsfonts 2013/01/14 v3.01 Basic AMSFonts support
\symAMSa=\mathgroup4
\symAMSb=\mathgroup5
LaTeX Font Info:    Redeclaring math symbol \hbar on input line 98.
LaTeX Font Info:    Overwriting math alphabet `\mathfrak' in version `bold'
(Font)                  U/euf/m/n --> U/euf/b/n on input line 106.
))
(/usr/local/texlive/2024/texmf-dist/tex/latex/cancel/cancel.sty
Package: cancel 2013/04/12 v2.2 Cancel math terms
)
(/usr/local/texlive/2024/texmf-dist/tex/latex/caption/caption.sty
Package: caption 2023/08/05 v3.6o Customizing captions (AR)

(/usr/local/texlive/2024/texmf-dist/tex/latex/caption/caption3.sty
Package: caption3 2023/07/31 v2.4d caption3 kernel (AR)
\caption@tempdima=\dimen179
\captionmargin=\dimen180
\caption@leftmargin=\dimen181
\caption@rightmargin=\dimen182
\caption@width=\dimen183
\caption@indent=\dimen184
\caption@parindent=\dimen185
\caption@hangindent=\dimen186
Package caption Info: Standard document class detected.
)
\c@caption@flags=\count298
\c@continuedfloat=\count299
)
(/usr/local/texlive/2024/texmf-dist/tex/latex/caption/subcaption.sty
Package: subcaption 2023/07/28 v1.6b Sub-captions (AR)
Package caption Info: New subtype `subfigure' on input line 238.
\c@subfigure=\count300
Package caption Info: New subtype `subtable' on input line 238.
\c@subtable=\count301
)
(/usr/local/texlive/2024/texmf-dist/tex/latex/float/float.sty
Package: float 2001/11/08 v1.3d Float enhancements (AL)
\c@float@type=\count302
\float@exts=\toks27
\float@box=\box56
\@float@everytoks=\toks28
\@floatcapt=\box57
)
(/usr/local/texlive/2024/texmf-dist/tex/latex/enumitem/enumitem.sty
Package: enumitem 2019/06/20 v3.9 Customized lists
\labelindent=\skip55
\enit@outerparindent=\dimen187
\enit@toks=\toks29
\enit@inbox=\box58
\enit@count@id=\count303
\enitdp@description=\count304
)
(/usr/local/texlive/2024/texmf-dist/tex/latex/hyperref/hyperref.sty
Package: hyperref 2024-01-20 v7.01h Hypertext links for LaTeX

(/usr/local/texlive/2024/texmf-dist/tex/latex/kvsetkeys/kvsetkeys.sty
Package: kvsetkeys 2022-10-05 v1.19 Key value parser (HO)
)
(/usr/local/texlive/2024/texmf-dist/tex/generic/kvdefinekeys/kvdefinekeys.sty
Package: kvdefinekeys 2019-12-19 v1.6 Define keys (HO)
)
(/usr/local/texlive/2024/texmf-dist/tex/generic/pdfescape/pdfescape.sty
Package: pdfescape 2019/12/09 v1.15 Implements pdfTeX's escape features (HO)

(/usr/local/texlive/2024/texmf-dist/tex/generic/ltxcmds/ltxcmds.sty
Package: ltxcmds 2023-12-04 v1.26 LaTeX kernel commands for general use (HO)
)
(/usr/local/texlive/2024/texmf-dist/tex/generic/pdftexcmds/pdftexcmds.sty
Package: pdftexcmds 2020-06-27 v0.33 Utility functions of pdfTeX for LuaTeX (HO
)

(/usr/local/texlive/2024/texmf-dist/tex/generic/infwarerr/infwarerr.sty
Package: infwarerr 2019/12/03 v1.5 Providing info/warning/error messages (HO)
)
Package pdftexcmds Info: \pdf@primitive is available.
Package pdftexcmds Info: \pdf@ifprimitive is available.
Package pdftexcmds Info: \pdfdraftmode found.
))
(/usr/local/texlive/2024/texmf-dist/tex/latex/hycolor/hycolor.sty
Package: hycolor 2020-01-27 v1.10 Color options for hyperref/bookmark (HO)
)
(/usr/local/texlive/2024/texmf-dist/tex/latex/auxhook/auxhook.sty
Package: auxhook 2019-12-17 v1.6 Hooks for auxiliary files (HO)
)
(/usr/local/texlive/2024/texmf-dist/tex/latex/hyperref/nameref.sty
Package: nameref 2023-11-26 v2.56 Cross-referencing by name of section

(/usr/local/texlive/2024/texmf-dist/tex/latex/refcount/refcount.sty
Package: refcount 2019/12/15 v3.6 Data extraction from label references (HO)
)
(/usr/local/texlive/2024/texmf-dist/tex/generic/gettitlestring/gettitlestring.s
ty
Package: gettitlestring 2019/12/15 v1.6 Cleanup title references (HO)
 (/usr/local/texlive/2024/texmf-dist/tex/latex/kvoptions/kvoptions.sty
Package: kvoptions 2022-06-15 v3.15 Key value format for package options (HO)
))
\c@section@level=\count305
)
(/usr/local/texlive/2024/texmf-dist/tex/latex/etoolbox/etoolbox.sty
Package: etoolbox 2020/10/05 v2.5k e-TeX tools for LaTeX (JAW)
\etb@tempcnta=\count306
)
\@linkdim=\dimen188
\Hy@linkcounter=\count307
\Hy@pagecounter=\count308

(/usr/local/texlive/2024/texmf-dist/tex/latex/hyperref/pd1enc.def
File: pd1enc.def 2024-01-20 v7.01h Hyperref: PDFDocEncoding definition (HO)
Now handling font encoding PD1 ...
... no UTF-8 mapping file for font encoding PD1
)
(/usr/local/texlive/2024/texmf-dist/tex/generic/intcalc/intcalc.sty
Package: intcalc 2019/12/15 v1.3 Expandable calculations with integers (HO)
)
\Hy@SavedSpaceFactor=\count309

(/usr/local/texlive/2024/texmf-dist/tex/latex/hyperref/puenc.def
File: puenc.def 2024-01-20 v7.01h Hyperref: PDF Unicode definition (HO)
Now handling font encoding PU ...
... no UTF-8 mapping file for font encoding PU
)
Package hyperref Info: Hyper figures OFF on input line 4179.
Package hyperref Info: Link nesting OFF on input line 4184.
Package hyperref Info: Hyper index ON on input line 4187.
Package hyperref Info: Plain pages OFF on input line 4194.
Package hyperref Info: Backreferencing OFF on input line 4199.
Package hyperref Info: Implicit mode ON; LaTeX internals redefined.
Package hyperref Info: Bookmarks ON on input line 4446.
\c@Hy@tempcnt=\count310

(/usr/local/texlive/2024/texmf-dist/tex/latex/url/url.sty
\Urlmuskip=\muskip17
Package: url 2013/09/16  ver 3.4  Verb mode for urls, etc.
)
LaTeX Info: Redefining \url on input line 4784.
\XeTeXLinkMargin=\dimen189

(/usr/local/texlive/2024/texmf-dist/tex/generic/bitset/bitset.sty
Package: bitset 2019/12/09 v1.3 Handle bit-vector datatype (HO)

(/usr/local/texlive/2024/texmf-dist/tex/generic/bigintcalc/bigintcalc.sty
Package: bigintcalc 2019/12/15 v1.5 Expandable calculations on big integers (HO
)
))
\Fld@menulength=\count311
\Field@Width=\dimen190
\Fld@charsize=\dimen191
Package hyperref Info: Hyper figures OFF on input line 6063.
Package hyperref Info: Link nesting OFF on input line 6068.
Package hyperref Info: Hyper index ON on input line 6071.
Package hyperref Info: backreferencing OFF on input line 6078.
Package hyperref Info: Link coloring OFF on input line 6083.
Package hyperref Info: Link coloring with OCG OFF on input line 6088.
Package hyperref Info: PDF/A mode OFF on input line 6093.

(/usr/local/texlive/2024/texmf-dist/tex/latex/base/atbegshi-ltx.sty
Package: atbegshi-ltx 2021/01/10 v1.0c Emulation of the original atbegshi
package with kernel methods
)
\Hy@abspage=\count312
\c@Item=\count313
\c@Hfootnote=\count314
)
Package hyperref Info: Driver (autodetected): hpdftex.

(/usr/local/texlive/2024/texmf-dist/tex/latex/hyperref/hpdftex.def
File: hpdftex.def 2024-01-20 v7.01h Hyperref driver for pdfTeX

(/usr/local/texlive/2024/texmf-dist/tex/latex/base/atveryend-ltx.sty
Package: atveryend-ltx 2020/08/19 v1.0a Emulation of the original atveryend pac
kage
with kernel methods
)
\Fld@listcount=\count315
\c@bookmark@seq@number=\count316

(/usr/local/texlive/2024/texmf-dist/tex/latex/rerunfilecheck/rerunfilecheck.sty
Package: rerunfilecheck 2022-07-10 v1.10 Rerun checks for auxiliary files (HO)

(/usr/local/texlive/2024/texmf-dist/tex/generic/uniquecounter/uniquecounter.sty
Package: uniquecounter 2019/12/15 v1.4 Provide unlimited unique counter (HO)
)
Package uniquecounter Info: New unique counter `rerunfilecheck' on input line 2
85.
)
\Hy@SectionHShift=\skip56
) (/usr/local/texlive/2024/texmf-dist/tex/latex/fancyhdr/fancyhdr.sty
Package: fancyhdr 2022/11/09 v4.1 Extensive control of page headers and footers

\f@nch@headwidth=\skip57
\f@nch@O@elh=\skip58
\f@nch@O@erh=\skip59
\f@nch@O@olh=\skip60
\f@nch@O@orh=\skip61
\f@nch@O@elf=\skip62
\f@nch@O@erf=\skip63
\f@nch@O@olf=\skip64
\f@nch@O@orf=\skip65
)
(/usr/local/texlive/2024/texmf-dist/tex/latex/l3backend/l3backend-pdftex.def
File: l3backend-pdftex.def 2024-02-20 L3 backend support: PDF output (pdfTeX)
\l__color_backend_stack_int=\count317
\l__pdf_internal_box=\box59
)
(./main.aux)
\openout1 = `main.aux'.

LaTeX Font Info:    Checking defaults for OML/cmm/m/it on input line 46.
LaTeX Font Info:    ... okay on input line 46.
LaTeX Font Info:    Checking defaults for OMS/cmsy/m/n on input line 46.
LaTeX Font Info:    ... okay on input line 46.
LaTeX Font Info:    Checking defaults for OT1/cmr/m/n on input line 46.
LaTeX Font Info:    ... okay on input line 46.
LaTeX Font Info:    Checking defaults for T1/cmr/m/n on input line 46.
LaTeX Font Info:    ... okay on input line 46.
LaTeX Font Info:    Checking defaults for TS1/cmr/m/n on input line 46.
LaTeX Font Info:    ... okay on input line 46.
LaTeX Font Info:    Checking defaults for OMX/cmex/m/n on input line 46.
LaTeX Font Info:    ... okay on input line 46.
LaTeX Font Info:    Checking defaults for U/cmr/m/n on input line 46.
LaTeX Font Info:    ... okay on input line 46.
LaTeX Font Info:    Checking defaults for PD1/pdf/m/n on input line 46.
LaTeX Font Info:    ... okay on input line 46.
LaTeX Font Info:    Checking defaults for PU/pdf/m/n on input line 46.
LaTeX Font Info:    ... okay on input line 46.

(/usr/local/texlive/2024/texmf-dist/tex/context/base/mkii/supp-pdf.mkii
[Loading MPS to PDF converter (version 2006.09.02).]
\scratchcounter=\count318
\scratchdimen=\dimen192
\scratchbox=\box60
\nofMPsegments=\count319
\nofMParguments=\count320
\everyMPshowfont=\toks30
\MPscratchCnt=\count321
\MPscratchDim=\dimen193
\MPnumerator=\count322
\makeMPintoPDFobject=\count323
\everyMPtoPDFconversion=\toks31
) (/usr/local/texlive/2024/texmf-dist/tex/latex/epstopdf-pkg/epstopdf-base.sty
Package: epstopdf-base 2020-01-24 v2.11 Base part for package epstopdf
Package epstopdf-base Info: Redefining graphics rule for `.eps' on input line 4
85.

(/usr/local/texlive/2024/texmf-dist/tex/latex/latexconfig/epstopdf-sys.cfg
File: epstopdf-sys.cfg 2010/07/13 v1.3 Configuration of (r)epstopdf for TeX Liv
e
))
*geometry* driver: auto-detecting
*geometry* detected driver: pdftex
*geometry* verbose mode - [ preamble ] result:
* driver: pdftex
* paper: a4paper
* layout: <same size as paper>
* layoutoffset:(h,v)=(0.0pt,0.0pt)
* modes: 
* h-part:(L,W,R)=(71.13188pt, 483.69684pt, 42.67915pt)
* v-part:(T,H,B)=(56.9055pt, 731.23582pt, 56.90552pt)
* \paperwidth=597.50787pt
* \paperheight=845.04684pt
* \textwidth=483.69684pt
* \textheight=731.23582pt
* \oddsidemargin=-1.1381pt
* \evensidemargin=-1.1381pt
* \topmargin=-52.36449pt
* \headheight=12.0pt
* \headsep=25.0pt
* \topskip=10.0pt
* \footskip=30.0pt
* \marginparwidth=65.0pt
* \marginparsep=11.0pt
* \columnsep=10.0pt
* \skip\footins=9.0pt plus 4.0pt minus 2.0pt
* \hoffset=0.0pt
* \voffset=0.0pt
* \mag=1000
* \@twocolumnfalse
* \@twosidefalse
* \@mparswitchfalse
* \@reversemarginfalse
* (1in=72.27pt=25.4mm, 1cm=28.453pt)

Package caption Info: Begin \AtBeginDocument code.
Package caption Info: float package is loaded.
Package caption Info: hyperref package is loaded.
Package caption Info: End \AtBeginDocument code.
Package hyperref Info: Link coloring OFF on input line 46.
(./main.out) (./main.out)
\@outlinefile=\write3
\openout3 = `main.out'.

<./images/0.Cover.png, id=1531, 1027.84pt x 1027.84pt>
File: ./images/0.Cover.png Graphic file (type png)
<use ./images/0.Cover.png>
Package pdftex.def Info: ./images/0.Cover.png  used on input line 67.
(pdftex.def)             Requested size: 359.74939pt x 359.74939pt.
 [1

{/usr/local/texlive/2024/texmf-var/fonts/map/pdftex/updmap/pdftex.map} <./image
s/0.Cover.png (PNG copy)>] (./main.toc
LaTeX Font Info:    Trying to load font information for U+msa on input line 2.

(/usr/local/texlive/2024/texmf-dist/tex/latex/amsfonts/umsa.fd
File: umsa.fd 2013/01/14 v3.01 AMS symbols A
)
LaTeX Font Info:    Trying to load font information for U+msb on input line 2.

(/usr/local/texlive/2024/texmf-dist/tex/latex/amsfonts/umsb.fd
File: umsb.fd 2013/01/14 v3.01 AMS symbols B
)
pdfTeX warning (ext4): destination with the same identifier (name{page.1}) has 
been already used, duplicate ignored
<to be read again> 
                   \relax 
l.58 ...rline {Grafico}}{20}{subsubsection.3.11.1}
                                                  % [1] [2] [3]
Overfull \hbox (13.02635pt too wide) in paragraph at lines 224--224
 [][] [][]$[]$[] [][]  
 []

[4] [5] [6])
\tf@toc=\write4
\openout4 = `main.toc'.

 [7]
<./images/1.Q1.jpeg, id=1957, 3476.99pt x 1365.1pt>
File: ./images/1.Q1.jpeg Graphic file (type jpg)
<use ./images/1.Q1.jpeg>
Package pdftex.def Info: ./images/1.Q1.jpeg  used on input line 87.
(pdftex.def)             Requested size: 347.71938pt x 136.51799pt.
<./images/2.Q2.png, id=1958, 634.37pt x 827.09pt>
File: ./images/2.Q2.png Graphic file (type png)
<use ./images/2.Q2.png>
Package pdftex.def Info: ./images/2.Q2.png  used on input line 93.
(pdftex.def)             Requested size: 253.7435pt x 330.83012pt.


Package hyperref Warning: Token not allowed in a PDF string (Unicode):
(hyperref)                removing `math shift' on input line 106.


Package hyperref Warning: Token not allowed in a PDF string (Unicode):
(hyperref)                removing `\@@underline' on input line 106.


Package hyperref Warning: Token not allowed in a PDF string (Unicode):
(hyperref)                removing `\hbox' on input line 106.


Package hyperref Warning: Token not allowed in a PDF string (Unicode):
(hyperref)                removing `\mathsurround' on input line 106.


Package hyperref Warning: Token not allowed in a PDF string (Unicode):
(hyperref)                removing `\z@' on input line 106.


Package hyperref Warning: Token not allowed in a PDF string (Unicode):
(hyperref)                removing `math shift' on input line 106.


Underfull \hbox (badness 10000) in paragraph at lines 107--125

 []

[8 <./images/1.Q1.jpeg> <./images/2.Q2.png (PNG copy)>]

Package hyperref Warning: Token not allowed in a PDF string (Unicode):
(hyperref)                removing `math shift' on input line 125.


Package hyperref Warning: Token not allowed in a PDF string (Unicode):
(hyperref)                removing `\@@underline' on input line 125.


Package hyperref Warning: Token not allowed in a PDF string (Unicode):
(hyperref)                removing `\hbox' on input line 125.


Package hyperref Warning: Token not allowed in a PDF string (Unicode):
(hyperref)                removing `\mathsurround' on input line 125.


Package hyperref Warning: Token not allowed in a PDF string (Unicode):
(hyperref)                removing `\z@' on input line 125.


Package hyperref Warning: Token not allowed in a PDF string (Unicode):
(hyperref)                removing `math shift' on input line 125.


Underfull \hbox (badness 10000) in paragraph at lines 126--132

 []


Package hyperref Warning: Token not allowed in a PDF string (Unicode):
(hyperref)                removing `math shift' on input line 132.


Package hyperref Warning: Token not allowed in a PDF string (Unicode):
(hyperref)                removing `\@@underline' on input line 132.


Package hyperref Warning: Token not allowed in a PDF string (Unicode):
(hyperref)                removing `\hbox' on input line 132.


Package hyperref Warning: Token not allowed in a PDF string (Unicode):
(hyperref)                removing `\mathsurround' on input line 132.


Package hyperref Warning: Token not allowed in a PDF string (Unicode):
(hyperref)                removing `\z@' on input line 132.


Package hyperref Warning: Token not allowed in a PDF string (Unicode):
(hyperref)                removing `math shift' on input line 132.


Underfull \hbox (badness 10000) in paragraph at lines 133--145

 []


Underfull \hbox (badness 10000) in paragraph at lines 149--156

 []


Package hyperref Warning: Token not allowed in a PDF string (Unicode):
(hyperref)                removing `math shift' on input line 156.


Package hyperref Warning: Token not allowed in a PDF string (Unicode):
(hyperref)                removing `\@@underline' on input line 156.


Package hyperref Warning: Token not allowed in a PDF string (Unicode):
(hyperref)                removing `\hbox' on input line 156.


Package hyperref Warning: Token not allowed in a PDF string (Unicode):
(hyperref)                removing `\mathsurround' on input line 156.


Package hyperref Warning: Token not allowed in a PDF string (Unicode):
(hyperref)                removing `\z@' on input line 156.


Package hyperref Warning: Token not allowed in a PDF string (Unicode):
(hyperref)                removing `math shift' on input line 156.

<./images/3.Dispo1.png, id=1966, 909.3975pt x 883.3pt>
File: ./images/3.Dispo1.png Graphic file (type png)
<use ./images/3.Dispo1.png>
Package pdftex.def Info: ./images/3.Dispo1.png  used on input line 160.
(pdftex.def)             Requested size: 318.2939pt x 309.15964pt.

Underfull \hbox (badness 10000) in paragraph at lines 166--167

 []


Package hyperref Warning: Token not allowed in a PDF string (Unicode):
(hyperref)                removing `math shift' on input line 167.


Package hyperref Warning: Token not allowed in a PDF string (Unicode):
(hyperref)                removing `\@@underline' on input line 167.


Package hyperref Warning: Token not allowed in a PDF string (Unicode):
(hyperref)                removing `\hbox' on input line 167.


Package hyperref Warning: Token not allowed in a PDF string (Unicode):
(hyperref)                removing `\mathsurround' on input line 167.


Package hyperref Warning: Token not allowed in a PDF string (Unicode):
(hyperref)                removing `\z@' on input line 167.


Package hyperref Warning: Token not allowed in a PDF string (Unicode):
(hyperref)                removing `math shift' on input line 167.

<./images/4.Dispo2.png, id=1967, 811.03pt x 425.59pt>
File: ./images/4.Dispo2.png Graphic file (type png)
<use ./images/4.Dispo2.png>
Package pdftex.def Info: ./images/4.Dispo2.png  used on input line 171.
(pdftex.def)             Requested size: 324.40625pt x 170.23297pt.

Package hyperref Warning: Token not allowed in a PDF string (Unicode):
(hyperref)                removing `math shift' on input line 176.


Package hyperref Warning: Token not allowed in a PDF string (Unicode):
(hyperref)                removing `\@@underline' on input line 176.


Package hyperref Warning: Token not allowed in a PDF string (Unicode):
(hyperref)                removing `\hbox' on input line 176.


Package hyperref Warning: Token not allowed in a PDF string (Unicode):
(hyperref)                removing `\mathsurround' on input line 176.


Package hyperref Warning: Token not allowed in a PDF string (Unicode):
(hyperref)                removing `\z@' on input line 176.


Package hyperref Warning: Token not allowed in a PDF string (Unicode):
(hyperref)                removing `math shift' on input line 176.


Underfull \hbox (badness 10000) in paragraph at lines 177--189

 []

[9]

Package hyperref Warning: Token not allowed in a PDF string (Unicode):
(hyperref)                removing `math shift' on input line 198.


Package hyperref Warning: Token not allowed in a PDF string (Unicode):
(hyperref)                removing `\@@underline' on input line 198.


Package hyperref Warning: Token not allowed in a PDF string (Unicode):
(hyperref)                removing `\hbox' on input line 198.


Package hyperref Warning: Token not allowed in a PDF string (Unicode):
(hyperref)                removing `\mathsurround' on input line 198.


Package hyperref Warning: Token not allowed in a PDF string (Unicode):
(hyperref)                removing `\z@' on input line 198.


Package hyperref Warning: Token not allowed in a PDF string (Unicode):
(hyperref)                removing `math shift' on input line 198.

[10 <./images/3.Dispo1.png (PNG copy)> <./images/4.Dispo2.png (PNG copy)>]
[11]

Package hyperref Warning: Token not allowed in a PDF string (Unicode):
(hyperref)                removing `math shift' on input line 204.


Package hyperref Warning: Token not allowed in a PDF string (Unicode):
(hyperref)                removing `\@@underline' on input line 204.


Package hyperref Warning: Token not allowed in a PDF string (Unicode):
(hyperref)                removing `\hbox' on input line 204.


Package hyperref Warning: Token not allowed in a PDF string (Unicode):
(hyperref)                removing `\mathsurround' on input line 204.


Package hyperref Warning: Token not allowed in a PDF string (Unicode):
(hyperref)                removing `\z@' on input line 204.


Package hyperref Warning: Token not allowed in a PDF string (Unicode):
(hyperref)                removing `math shift' on input line 204.

<./images/5.Comb.png, id=1990, 630.355pt x 690.58pt>
File: ./images/5.Comb.png Graphic file (type png)
<use ./images/5.Comb.png>
Package pdftex.def Info: ./images/5.Comb.png  used on input line 208.
(pdftex.def)             Requested size: 252.13753pt x 276.2271pt.

Package hyperref Warning: Token not allowed in a PDF string (Unicode):
(hyperref)                removing `math shift' on input line 222.


Package hyperref Warning: Token not allowed in a PDF string (Unicode):
(hyperref)                removing `\@@underline' on input line 222.


Package hyperref Warning: Token not allowed in a PDF string (Unicode):
(hyperref)                removing `\hbox' on input line 222.


Package hyperref Warning: Token not allowed in a PDF string (Unicode):
(hyperref)                removing `\mathsurround' on input line 222.


Package hyperref Warning: Token not allowed in a PDF string (Unicode):
(hyperref)                removing `\z@' on input line 222.


Package hyperref Warning: Token not allowed in a PDF string (Unicode):
(hyperref)                removing `math shift' on input line 222.


Package hyperref Warning: Token not allowed in a PDF string (Unicode):
(hyperref)                removing `math shift' on input line 227.


Package hyperref Warning: Token not allowed in a PDF string (Unicode):
(hyperref)                removing `\@@underline' on input line 227.


Package hyperref Warning: Token not allowed in a PDF string (Unicode):
(hyperref)                removing `\hbox' on input line 227.


Package hyperref Warning: Token not allowed in a PDF string (Unicode):
(hyperref)                removing `\mathsurround' on input line 227.


Package hyperref Warning: Token not allowed in a PDF string (Unicode):
(hyperref)                removing `\z@' on input line 227.


Package hyperref Warning: Token not allowed in a PDF string (Unicode):
(hyperref)                removing `math shift' on input line 227.

<./images/6.Gauss.jpeg, id=1991, 2770.35pt x 1762.585pt>
File: ./images/6.Gauss.jpeg Graphic file (type jpg)
<use ./images/6.Gauss.jpeg>
Package pdftex.def Info: ./images/6.Gauss.jpeg  used on input line 230.
(pdftex.def)             Requested size: 360.15814pt x 229.14409pt.
[12 <./images/5.Comb.png (PNG copy)>]

Package hyperref Warning: Token not allowed in a PDF string (Unicode):
(hyperref)                removing `math shift' on input line 235.


Package hyperref Warning: Token not allowed in a PDF string (Unicode):
(hyperref)                removing `\@@underline' on input line 235.


Package hyperref Warning: Token not allowed in a PDF string (Unicode):
(hyperref)                removing `\hbox' on input line 235.


Package hyperref Warning: Token not allowed in a PDF string (Unicode):
(hyperref)                removing `\mathsurround' on input line 235.


Package hyperref Warning: Token not allowed in a PDF string (Unicode):
(hyperref)                removing `\z@' on input line 235.


Package hyperref Warning: Token not allowed in a PDF string (Unicode):
(hyperref)                removing `math shift' on input line 235.

<./images/7.Gauss2.jpeg, id=2002, 3158.80125pt x 1267.73625pt>
File: ./images/7.Gauss2.jpeg Graphic file (type jpg)
<use ./images/7.Gauss2.jpeg>
Package pdftex.def Info: ./images/7.Gauss2.jpeg  used on input line 238.
(pdftex.def)             Requested size: 473.79974pt x 190.15224pt.

Package hyperref Warning: Token not allowed in a PDF string (Unicode):
(hyperref)                removing `math shift' on input line 255.


Package hyperref Warning: Token not allowed in a PDF string (Unicode):
(hyperref)                removing `\@@underline' on input line 255.


Package hyperref Warning: Token not allowed in a PDF string (Unicode):
(hyperref)                removing `\hbox' on input line 255.


Package hyperref Warning: Token not allowed in a PDF string (Unicode):
(hyperref)                removing `\mathsurround' on input line 255.


Package hyperref Warning: Token not allowed in a PDF string (Unicode):
(hyperref)                removing `\z@' on input line 255.


Package hyperref Warning: Token not allowed in a PDF string (Unicode):
(hyperref)                removing `math shift' on input line 255.

<images/8.Q_G.jpeg, id=2003, 2860.6875pt x 931.48pt>
File: images/8.Q_G.jpeg Graphic file (type jpg)
<use images/8.Q_G.jpeg>
Package pdftex.def Info: images/8.Q_G.jpeg  used on input line 258.
(pdftex.def)             Requested size: 429.08461pt x 139.71597pt.
[13{/usr/local/texlive/2024/texmf-dist/fonts/enc/dvips/cm-super/cm-super-ts1.en
c} <./images/6.Gauss.jpeg> <./images/7.Gauss2.jpeg>]

Package hyperref Warning: Token not allowed in a PDF string (Unicode):
(hyperref)                removing `math shift' on input line 261.


Package hyperref Warning: Token not allowed in a PDF string (Unicode):
(hyperref)                removing `\@@underline' on input line 261.


Package hyperref Warning: Token not allowed in a PDF string (Unicode):
(hyperref)                removing `\hbox' on input line 261.


Package hyperref Warning: Token not allowed in a PDF string (Unicode):
(hyperref)                removing `\mathsurround' on input line 261.


Package hyperref Warning: Token not allowed in a PDF string (Unicode):
(hyperref)                removing `\z@' on input line 261.


Package hyperref Warning: Token not allowed in a PDF string (Unicode):
(hyperref)                removing `math shift' on input line 261.


Package hyperref Warning: Token not allowed in a PDF string (Unicode):
(hyperref)                removing `math shift' on input line 292.


Package hyperref Warning: Token not allowed in a PDF string (Unicode):
(hyperref)                removing `\@@underline' on input line 292.


Package hyperref Warning: Token not allowed in a PDF string (Unicode):
(hyperref)                removing `\hbox' on input line 292.


Package hyperref Warning: Token not allowed in a PDF string (Unicode):
(hyperref)                removing `\mathsurround' on input line 292.


Package hyperref Warning: Token not allowed in a PDF string (Unicode):
(hyperref)                removing `\z@' on input line 292.


Package hyperref Warning: Token not allowed in a PDF string (Unicode):
(hyperref)                removing `math shift' on input line 292.

<images/9.GradUni.jpeg, id=2015, 2795.44376pt x 1398.22375pt>
File: images/9.GradUni.jpeg Graphic file (type jpg)
<use images/9.GradUni.jpeg>
Package pdftex.def Info: images/9.GradUni.jpeg  used on input line 295.
(pdftex.def)             Requested size: 363.42044pt x 181.77547pt.
[14 <./images/8.Q_G.jpeg> <./images/9.GradUni.jpeg>] [15]

Package hyperref Warning: Token not allowed in a PDF string (Unicode):
(hyperref)                removing `math shift' on input line 304.


Package hyperref Warning: Token not allowed in a PDF string (Unicode):
(hyperref)                removing `\@@underline' on input line 304.


Package hyperref Warning: Token not allowed in a PDF string (Unicode):
(hyperref)                removing `\hbox' on input line 304.


Package hyperref Warning: Token not allowed in a PDF string (Unicode):
(hyperref)                removing `\mathsurround' on input line 304.


Package hyperref Warning: Token not allowed in a PDF string (Unicode):
(hyperref)                removing `\z@' on input line 304.


Package hyperref Warning: Token not allowed in a PDF string (Unicode):
(hyperref)                removing `math shift' on input line 304.

<images/10.Rett1.jpeg, id=2027, 2089.8075pt x 1402.23875pt>
File: images/10.Rett1.jpeg Graphic file (type jpg)
<use images/10.Rett1.jpeg>
Package pdftex.def Info: images/10.Rett1.jpeg  used on input line 308.
(pdftex.def)             Requested size: 217.6621pt x 146.03052pt.
<images/11.Rett2.jpeg, id=2028, 1894.07625pt x 1062.97125pt>
File: images/11.Rett2.jpeg Graphic file (type jpg)
<use images/11.Rett2.jpeg>
Package pdftex.def Info: images/11.Rett2.jpeg  used on input line 313.
(pdftex.def)             Requested size: 217.6621pt x 122.14992pt.

Overfull \hbox (2.22221pt too wide) in paragraph at lines 306--317
[][] [] 
 []


Package hyperref Warning: Token not allowed in a PDF string (Unicode):
(hyperref)                removing `math shift' on input line 321.


Package hyperref Warning: Token not allowed in a PDF string (Unicode):
(hyperref)                removing `\@@underline' on input line 321.


Package hyperref Warning: Token not allowed in a PDF string (Unicode):
(hyperref)                removing `\hbox' on input line 321.


Package hyperref Warning: Token not allowed in a PDF string (Unicode):
(hyperref)                removing `\mathsurround' on input line 321.


Package hyperref Warning: Token not allowed in a PDF string (Unicode):
(hyperref)                removing `\z@' on input line 321.


Package hyperref Warning: Token not allowed in a PDF string (Unicode):
(hyperref)                removing `math shift' on input line 321.

<images/12.Dirac.jpeg, id=2029, 3253.15375pt x 1564.84625pt>
File: images/12.Dirac.jpeg Graphic file (type jpg)
<use images/12.Dirac.jpeg>
Package pdftex.def Info: images/12.Dirac.jpeg  used on input line 324.
(pdftex.def)             Requested size: 325.33443pt x 156.49379pt.

Package hyperref Warning: Token not allowed in a PDF string (Unicode):
(hyperref)                removing `math shift' on input line 326.


Package hyperref Warning: Token not allowed in a PDF string (Unicode):
(hyperref)                removing `\@@underline' on input line 326.


Package hyperref Warning: Token not allowed in a PDF string (Unicode):
(hyperref)                removing `\hbox' on input line 326.


Package hyperref Warning: Token not allowed in a PDF string (Unicode):
(hyperref)                removing `\mathsurround' on input line 326.


Package hyperref Warning: Token not allowed in a PDF string (Unicode):
(hyperref)                removing `\z@' on input line 326.


Package hyperref Warning: Token not allowed in a PDF string (Unicode):
(hyperref)                removing `math shift' on input line 326.


Package hyperref Warning: Token not allowed in a PDF string (Unicode):
(hyperref)                removing `math shift' on input line 328.


Package hyperref Warning: Token not allowed in a PDF string (Unicode):
(hyperref)                removing `\@@underline' on input line 328.


Package hyperref Warning: Token not allowed in a PDF string (Unicode):
(hyperref)                removing `\hbox' on input line 328.


Package hyperref Warning: Token not allowed in a PDF string (Unicode):
(hyperref)                removing `\mathsurround' on input line 328.


Package hyperref Warning: Token not allowed in a PDF string (Unicode):
(hyperref)                removing `\z@' on input line 328.


Package hyperref Warning: Token not allowed in a PDF string (Unicode):
(hyperref)                removing `math shift' on input line 328.

[16 <./images/10.Rett1.jpeg> <./images/11.Rett2.jpeg> <./images/12.Dirac.jpeg>]

Package hyperref Warning: Token not allowed in a PDF string (Unicode):
(hyperref)                removing `math shift' on input line 341.


Package hyperref Warning: Token not allowed in a PDF string (Unicode):
(hyperref)                removing `\@@underline' on input line 341.


Package hyperref Warning: Token not allowed in a PDF string (Unicode):
(hyperref)                removing `\hbox' on input line 341.


Package hyperref Warning: Token not allowed in a PDF string (Unicode):
(hyperref)                removing `\mathsurround' on input line 341.


Package hyperref Warning: Token not allowed in a PDF string (Unicode):
(hyperref)                removing `\z@' on input line 341.


Package hyperref Warning: Token not allowed in a PDF string (Unicode):
(hyperref)                removing `math shift' on input line 341.

<images/13.Dirac2.jpeg, id=2040, 3621.53pt x 1370.11874pt>
File: images/13.Dirac2.jpeg Graphic file (type jpg)
<use images/13.Dirac2.jpeg>
Package pdftex.def Info: images/13.Dirac2.jpeg  used on input line 344.
(pdftex.def)             Requested size: 362.17422pt x 137.0199pt.

Package hyperref Warning: Token not allowed in a PDF string (Unicode):
(hyperref)                removing `math shift' on input line 351.


Package hyperref Warning: Token not allowed in a PDF string (Unicode):
(hyperref)                removing `\@@underline' on input line 351.


Package hyperref Warning: Token not allowed in a PDF string (Unicode):
(hyperref)                removing `\hbox' on input line 351.


Package hyperref Warning: Token not allowed in a PDF string (Unicode):
(hyperref)                removing `\mathsurround' on input line 351.


Package hyperref Warning: Token not allowed in a PDF string (Unicode):
(hyperref)                removing `\z@' on input line 351.


Package hyperref Warning: Token not allowed in a PDF string (Unicode):
(hyperref)                removing `math shift' on input line 351.


Underfull \hbox (badness 10000) in paragraph at lines 352--355

 []


Package hyperref Warning: Token not allowed in a PDF string (Unicode):
(hyperref)                removing `math shift' on input line 358.


Package hyperref Warning: Token not allowed in a PDF string (Unicode):
(hyperref)                removing `\@@underline' on input line 358.


Package hyperref Warning: Token not allowed in a PDF string (Unicode):
(hyperref)                removing `\hbox' on input line 358.


Package hyperref Warning: Token not allowed in a PDF string (Unicode):
(hyperref)                removing `\mathsurround' on input line 358.


Package hyperref Warning: Token not allowed in a PDF string (Unicode):
(hyperref)                removing `\z@' on input line 358.


Package hyperref Warning: Token not allowed in a PDF string (Unicode):
(hyperref)                removing `math shift' on input line 358.


Package hyperref Warning: Token not allowed in a PDF string (Unicode):
(hyperref)                removing `math shift' on input line 365.


Package hyperref Warning: Token not allowed in a PDF string (Unicode):
(hyperref)                removing `\@@underline' on input line 365.


Package hyperref Warning: Token not allowed in a PDF string (Unicode):
(hyperref)                removing `\hbox' on input line 365.


Package hyperref Warning: Token not allowed in a PDF string (Unicode):
(hyperref)                removing `\mathsurround' on input line 365.


Package hyperref Warning: Token not allowed in a PDF string (Unicode):
(hyperref)                removing `\z@' on input line 365.


Package hyperref Warning: Token not allowed in a PDF string (Unicode):
(hyperref)                removing `math shift' on input line 365.

<images/14.VennSotto.jpeg, id=2041, 1088.065pt x 1169.36874pt>
File: images/14.VennSotto.jpeg Graphic file (type jpg)
<use images/14.VennSotto.jpeg>
Package pdftex.def Info: images/14.VennSotto.jpeg  used on input line 368.
(pdftex.def)             Requested size: 108.81287pt x 116.94373pt.
[17 <./images/13.Dirac2.jpeg> <./images/14.VennSotto.jpeg>]
Underfull \hbox (badness 10000) in paragraph at lines 374--377

 []


Underfull \hbox (badness 10000) in paragraph at lines 374--377

 []


Package hyperref Warning: Token not allowed in a PDF string (Unicode):
(hyperref)                removing `math shift' on input line 380.


Package hyperref Warning: Token not allowed in a PDF string (Unicode):
(hyperref)                removing `\@@underline' on input line 380.


Package hyperref Warning: Token not allowed in a PDF string (Unicode):
(hyperref)                removing `\hbox' on input line 380.


Package hyperref Warning: Token not allowed in a PDF string (Unicode):
(hyperref)                removing `\mathsurround' on input line 380.


Package hyperref Warning: Token not allowed in a PDF string (Unicode):
(hyperref)                removing `\z@' on input line 380.


Package hyperref Warning: Token not allowed in a PDF string (Unicode):
(hyperref)                removing `math shift' on input line 380.

<images/15.Venn.png, id=2048, 499.8675pt x 493.845pt>
File: images/15.Venn.png Graphic file (type png)
<use images/15.Venn.png>
Package pdftex.def Info: images/15.Venn.png  used on input line 383.
(pdftex.def)             Requested size: 199.94345pt x 197.53448pt.

Package hyperref Warning: Token not allowed in a PDF string (Unicode):
(hyperref)                removing `math shift' on input line 390.


Package hyperref Warning: Token not allowed in a PDF string (Unicode):
(hyperref)                removing `\@@underline' on input line 390.


Package hyperref Warning: Token not allowed in a PDF string (Unicode):
(hyperref)                removing `\hbox' on input line 390.


Package hyperref Warning: Token not allowed in a PDF string (Unicode):
(hyperref)                removing `\mathsurround' on input line 390.


Package hyperref Warning: Token not allowed in a PDF string (Unicode):
(hyperref)                removing `\z@' on input line 390.


Package hyperref Warning: Token not allowed in a PDF string (Unicode):
(hyperref)                removing `math shift' on input line 390.

<images/16.VennSomma.jpeg, id=2049, 1265.72874pt x 1170.3725pt>
File: images/16.VennSomma.jpeg Graphic file (type jpg)
<use images/16.VennSomma.jpeg>
Package pdftex.def Info: images/16.VennSomma.jpeg  used on input line 393.
(pdftex.def)             Requested size: 164.5505pt x 152.15376pt.

Package hyperref Warning: Token not allowed in a PDF string (Unicode):
(hyperref)                removing `math shift' on input line 395.


Package hyperref Warning: Token not allowed in a PDF string (Unicode):
(hyperref)                removing `\@@underline' on input line 395.


Package hyperref Warning: Token not allowed in a PDF string (Unicode):
(hyperref)                removing `\hbox' on input line 395.


Package hyperref Warning: Token not allowed in a PDF string (Unicode):
(hyperref)                removing `\mathsurround' on input line 395.


Package hyperref Warning: Token not allowed in a PDF string (Unicode):
(hyperref)                removing `\z@' on input line 395.


Package hyperref Warning: Token not allowed in a PDF string (Unicode):
(hyperref)                removing `math shift' on input line 395.

[18 <./images/15.Venn.png (PNG copy)>]

Package hyperref Warning: Token not allowed in a PDF string (Unicode):
(hyperref)                removing `math shift' on input line 408.


Package hyperref Warning: Token not allowed in a PDF string (Unicode):
(hyperref)                removing `\@@underline' on input line 408.


Package hyperref Warning: Token not allowed in a PDF string (Unicode):
(hyperref)                removing `\hbox' on input line 408.


Package hyperref Warning: Token not allowed in a PDF string (Unicode):
(hyperref)                removing `\mathsurround' on input line 408.


Package hyperref Warning: Token not allowed in a PDF string (Unicode):
(hyperref)                removing `\z@' on input line 408.


Package hyperref Warning: Token not allowed in a PDF string (Unicode):
(hyperref)                removing `math shift' on input line 408.

<images/17.VennProdott.jpeg, id=2056, 913.4125pt x 952.55875pt>
File: images/17.VennProdott.jpeg Graphic file (type jpg)
<use images/17.VennProdott.jpeg>
Package pdftex.def Info: images/17.VennProdott.jpeg  used on input line 411.
(pdftex.def)             Requested size: 118.74779pt x 123.83698pt.

Package hyperref Warning: Token not allowed in a PDF string (Unicode):
(hyperref)                removing `math shift' on input line 413.


Package hyperref Warning: Token not allowed in a PDF string (Unicode):
(hyperref)                removing `\@@underline' on input line 413.


Package hyperref Warning: Token not allowed in a PDF string (Unicode):
(hyperref)                removing `\hbox' on input line 413.


Package hyperref Warning: Token not allowed in a PDF string (Unicode):
(hyperref)                removing `\mathsurround' on input line 413.


Package hyperref Warning: Token not allowed in a PDF string (Unicode):
(hyperref)                removing `\z@' on input line 413.


Package hyperref Warning: Token not allowed in a PDF string (Unicode):
(hyperref)                removing `math shift' on input line 413.


Package hyperref Warning: Token not allowed in a PDF string (Unicode):
(hyperref)                removing `math shift' on input line 422.


Package hyperref Warning: Token not allowed in a PDF string (Unicode):
(hyperref)                removing `\@@underline' on input line 422.


Package hyperref Warning: Token not allowed in a PDF string (Unicode):
(hyperref)                removing `\hbox' on input line 422.


Package hyperref Warning: Token not allowed in a PDF string (Unicode):
(hyperref)                removing `\mathsurround' on input line 422.


Package hyperref Warning: Token not allowed in a PDF string (Unicode):
(hyperref)                removing `\z@' on input line 422.


Package hyperref Warning: Token not allowed in a PDF string (Unicode):
(hyperref)                removing `math shift' on input line 422.


Underfull \hbox (badness 10000) in paragraph at lines 423--427

 []


Package hyperref Warning: Token not allowed in a PDF string (Unicode):
(hyperref)                removing `math shift' on input line 430.


Package hyperref Warning: Token not allowed in a PDF string (Unicode):
(hyperref)                removing `\@@underline' on input line 430.


Package hyperref Warning: Token not allowed in a PDF string (Unicode):
(hyperref)                removing `\hbox' on input line 430.


Package hyperref Warning: Token not allowed in a PDF string (Unicode):
(hyperref)                removing `\mathsurround' on input line 430.


Package hyperref Warning: Token not allowed in a PDF string (Unicode):
(hyperref)                removing `\z@' on input line 430.


Package hyperref Warning: Token not allowed in a PDF string (Unicode):
(hyperref)                removing `math shift' on input line 430.

[19 <./images/16.VennSomma.jpeg> <./images/17.VennProdott.jpeg>]

Package hyperref Warning: Token not allowed in a PDF string (Unicode):
(hyperref)                removing `math shift' on input line 439.


Package hyperref Warning: Token not allowed in a PDF string (Unicode):
(hyperref)                removing `\@@underline' on input line 439.


Package hyperref Warning: Token not allowed in a PDF string (Unicode):
(hyperref)                removing `\hbox' on input line 439.


Package hyperref Warning: Token not allowed in a PDF string (Unicode):
(hyperref)                removing `\mathsurround' on input line 439.


Package hyperref Warning: Token not allowed in a PDF string (Unicode):
(hyperref)                removing `\z@' on input line 439.


Package hyperref Warning: Token not allowed in a PDF string (Unicode):
(hyperref)                removing `math shift' on input line 439.

<images/18.Partizione.jpeg, id=2063, 1538.74875pt x 1234.6125pt>
File: images/18.Partizione.jpeg Graphic file (type jpg)
<use images/18.Partizione.jpeg>
Package pdftex.def Info: images/18.Partizione.jpeg  used on input line 442.
(pdftex.def)             Requested size: 200.04436pt x 160.50525pt.

Package hyperref Warning: Token not allowed in a PDF string (Unicode):
(hyperref)                removing `math shift' on input line 447.


Package hyperref Warning: Token not allowed in a PDF string (Unicode):
(hyperref)                removing `\@@underline' on input line 447.


Package hyperref Warning: Token not allowed in a PDF string (Unicode):
(hyperref)                removing `\hbox' on input line 447.


Package hyperref Warning: Token not allowed in a PDF string (Unicode):
(hyperref)                removing `\mathsurround' on input line 447.


Package hyperref Warning: Token not allowed in a PDF string (Unicode):
(hyperref)                removing `\z@' on input line 447.


Package hyperref Warning: Token not allowed in a PDF string (Unicode):
(hyperref)                removing `math shift' on input line 447.

<images/19.VennCompl.jpeg, id=2064, 1736.4875pt x 1798.72pt>
File: images/19.VennCompl.jpeg Graphic file (type jpg)
<use images/19.VennCompl.jpeg>
Package pdftex.def Info: images/19.VennCompl.jpeg  used on input line 450.
(pdftex.def)             Requested size: 225.7513pt x 233.84181pt.

Package hyperref Warning: Token not allowed in a PDF string (Unicode):
(hyperref)                removing `math shift' on input line 452.


Package hyperref Warning: Token not allowed in a PDF string (Unicode):
(hyperref)                removing `\@@underline' on input line 452.


Package hyperref Warning: Token not allowed in a PDF string (Unicode):
(hyperref)                removing `\hbox' on input line 452.


Package hyperref Warning: Token not allowed in a PDF string (Unicode):
(hyperref)                removing `\mathsurround' on input line 452.


Package hyperref Warning: Token not allowed in a PDF string (Unicode):
(hyperref)                removing `\z@' on input line 452.


Package hyperref Warning: Token not allowed in a PDF string (Unicode):
(hyperref)                removing `math shift' on input line 452.

[20 <./images/18.Partizione.jpeg> <./images/19.VennCompl.jpeg>]

Package hyperref Warning: Token not allowed in a PDF string (Unicode):
(hyperref)                removing `math shift' on input line 466.


Package hyperref Warning: Token not allowed in a PDF string (Unicode):
(hyperref)                removing `\@@underline' on input line 466.


Package hyperref Warning: Token not allowed in a PDF string (Unicode):
(hyperref)                removing `\hbox' on input line 466.


Package hyperref Warning: Token not allowed in a PDF string (Unicode):
(hyperref)                removing `\mathsurround' on input line 466.


Package hyperref Warning: Token not allowed in a PDF string (Unicode):
(hyperref)                removing `\z@' on input line 466.


Package hyperref Warning: Token not allowed in a PDF string (Unicode):
(hyperref)                removing `math shift' on input line 466.

<images/20.VennDiff.jpeg, id=2071, 1638.12pt x 1484.54625pt>
File: images/20.VennDiff.jpeg Graphic file (type jpg)
<use images/20.VennDiff.jpeg>
Package pdftex.def Info: images/20.VennDiff.jpeg  used on input line 469.
(pdftex.def)             Requested size: 212.96307pt x 192.99779pt.

Package hyperref Warning: Token not allowed in a PDF string (Unicode):
(hyperref)                removing `math shift' on input line 471.


Package hyperref Warning: Token not allowed in a PDF string (Unicode):
(hyperref)                removing `\@@underline' on input line 471.


Package hyperref Warning: Token not allowed in a PDF string (Unicode):
(hyperref)                removing `\hbox' on input line 471.


Package hyperref Warning: Token not allowed in a PDF string (Unicode):
(hyperref)                removing `\mathsurround' on input line 471.


Package hyperref Warning: Token not allowed in a PDF string (Unicode):
(hyperref)                removing `\z@' on input line 471.


Package hyperref Warning: Token not allowed in a PDF string (Unicode):
(hyperref)                removing `math shift' on input line 471.


Package hyperref Warning: Token not allowed in a PDF string (Unicode):
(hyperref)                removing `math shift' on input line 484.


Package hyperref Warning: Token not allowed in a PDF string (Unicode):
(hyperref)                removing `\@@underline' on input line 484.


Package hyperref Warning: Token not allowed in a PDF string (Unicode):
(hyperref)                removing `\hbox' on input line 484.


Package hyperref Warning: Token not allowed in a PDF string (Unicode):
(hyperref)                removing `\mathsurround' on input line 484.


Package hyperref Warning: Token not allowed in a PDF string (Unicode):
(hyperref)                removing `\z@' on input line 484.


Package hyperref Warning: Token not allowed in a PDF string (Unicode):
(hyperref)                removing `math shift' on input line 484.

[21 <./images/20.VennDiff.jpeg>]
Underfull \hbox (badness 10000) in paragraph at lines 503--516

 []


Package hyperref Warning: Token not allowed in a PDF string (Unicode):
(hyperref)                removing `math shift' on input line 516.


Package hyperref Warning: Token not allowed in a PDF string (Unicode):
(hyperref)                removing `\@@underline' on input line 516.


Package hyperref Warning: Token not allowed in a PDF string (Unicode):
(hyperref)                removing `\hbox' on input line 516.


Package hyperref Warning: Token not allowed in a PDF string (Unicode):
(hyperref)                removing `\mathsurround' on input line 516.


Package hyperref Warning: Token not allowed in a PDF string (Unicode):
(hyperref)                removing `\z@' on input line 516.


Package hyperref Warning: Token not allowed in a PDF string (Unicode):
(hyperref)                removing `math shift' on input line 516.


Package hyperref Warning: Token not allowed in a PDF string (Unicode):
(hyperref)                removing `math shift' on input line 525.


Package hyperref Warning: Token not allowed in a PDF string (Unicode):
(hyperref)                removing `\@@underline' on input line 525.


Package hyperref Warning: Token not allowed in a PDF string (Unicode):
(hyperref)                removing `\hbox' on input line 525.


Package hyperref Warning: Token not allowed in a PDF string (Unicode):
(hyperref)                removing `\mathsurround' on input line 525.


Package hyperref Warning: Token not allowed in a PDF string (Unicode):
(hyperref)                removing `\z@' on input line 525.


Package hyperref Warning: Token not allowed in a PDF string (Unicode):
(hyperref)                removing `math shift' on input line 525.


Underfull \hbox (badness 10000) in paragraph at lines 534--537

 []


Underfull \hbox (badness 10000) in paragraph at lines 534--537

 []

[22]
Overfull \hbox (10.8565pt too wide) in paragraph at lines 572--573
[]$\OMS/cmsy/m/n/10 I []$ \OT1/cmr/m/n/10 in-dica una \OT1/cmr/bx/n/10 Classe/F
amiglia degli Eventi\OT1/cmr/m/n/10 , ovvero definisce un \OT1/cmr/bx/n/10 Camp
o/Algebra\OT1/cmr/m/n/10 . 
 []


Package hyperref Warning: Token not allowed in a PDF string (Unicode):
(hyperref)                removing `math shift' on input line 583.


Package hyperref Warning: Token not allowed in a PDF string (Unicode):
(hyperref)                removing `\@@underline' on input line 583.


Package hyperref Warning: Token not allowed in a PDF string (Unicode):
(hyperref)                removing `\hbox' on input line 583.


Package hyperref Warning: Token not allowed in a PDF string (Unicode):
(hyperref)                removing `\mathsurround' on input line 583.


Package hyperref Warning: Token not allowed in a PDF string (Unicode):
(hyperref)                removing `\z@' on input line 583.


Package hyperref Warning: Token not allowed in a PDF string (Unicode):
(hyperref)                removing `math shift' on input line 583.


Underfull \hbox (badness 10000) in paragraph at lines 584--588

 []


Package fancyhdr Warning: \headheight is too small (12.0pt): 
(fancyhdr)                Make it at least 13.07225pt, for example:
(fancyhdr)                \setlength{\headheight}{13.07225pt}.
(fancyhdr)                You might also make \topmargin smaller to compensate:

(fancyhdr)                \addtolength{\topmargin}{-1.07225pt}.

[23]
Overfull \hbox (7.6091pt too wide) in paragraph at lines 608--609
[]\OT1/cmr/m/n/10 Dal terzo as-sioma pos-si-amo de-durre che se $\OML/cmm/m/it/
10 A[]; A[]; [] ; A[]$ \OT1/cmr/m/n/10 sono eventi dis-giunti ed in-com-pat-i-b
ili $[]$
 []


Underfull \hbox (badness 10000) in paragraph at lines 616--617

 []


Package hyperref Warning: Token not allowed in a PDF string (Unicode):
(hyperref)                removing `math shift' on input line 617.


Package hyperref Warning: Token not allowed in a PDF string (Unicode):
(hyperref)                removing `\@@underline' on input line 617.


Package hyperref Warning: Token not allowed in a PDF string (Unicode):
(hyperref)                removing `\hbox' on input line 617.


Package hyperref Warning: Token not allowed in a PDF string (Unicode):
(hyperref)                removing `\mathsurround' on input line 617.


Package hyperref Warning: Token not allowed in a PDF string (Unicode):
(hyperref)                removing `\z@' on input line 617.


Package hyperref Warning: Token not allowed in a PDF string (Unicode):
(hyperref)                removing `math shift' on input line 617.


Underfull \hbox (badness 10000) in paragraph at lines 622--623

 []


Package hyperref Warning: Token not allowed in a PDF string (Unicode):
(hyperref)                removing `math shift' on input line 623.


Package hyperref Warning: Token not allowed in a PDF string (Unicode):
(hyperref)                removing `\@@underline' on input line 623.


Package hyperref Warning: Token not allowed in a PDF string (Unicode):
(hyperref)                removing `\hbox' on input line 623.


Package hyperref Warning: Token not allowed in a PDF string (Unicode):
(hyperref)                removing `\mathsurround' on input line 623.


Package hyperref Warning: Token not allowed in a PDF string (Unicode):
(hyperref)                removing `\z@' on input line 623.


Package hyperref Warning: Token not allowed in a PDF string (Unicode):
(hyperref)                removing `math shift' on input line 623.


Package fancyhdr Warning: \headheight is too small (12.0pt): 
(fancyhdr)                Make it at least 13.07225pt, for example:
(fancyhdr)                \setlength{\headheight}{13.07225pt}.
(fancyhdr)                You might also make \topmargin smaller to compensate:

(fancyhdr)                \addtolength{\topmargin}{-1.07225pt}.

[24]

Package hyperref Warning: Token not allowed in a PDF string (Unicode):
(hyperref)                removing `math shift' on input line 626.


Package hyperref Warning: Token not allowed in a PDF string (Unicode):
(hyperref)                removing `\@@underline' on input line 626.


Package hyperref Warning: Token not allowed in a PDF string (Unicode):
(hyperref)                removing `\hbox' on input line 626.


Package hyperref Warning: Token not allowed in a PDF string (Unicode):
(hyperref)                removing `\mathsurround' on input line 626.


Package hyperref Warning: Token not allowed in a PDF string (Unicode):
(hyperref)                removing `\z@' on input line 626.


Package hyperref Warning: Token not allowed in a PDF string (Unicode):
(hyperref)                removing `math shift' on input line 626.

<images/21.Prop4_4.5.jpeg, id=2099, 1530.71875pt x 1298.8525pt>
File: images/21.Prop4_4.5.jpeg Graphic file (type jpg)
<use images/21.Prop4_4.5.jpeg>
Package pdftex.def Info: images/21.Prop4_4.5.jpeg  used on input line 629.
(pdftex.def)             Requested size: 199.00043pt x 168.85675pt.

Package hyperref Warning: Token not allowed in a PDF string (Unicode):
(hyperref)                removing `math shift' on input line 635.


Package hyperref Warning: Token not allowed in a PDF string (Unicode):
(hyperref)                removing `\@@underline' on input line 635.


Package hyperref Warning: Token not allowed in a PDF string (Unicode):
(hyperref)                removing `\hbox' on input line 635.


Package hyperref Warning: Token not allowed in a PDF string (Unicode):
(hyperref)                removing `\mathsurround' on input line 635.


Package hyperref Warning: Token not allowed in a PDF string (Unicode):
(hyperref)                removing `\z@' on input line 635.


Package hyperref Warning: Token not allowed in a PDF string (Unicode):
(hyperref)                removing `math shift' on input line 635.


Package hyperref Warning: Token not allowed in a PDF string (Unicode):
(hyperref)                removing `math shift' on input line 636.


Package hyperref Warning: Token not allowed in a PDF string (Unicode):
(hyperref)                removing `\@@underline' on input line 636.


Package hyperref Warning: Token not allowed in a PDF string (Unicode):
(hyperref)                removing `\hbox' on input line 636.


Package hyperref Warning: Token not allowed in a PDF string (Unicode):
(hyperref)                removing `\mathsurround' on input line 636.


Package hyperref Warning: Token not allowed in a PDF string (Unicode):
(hyperref)                removing `\z@' on input line 636.


Package hyperref Warning: Token not allowed in a PDF string (Unicode):
(hyperref)                removing `math shift' on input line 636.

<images/22.Prop5_4.5.jpeg, id=2100, 1850.915pt x 1542.76375pt>
File: images/22.Prop5_4.5.jpeg Graphic file (type jpg)
<use images/22.Prop5_4.5.jpeg>
Package pdftex.def Info: images/22.Prop5_4.5.jpeg  used on input line 639.
(pdftex.def)             Requested size: 240.6274pt x 200.56633pt.

Package fancyhdr Warning: \headheight is too small (12.0pt): 
(fancyhdr)                Make it at least 13.07225pt, for example:
(fancyhdr)                \setlength{\headheight}{13.07225pt}.
(fancyhdr)                You might also make \topmargin smaller to compensate:

(fancyhdr)                \addtolength{\topmargin}{-1.07225pt}.

[25 <./images/21.Prop4_4.5.jpeg> <./images/22.Prop5_4.5.jpeg>]

Package hyperref Warning: Token not allowed in a PDF string (Unicode):
(hyperref)                removing `math shift' on input line 650.


Package hyperref Warning: Token not allowed in a PDF string (Unicode):
(hyperref)                removing `\@@underline' on input line 650.


Package hyperref Warning: Token not allowed in a PDF string (Unicode):
(hyperref)                removing `\hbox' on input line 650.


Package hyperref Warning: Token not allowed in a PDF string (Unicode):
(hyperref)                removing `\mathsurround' on input line 650.


Package hyperref Warning: Token not allowed in a PDF string (Unicode):
(hyperref)                removing `\z@' on input line 650.


Package hyperref Warning: Token not allowed in a PDF string (Unicode):
(hyperref)                removing `math shift' on input line 650.

<ese/1.jpeg, id=2107, 3607.4775pt x 1665.22125pt>
File: ese/1.jpeg Graphic file (type jpg)
<use ese/1.jpeg>
Package pdftex.def Info: ese/1.jpeg  used on input line 653.
(pdftex.def)             Requested size: 468.98854pt x 216.48636pt.
<ese/1a.jpeg, id=2108, 3687.7775pt x 1653.17625pt>
File: ese/1a.jpeg Graphic file (type jpg)
<use ese/1a.jpeg>
Package pdftex.def Info: ese/1a.jpeg  used on input line 658.
(pdftex.def)             Requested size: 479.42792pt x 214.92046pt.

Underfull \hbox (badness 10000) in paragraph at lines 662--670

 []


Package fancyhdr Warning: \headheight is too small (12.0pt): 
(fancyhdr)                Make it at least 13.07225pt, for example:
(fancyhdr)                \setlength{\headheight}{13.07225pt}.
(fancyhdr)                You might also make \topmargin smaller to compensate:

(fancyhdr)                \addtolength{\topmargin}{-1.07225pt}.

[26 <./ese/1.jpeg> <./ese/1a.jpeg>]

Package hyperref Warning: Token not allowed in a PDF string (Unicode):
(hyperref)                removing `math shift' on input line 671.


Package hyperref Warning: Token not allowed in a PDF string (Unicode):
(hyperref)                removing `\@@underline' on input line 671.


Package hyperref Warning: Token not allowed in a PDF string (Unicode):
(hyperref)                removing `\hbox' on input line 671.


Package hyperref Warning: Token not allowed in a PDF string (Unicode):
(hyperref)                removing `\mathsurround' on input line 671.


Package hyperref Warning: Token not allowed in a PDF string (Unicode):
(hyperref)                removing `\z@' on input line 671.


Package hyperref Warning: Token not allowed in a PDF string (Unicode):
(hyperref)                removing `math shift' on input line 671.

<ese/2.jpeg, id=2115, 3057.4225pt x 1703.36375pt>
File: ese/2.jpeg Graphic file (type jpg)
<use ese/2.jpeg>
Package pdftex.def Info: ese/2.jpeg  used on input line 674.
(pdftex.def)             Requested size: 397.47888pt x 221.44505pt.

Package hyperref Warning: Token not allowed in a PDF string (Unicode):
(hyperref)                removing `math shift' on input line 682.


Package hyperref Warning: Token not allowed in a PDF string (Unicode):
(hyperref)                removing `\@@underline' on input line 682.


Package hyperref Warning: Token not allowed in a PDF string (Unicode):
(hyperref)                removing `\hbox' on input line 682.


Package hyperref Warning: Token not allowed in a PDF string (Unicode):
(hyperref)                removing `\mathsurround' on input line 682.


Package hyperref Warning: Token not allowed in a PDF string (Unicode):
(hyperref)                removing `\z@' on input line 682.


Package hyperref Warning: Token not allowed in a PDF string (Unicode):
(hyperref)                removing `math shift' on input line 682.


Package hyperref Warning: Token not allowed in a PDF string (Unicode):
(hyperref)                removing `math shift' on input line 684.


Package hyperref Warning: Token not allowed in a PDF string (Unicode):
(hyperref)                removing `\@@underline' on input line 684.


Package hyperref Warning: Token not allowed in a PDF string (Unicode):
(hyperref)                removing `\hbox' on input line 684.


Package hyperref Warning: Token not allowed in a PDF string (Unicode):
(hyperref)                removing `\mathsurround' on input line 684.


Package hyperref Warning: Token not allowed in a PDF string (Unicode):
(hyperref)                removing `\z@' on input line 684.


Package hyperref Warning: Token not allowed in a PDF string (Unicode):
(hyperref)                removing `math shift' on input line 684.


Package hyperref Warning: Token not allowed in a PDF string (Unicode):
(hyperref)                removing `math shift' on input line 688.


Package hyperref Warning: Token not allowed in a PDF string (Unicode):
(hyperref)                removing `\@@underline' on input line 688.


Package hyperref Warning: Token not allowed in a PDF string (Unicode):
(hyperref)                removing `\hbox' on input line 688.


Package hyperref Warning: Token not allowed in a PDF string (Unicode):
(hyperref)                removing `\mathsurround' on input line 688.


Package hyperref Warning: Token not allowed in a PDF string (Unicode):
(hyperref)                removing `\z@' on input line 688.


Package hyperref Warning: Token not allowed in a PDF string (Unicode):
(hyperref)                removing `math shift' on input line 688.


Underfull \hbox (badness 10000) in paragraph at lines 689--695

 []


Underfull \hbox (badness 10000) in paragraph at lines 689--695

 []


Package hyperref Warning: Token not allowed in a PDF string (Unicode):
(hyperref)                removing `math shift' on input line 706.


Package hyperref Warning: Token not allowed in a PDF string (Unicode):
(hyperref)                removing `\@@underline' on input line 706.


Package hyperref Warning: Token not allowed in a PDF string (Unicode):
(hyperref)                removing `\hbox' on input line 706.


Package hyperref Warning: Token not allowed in a PDF string (Unicode):
(hyperref)                removing `\mathsurround' on input line 706.


Package hyperref Warning: Token not allowed in a PDF string (Unicode):
(hyperref)                removing `\z@' on input line 706.


Package hyperref Warning: Token not allowed in a PDF string (Unicode):
(hyperref)                removing `math shift' on input line 706.


Package fancyhdr Warning: \headheight is too small (12.0pt): 
(fancyhdr)                Make it at least 13.07225pt, for example:
(fancyhdr)                \setlength{\headheight}{13.07225pt}.
(fancyhdr)                You might also make \topmargin smaller to compensate:

(fancyhdr)                \addtolength{\topmargin}{-1.07225pt}.

[27 <./ese/2.jpeg>]

Package hyperref Warning: Token not allowed in a PDF string (Unicode):
(hyperref)                removing `math shift' on input line 708.


Package hyperref Warning: Token not allowed in a PDF string (Unicode):
(hyperref)                removing `\@@underline' on input line 708.


Package hyperref Warning: Token not allowed in a PDF string (Unicode):
(hyperref)                removing `\hbox' on input line 708.


Package hyperref Warning: Token not allowed in a PDF string (Unicode):
(hyperref)                removing `\mathsurround' on input line 708.


Package hyperref Warning: Token not allowed in a PDF string (Unicode):
(hyperref)                removing `\z@' on input line 708.


Package hyperref Warning: Token not allowed in a PDF string (Unicode):
(hyperref)                removing `math shift' on input line 708.


Package hyperref Warning: Token not allowed in a PDF string (Unicode):
(hyperref)                removing `math shift' on input line 719.


Package hyperref Warning: Token not allowed in a PDF string (Unicode):
(hyperref)                removing `\@@underline' on input line 719.


Package hyperref Warning: Token not allowed in a PDF string (Unicode):
(hyperref)                removing `\hbox' on input line 719.


Package hyperref Warning: Token not allowed in a PDF string (Unicode):
(hyperref)                removing `\mathsurround' on input line 719.


Package hyperref Warning: Token not allowed in a PDF string (Unicode):
(hyperref)                removing `\z@' on input line 719.


Package hyperref Warning: Token not allowed in a PDF string (Unicode):
(hyperref)                removing `math shift' on input line 719.


Package hyperref Warning: Token not allowed in a PDF string (Unicode):
(hyperref)                removing `math shift' on input line 739.


Package hyperref Warning: Token not allowed in a PDF string (Unicode):
(hyperref)                removing `\@@underline' on input line 739.


Package hyperref Warning: Token not allowed in a PDF string (Unicode):
(hyperref)                removing `\hbox' on input line 739.


Package hyperref Warning: Token not allowed in a PDF string (Unicode):
(hyperref)                removing `\mathsurround' on input line 739.


Package hyperref Warning: Token not allowed in a PDF string (Unicode):
(hyperref)                removing `\z@' on input line 739.


Package hyperref Warning: Token not allowed in a PDF string (Unicode):
(hyperref)                removing `math shift' on input line 739.


Underfull \hbox (badness 10000) in paragraph at lines 740--753

 []


Package fancyhdr Warning: \headheight is too small (12.0pt): 
(fancyhdr)                Make it at least 13.07225pt, for example:
(fancyhdr)                \setlength{\headheight}{13.07225pt}.
(fancyhdr)                You might also make \topmargin smaller to compensate:

(fancyhdr)                \addtolength{\topmargin}{-1.07225pt}.

[28]
Underfull \hbox (badness 10000) in paragraph at lines 755--757

 []


Package hyperref Warning: Token not allowed in a PDF string (Unicode):
(hyperref)                removing `math shift' on input line 757.


Package hyperref Warning: Token not allowed in a PDF string (Unicode):
(hyperref)                removing `\@@underline' on input line 757.


Package hyperref Warning: Token not allowed in a PDF string (Unicode):
(hyperref)                removing `\hbox' on input line 757.


Package hyperref Warning: Token not allowed in a PDF string (Unicode):
(hyperref)                removing `\mathsurround' on input line 757.


Package hyperref Warning: Token not allowed in a PDF string (Unicode):
(hyperref)                removing `\z@' on input line 757.


Package hyperref Warning: Token not allowed in a PDF string (Unicode):
(hyperref)                removing `math shift' on input line 757.

<images/23.Par4.9.jpeg, id=2126, 2047.65pt x 602.25pt>
File: images/23.Par4.9.jpeg Graphic file (type jpg)
<use images/23.Par4.9.jpeg>
Package pdftex.def Info: images/23.Par4.9.jpeg  used on input line 760.
(pdftex.def)             Requested size: 266.20384pt x 78.29524pt.

Underfull \hbox (badness 10000) in paragraph at lines 757--782

 []


Underfull \hbox (badness 10000) in paragraph at lines 757--782

 []


Package hyperref Warning: Token not allowed in a PDF string (Unicode):
(hyperref)                removing `math shift' on input line 782.


Package hyperref Warning: Token not allowed in a PDF string (Unicode):
(hyperref)                removing `\@@underline' on input line 782.


Package hyperref Warning: Token not allowed in a PDF string (Unicode):
(hyperref)                removing `\hbox' on input line 782.


Package hyperref Warning: Token not allowed in a PDF string (Unicode):
(hyperref)                removing `\mathsurround' on input line 782.


Package hyperref Warning: Token not allowed in a PDF string (Unicode):
(hyperref)                removing `\z@' on input line 782.


Package hyperref Warning: Token not allowed in a PDF string (Unicode):
(hyperref)                removing `math shift' on input line 782.

<ese/3.jpeg, id=2127, 3687.7775pt x 1017.8025pt>
File: ese/3.jpeg Graphic file (type jpg)
<use ese/3.jpeg>
Package pdftex.def Info: ese/3.jpeg  used on input line 785.
(pdftex.def)             Requested size: 479.42792pt x 132.31897pt.

Package fancyhdr Warning: \headheight is too small (12.0pt): 
(fancyhdr)                Make it at least 13.07225pt, for example:
(fancyhdr)                \setlength{\headheight}{13.07225pt}.
(fancyhdr)                You might also make \topmargin smaller to compensate:

(fancyhdr)                \addtolength{\topmargin}{-1.07225pt}.

[29 <./images/23.Par4.9.jpeg> <./ese/3.jpeg>]

Package hyperref Warning: Token not allowed in a PDF string (Unicode):
(hyperref)                removing `math shift' on input line 788.


Package hyperref Warning: Token not allowed in a PDF string (Unicode):
(hyperref)                removing `\@@underline' on input line 788.


Package hyperref Warning: Token not allowed in a PDF string (Unicode):
(hyperref)                removing `\hbox' on input line 788.


Package hyperref Warning: Token not allowed in a PDF string (Unicode):
(hyperref)                removing `\mathsurround' on input line 788.


Package hyperref Warning: Token not allowed in a PDF string (Unicode):
(hyperref)                removing `\z@' on input line 788.


Package hyperref Warning: Token not allowed in a PDF string (Unicode):
(hyperref)                removing `math shift' on input line 788.

<ese/4.jpeg, id=2136, 3531.1925pt x 2000.47375pt>
File: ese/4.jpeg Graphic file (type jpg)
<use ese/4.jpeg>
Package pdftex.def Info: ese/4.jpeg  used on input line 791.
(pdftex.def)             Requested size: 459.07115pt x 260.07071pt.

Package hyperref Warning: Token not allowed in a PDF string (Unicode):
(hyperref)                removing `math shift' on input line 808.


Package hyperref Warning: Token not allowed in a PDF string (Unicode):
(hyperref)                removing `\@@underline' on input line 808.


Package hyperref Warning: Token not allowed in a PDF string (Unicode):
(hyperref)                removing `\hbox' on input line 808.


Package hyperref Warning: Token not allowed in a PDF string (Unicode):
(hyperref)                removing `\mathsurround' on input line 808.


Package hyperref Warning: Token not allowed in a PDF string (Unicode):
(hyperref)                removing `\z@' on input line 808.


Package hyperref Warning: Token not allowed in a PDF string (Unicode):
(hyperref)                removing `math shift' on input line 808.


Package hyperref Warning: Token not allowed in a PDF string (Unicode):
(hyperref)                removing `math shift' on input line 813.


Package hyperref Warning: Token not allowed in a PDF string (Unicode):
(hyperref)                removing `\@@underline' on input line 813.


Package hyperref Warning: Token not allowed in a PDF string (Unicode):
(hyperref)                removing `\hbox' on input line 813.


Package hyperref Warning: Token not allowed in a PDF string (Unicode):
(hyperref)                removing `\mathsurround' on input line 813.


Package hyperref Warning: Token not allowed in a PDF string (Unicode):
(hyperref)                removing `\z@' on input line 813.


Package hyperref Warning: Token not allowed in a PDF string (Unicode):
(hyperref)                removing `math shift' on input line 813.


Package hyperref Warning: Token not allowed in a PDF string (Unicode):
(hyperref)                removing `math shift' on input line 820.


Package hyperref Warning: Token not allowed in a PDF string (Unicode):
(hyperref)                removing `\@@underline' on input line 820.


Package hyperref Warning: Token not allowed in a PDF string (Unicode):
(hyperref)                removing `\hbox' on input line 820.


Package hyperref Warning: Token not allowed in a PDF string (Unicode):
(hyperref)                removing `\mathsurround' on input line 820.


Package hyperref Warning: Token not allowed in a PDF string (Unicode):
(hyperref)                removing `\z@' on input line 820.


Package hyperref Warning: Token not allowed in a PDF string (Unicode):
(hyperref)                removing `math shift' on input line 820.


Package fancyhdr Warning: \headheight is too small (12.0pt): 
(fancyhdr)                Make it at least 13.07225pt, for example:
(fancyhdr)                \setlength{\headheight}{13.07225pt}.
(fancyhdr)                You might also make \topmargin smaller to compensate:

(fancyhdr)                \addtolength{\topmargin}{-1.07225pt}.

[30 <./ese/4.jpeg>]
Underfull \hbox (badness 10000) in paragraph at lines 824--825

 []


Package hyperref Warning: Token not allowed in a PDF string (Unicode):
(hyperref)                removing `math shift' on input line 838.


Package hyperref Warning: Token not allowed in a PDF string (Unicode):
(hyperref)                removing `\@@underline' on input line 838.


Package hyperref Warning: Token not allowed in a PDF string (Unicode):
(hyperref)                removing `\hbox' on input line 838.


Package hyperref Warning: Token not allowed in a PDF string (Unicode):
(hyperref)                removing `\mathsurround' on input line 838.


Package hyperref Warning: Token not allowed in a PDF string (Unicode):
(hyperref)                removing `\z@' on input line 838.


Package hyperref Warning: Token not allowed in a PDF string (Unicode):
(hyperref)                removing `math shift' on input line 838.


Package hyperref Warning: Token not allowed in a PDF string (Unicode):
(hyperref)                removing `math shift' on input line 842.


Package hyperref Warning: Token not allowed in a PDF string (Unicode):
(hyperref)                removing `\@@underline' on input line 842.


Package hyperref Warning: Token not allowed in a PDF string (Unicode):
(hyperref)                removing `\hbox' on input line 842.


Package hyperref Warning: Token not allowed in a PDF string (Unicode):
(hyperref)                removing `\mathsurround' on input line 842.


Package hyperref Warning: Token not allowed in a PDF string (Unicode):
(hyperref)                removing `\z@' on input line 842.


Package hyperref Warning: Token not allowed in a PDF string (Unicode):
(hyperref)                removing `math shift' on input line 842.


Package hyperref Warning: Token not allowed in a PDF string (Unicode):
(hyperref)                removing `math shift' on input line 847.


Package hyperref Warning: Token not allowed in a PDF string (Unicode):
(hyperref)                removing `\@@underline' on input line 847.


Package hyperref Warning: Token not allowed in a PDF string (Unicode):
(hyperref)                removing `\hbox' on input line 847.


Package hyperref Warning: Token not allowed in a PDF string (Unicode):
(hyperref)                removing `\mathsurround' on input line 847.


Package hyperref Warning: Token not allowed in a PDF string (Unicode):
(hyperref)                removing `\z@' on input line 847.


Package hyperref Warning: Token not allowed in a PDF string (Unicode):
(hyperref)                removing `math shift' on input line 847.


Package hyperref Warning: Token not allowed in a PDF string (Unicode):
(hyperref)                removing `math shift' on input line 852.


Package hyperref Warning: Token not allowed in a PDF string (Unicode):
(hyperref)                removing `\@@underline' on input line 852.


Package hyperref Warning: Token not allowed in a PDF string (Unicode):
(hyperref)                removing `\hbox' on input line 852.


Package hyperref Warning: Token not allowed in a PDF string (Unicode):
(hyperref)                removing `\mathsurround' on input line 852.


Package hyperref Warning: Token not allowed in a PDF string (Unicode):
(hyperref)                removing `\z@' on input line 852.


Package hyperref Warning: Token not allowed in a PDF string (Unicode):
(hyperref)                removing `math shift' on input line 852.


Package hyperref Warning: Token not allowed in a PDF string (Unicode):
(hyperref)                removing `math shift' on input line 865.


Package hyperref Warning: Token not allowed in a PDF string (Unicode):
(hyperref)                removing `\@@underline' on input line 865.


Package hyperref Warning: Token not allowed in a PDF string (Unicode):
(hyperref)                removing `\hbox' on input line 865.


Package hyperref Warning: Token not allowed in a PDF string (Unicode):
(hyperref)                removing `\mathsurround' on input line 865.


Package hyperref Warning: Token not allowed in a PDF string (Unicode):
(hyperref)                removing `\z@' on input line 865.


Package hyperref Warning: Token not allowed in a PDF string (Unicode):
(hyperref)                removing `math shift' on input line 865.


Package hyperref Warning: Token not allowed in a PDF string (Unicode):
(hyperref)                removing `math shift' on input line 875.


Package hyperref Warning: Token not allowed in a PDF string (Unicode):
(hyperref)                removing `\@@underline' on input line 875.


Package hyperref Warning: Token not allowed in a PDF string (Unicode):
(hyperref)                removing `\hbox' on input line 875.


Package hyperref Warning: Token not allowed in a PDF string (Unicode):
(hyperref)                removing `\mathsurround' on input line 875.


Package hyperref Warning: Token not allowed in a PDF string (Unicode):
(hyperref)                removing `\z@' on input line 875.


Package hyperref Warning: Token not allowed in a PDF string (Unicode):
(hyperref)                removing `math shift' on input line 875.


Package fancyhdr Warning: \headheight is too small (12.0pt): 
(fancyhdr)                Make it at least 13.07225pt, for example:
(fancyhdr)                \setlength{\headheight}{13.07225pt}.
(fancyhdr)                You might also make \topmargin smaller to compensate:

(fancyhdr)                \addtolength{\topmargin}{-1.07225pt}.

[31]

Package hyperref Warning: Token not allowed in a PDF string (Unicode):
(hyperref)                removing `math shift' on input line 880.


Package hyperref Warning: Token not allowed in a PDF string (Unicode):
(hyperref)                removing `\@@underline' on input line 880.


Package hyperref Warning: Token not allowed in a PDF string (Unicode):
(hyperref)                removing `\hbox' on input line 880.


Package hyperref Warning: Token not allowed in a PDF string (Unicode):
(hyperref)                removing `\mathsurround' on input line 880.


Package hyperref Warning: Token not allowed in a PDF string (Unicode):
(hyperref)                removing `\z@' on input line 880.


Package hyperref Warning: Token not allowed in a PDF string (Unicode):
(hyperref)                removing `math shift' on input line 880.

<ese/5.jpeg, id=2155, 2668.97125pt x 2972.10374pt>
File: ese/5.jpeg Graphic file (type jpg)
<use ese/5.jpeg>
Package pdftex.def Info: ese/5.jpeg  used on input line 883.
(pdftex.def)             Requested size: 346.97844pt x 386.38705pt.
<ese/5a.jpeg, id=2156, 3053.4075pt x 1262.7175pt>
File: ese/5a.jpeg Graphic file (type jpg)
<use ese/5a.jpeg>
Package pdftex.def Info: ese/5a.jpeg  used on input line 887.
(pdftex.def)             Requested size: 335.87587pt x 138.89935pt.

Package fancyhdr Warning: \headheight is too small (12.0pt): 
(fancyhdr)                Make it at least 13.07225pt, for example:
(fancyhdr)                \setlength{\headheight}{13.07225pt}.
(fancyhdr)                You might also make \topmargin smaller to compensate:

(fancyhdr)                \addtolength{\topmargin}{-1.07225pt}.

[32 <./ese/5.jpeg> <./ese/5a.jpeg>]

Package hyperref Warning: Token not allowed in a PDF string (Unicode):
(hyperref)                removing `math shift' on input line 898.


Package hyperref Warning: Token not allowed in a PDF string (Unicode):
(hyperref)                removing `\@@underline' on input line 898.


Package hyperref Warning: Token not allowed in a PDF string (Unicode):
(hyperref)                removing `\hbox' on input line 898.


Package hyperref Warning: Token not allowed in a PDF string (Unicode):
(hyperref)                removing `\mathsurround' on input line 898.


Package hyperref Warning: Token not allowed in a PDF string (Unicode):
(hyperref)                removing `\z@' on input line 898.


Package hyperref Warning: Token not allowed in a PDF string (Unicode):
(hyperref)                removing `math shift' on input line 898.


Underfull \hbox (badness 10000) in paragraph at lines 899--904

 []


Package hyperref Warning: Token not allowed in a PDF string (Unicode):
(hyperref)                removing `math shift' on input line 904.


Package hyperref Warning: Token not allowed in a PDF string (Unicode):
(hyperref)                removing `\@@underline' on input line 904.


Package hyperref Warning: Token not allowed in a PDF string (Unicode):
(hyperref)                removing `\hbox' on input line 904.


Package hyperref Warning: Token not allowed in a PDF string (Unicode):
(hyperref)                removing `\mathsurround' on input line 904.


Package hyperref Warning: Token not allowed in a PDF string (Unicode):
(hyperref)                removing `\z@' on input line 904.


Package hyperref Warning: Token not allowed in a PDF string (Unicode):
(hyperref)                removing `math shift' on input line 904.


Underfull \hbox (badness 10000) in paragraph at lines 905--908

 []

<images/24.ProbTot.jpeg, id=2163, 1396.21625pt x 1258.7025pt>
File: images/24.ProbTot.jpeg Graphic file (type jpg)
<use images/24.ProbTot.jpeg>
Package pdftex.def Info: images/24.ProbTot.jpeg  used on input line 922.
(pdftex.def)             Requested size: 153.58426pt x 138.4577pt.

Package fancyhdr Warning: \headheight is too small (12.0pt): 
(fancyhdr)                Make it at least 13.07225pt, for example:
(fancyhdr)                \setlength{\headheight}{13.07225pt}.
(fancyhdr)                You might also make \topmargin smaller to compensate:

(fancyhdr)                \addtolength{\topmargin}{-1.07225pt}.

[33 <./images/24.ProbTot.jpeg>]
Underfull \hbox (badness 10000) in paragraph at lines 949--957

 []


Package hyperref Warning: Token not allowed in a PDF string (Unicode):
(hyperref)                removing `math shift' on input line 957.


Package hyperref Warning: Token not allowed in a PDF string (Unicode):
(hyperref)                removing `\@@underline' on input line 957.


Package hyperref Warning: Token not allowed in a PDF string (Unicode):
(hyperref)                removing `\hbox' on input line 957.


Package hyperref Warning: Token not allowed in a PDF string (Unicode):
(hyperref)                removing `\mathsurround' on input line 957.


Package hyperref Warning: Token not allowed in a PDF string (Unicode):
(hyperref)                removing `\z@' on input line 957.


Package hyperref Warning: Token not allowed in a PDF string (Unicode):
(hyperref)                removing `math shift' on input line 957.

<ese/6.jpeg, id=2169, 3674.72874pt x 1106.1325pt>
File: ese/6.jpeg Graphic file (type jpg)
<use ese/6.jpeg>
Package pdftex.def Info: ese/6.jpeg  used on input line 960.
(pdftex.def)             Requested size: 404.22142pt x 121.67494pt.
<ese/6a.jpeg, id=2170, 2924.9275pt x 505.89pt>
File: ese/6a.jpeg Graphic file (type jpg)
<use ese/6a.jpeg>
Package pdftex.def Info: ese/6a.jpeg  used on input line 964.
(pdftex.def)             Requested size: 350.97615pt x 60.70418pt.

Package fancyhdr Warning: \headheight is too small (12.0pt): 
(fancyhdr)                Make it at least 13.07225pt, for example:
(fancyhdr)                \setlength{\headheight}{13.07225pt}.
(fancyhdr)                You might also make \topmargin smaller to compensate:

(fancyhdr)                \addtolength{\topmargin}{-1.07225pt}.

[34 <./ese/6.jpeg> <./ese/6a.jpeg>]
<images/25.ProvRip.jpeg, id=2178, 2095.83pt x 3167.835pt>
File: images/25.ProvRip.jpeg Graphic file (type jpg)
<use images/25.ProvRip.jpeg>
Package pdftex.def Info: images/25.ProvRip.jpeg  used on input line 980.
(pdftex.def)             Requested size: 251.48875pt x 380.12381pt.


Package hyperref Warning: Token not allowed in a PDF string (Unicode):
(hyperref)                removing `math shift' on input line 983.


Package hyperref Warning: Token not allowed in a PDF string (Unicode):
(hyperref)                removing `\@@underline' on input line 983.


Package hyperref Warning: Token not allowed in a PDF string (Unicode):
(hyperref)                removing `\hbox' on input line 983.


Package hyperref Warning: Token not allowed in a PDF string (Unicode):
(hyperref)                removing `\mathsurround' on input line 983.


Package hyperref Warning: Token not allowed in a PDF string (Unicode):
(hyperref)                removing `\z@' on input line 983.


Package hyperref Warning: Token not allowed in a PDF string (Unicode):
(hyperref)                removing `math shift' on input line 983.


Underfull \hbox (badness 10000) in paragraph at lines 984--1000

 []


Package fancyhdr Warning: \headheight is too small (12.0pt): 
(fancyhdr)                Make it at least 13.07225pt, for example:
(fancyhdr)                \setlength{\headheight}{13.07225pt}.
(fancyhdr)                You might also make \topmargin smaller to compensate:

(fancyhdr)                \addtolength{\topmargin}{-1.07225pt}.

[35 <./images/25.ProvRip.jpeg>]

Package hyperref Warning: Token not allowed in a PDF string (Unicode):
(hyperref)                removing `math shift' on input line 1001.


Package hyperref Warning: Token not allowed in a PDF string (Unicode):
(hyperref)                removing `\@@underline' on input line 1001.


Package hyperref Warning: Token not allowed in a PDF string (Unicode):
(hyperref)                removing `\hbox' on input line 1001.


Package hyperref Warning: Token not allowed in a PDF string (Unicode):
(hyperref)                removing `\mathsurround' on input line 1001.


Package hyperref Warning: Token not allowed in a PDF string (Unicode):
(hyperref)                removing `\z@' on input line 1001.


Package hyperref Warning: Token not allowed in a PDF string (Unicode):
(hyperref)                removing `math shift' on input line 1001.

<ese/7.jpeg, id=2184, 3539.2225pt x 1372.12625pt>
File: ese/7.jpeg Graphic file (type jpg)
<use ese/7.jpeg>
Package pdftex.def Info: ese/7.jpeg  used on input line 1004.
(pdftex.def)             Requested size: 424.68839pt x 164.64804pt.

Package hyperref Warning: Token not allowed in a PDF string (Unicode):
(hyperref)                removing `math shift' on input line 1006.


Package hyperref Warning: Token not allowed in a PDF string (Unicode):
(hyperref)                removing `\@@underline' on input line 1006.


Package hyperref Warning: Token not allowed in a PDF string (Unicode):
(hyperref)                removing `\hbox' on input line 1006.


Package hyperref Warning: Token not allowed in a PDF string (Unicode):
(hyperref)                removing `\mathsurround' on input line 1006.


Package hyperref Warning: Token not allowed in a PDF string (Unicode):
(hyperref)                removing `\z@' on input line 1006.


Package hyperref Warning: Token not allowed in a PDF string (Unicode):
(hyperref)                removing `math shift' on input line 1006.

<ese/8.jpeg, id=2185, 3848.3775pt x 1962.33125pt>
File: ese/8.jpeg Graphic file (type jpg)
<use ese/8.jpeg>
Package pdftex.def Info: ese/8.jpeg  used on input line 1009.
(pdftex.def)             Requested size: 461.78539pt x 235.46959pt.

Package fancyhdr Warning: \headheight is too small (12.0pt): 
(fancyhdr)                Make it at least 13.07225pt, for example:
(fancyhdr)                \setlength{\headheight}{13.07225pt}.
(fancyhdr)                You might also make \topmargin smaller to compensate:

(fancyhdr)                \addtolength{\topmargin}{-1.07225pt}.

[36 <./ese/7.jpeg> <./ese/8.jpeg>]

Package hyperref Warning: Token not allowed in a PDF string (Unicode):
(hyperref)                removing `math shift' on input line 1013.


Package hyperref Warning: Token not allowed in a PDF string (Unicode):
(hyperref)                removing `\@@underline' on input line 1013.


Package hyperref Warning: Token not allowed in a PDF string (Unicode):
(hyperref)                removing `\hbox' on input line 1013.


Package hyperref Warning: Token not allowed in a PDF string (Unicode):
(hyperref)                removing `\mathsurround' on input line 1013.


Package hyperref Warning: Token not allowed in a PDF string (Unicode):
(hyperref)                removing `\z@' on input line 1013.


Package hyperref Warning: Token not allowed in a PDF string (Unicode):
(hyperref)                removing `math shift' on input line 1013.

<ese/9.jpeg, id=2193, 2890.8pt x 1917.1625pt>
File: ese/9.jpeg Graphic file (type jpg)
<use ese/9.jpeg>
Package pdftex.def Info: ese/9.jpeg  used on input line 1016.
(pdftex.def)             Requested size: 346.88104pt x 230.04958pt.

Package hyperref Warning: Token not allowed in a PDF string (Unicode):
(hyperref)                removing `math shift' on input line 1018.


Package hyperref Warning: Token not allowed in a PDF string (Unicode):
(hyperref)                removing `\@@underline' on input line 1018.


Package hyperref Warning: Token not allowed in a PDF string (Unicode):
(hyperref)                removing `\hbox' on input line 1018.


Package hyperref Warning: Token not allowed in a PDF string (Unicode):
(hyperref)                removing `\mathsurround' on input line 1018.


Package hyperref Warning: Token not allowed in a PDF string (Unicode):
(hyperref)                removing `\z@' on input line 1018.


Package hyperref Warning: Token not allowed in a PDF string (Unicode):
(hyperref)                removing `math shift' on input line 1018.

<ese/10.jpeg, id=2194, 3768.0775pt x 1539.7525pt>
File: ese/10.jpeg Graphic file (type jpg)
<use ese/10.jpeg>
Package pdftex.def Info: ese/10.jpeg  used on input line 1021.
(pdftex.def)             Requested size: 452.1498pt x 184.76233pt.
<ese/10a.jpeg, id=2195, 3053.4075pt x 2257.43375pt>
File: ese/10a.jpeg Graphic file (type jpg)
<use ese/10a.jpeg>
Package pdftex.def Info: ese/10a.jpeg  used on input line 1025.
(pdftex.def)             Requested size: 366.3931pt x 270.88036pt.

Package fancyhdr Warning: \headheight is too small (12.0pt): 
(fancyhdr)                Make it at least 13.07225pt, for example:
(fancyhdr)                \setlength{\headheight}{13.07225pt}.
(fancyhdr)                You might also make \topmargin smaller to compensate:

(fancyhdr)                \addtolength{\topmargin}{-1.07225pt}.

[37 <./ese/9.jpeg> <./ese/10.jpeg>]

Package hyperref Warning: Token not allowed in a PDF string (Unicode):
(hyperref)                removing `math shift' on input line 1028.


Package hyperref Warning: Token not allowed in a PDF string (Unicode):
(hyperref)                removing `\@@underline' on input line 1028.


Package hyperref Warning: Token not allowed in a PDF string (Unicode):
(hyperref)                removing `\hbox' on input line 1028.


Package hyperref Warning: Token not allowed in a PDF string (Unicode):
(hyperref)                removing `\mathsurround' on input line 1028.


Package hyperref Warning: Token not allowed in a PDF string (Unicode):
(hyperref)                removing `\z@' on input line 1028.


Package hyperref Warning: Token not allowed in a PDF string (Unicode):
(hyperref)                removing `math shift' on input line 1028.

<ese/11.jpeg, id=2202, 3640.60126pt x 2587.6675pt>
File: ese/11.jpeg Graphic file (type jpg)
<use ese/11.jpeg>
Package pdftex.def Info: ese/11.jpeg  used on input line 1031.
(pdftex.def)             Requested size: 364.08145pt x 258.7819pt.
<ese/11a.jpeg, id=2203, 3337.46875pt x 797.98125pt>
File: ese/11a.jpeg Graphic file (type jpg)
<use ese/11a.jpeg>
Package pdftex.def Info: ese/11a.jpeg  used on input line 1035.
(pdftex.def)             Requested size: 333.76643pt x 79.8028pt.

Package fancyhdr Warning: \headheight is too small (12.0pt): 
(fancyhdr)                Make it at least 13.07225pt, for example:
(fancyhdr)                \setlength{\headheight}{13.07225pt}.
(fancyhdr)                You might also make \topmargin smaller to compensate:

(fancyhdr)                \addtolength{\topmargin}{-1.07225pt}.

[38 <./ese/10a.jpeg> <./ese/11.jpeg>]

Package hyperref Warning: Token not allowed in a PDF string (Unicode):
(hyperref)                removing `math shift' on input line 1038.


Package hyperref Warning: Token not allowed in a PDF string (Unicode):
(hyperref)                removing `\@@underline' on input line 1038.


Package hyperref Warning: Token not allowed in a PDF string (Unicode):
(hyperref)                removing `\hbox' on input line 1038.


Package hyperref Warning: Token not allowed in a PDF string (Unicode):
(hyperref)                removing `\mathsurround' on input line 1038.


Package hyperref Warning: Token not allowed in a PDF string (Unicode):
(hyperref)                removing `\z@' on input line 1038.


Package hyperref Warning: Token not allowed in a PDF string (Unicode):
(hyperref)                removing `math shift' on input line 1038.

<ese/12.jpeg, id=2210, 2813.51125pt x 3431.82124pt>
File: ese/12.jpeg Graphic file (type jpg)
<use ese/12.jpeg>
Package pdftex.def Info: ese/12.jpeg  used on input line 1041.
(pdftex.def)             Requested size: 337.60678pt x 411.80078pt.
[39 <./ese/11a.jpeg> <./ese/12.jpeg>]
<images/26.V.A.png, id=2217, 3053.4075pt x 999.735pt>
File: images/26.V.A.png Graphic file (type png)
<use images/26.V.A.png>
Package pdftex.def Info: images/26.V.A.png  used on input line 1052.
(pdftex.def)             Requested size: 366.3931pt x 119.96301pt.


Package hyperref Warning: Token not allowed in a PDF string (Unicode):
(hyperref)                removing `math shift' on input line 1054.


Package hyperref Warning: Token not allowed in a PDF string (Unicode):
(hyperref)                removing `\@@underline' on input line 1054.


Package hyperref Warning: Token not allowed in a PDF string (Unicode):
(hyperref)                removing `\hbox' on input line 1054.


Package hyperref Warning: Token not allowed in a PDF string (Unicode):
(hyperref)                removing `\mathsurround' on input line 1054.


Package hyperref Warning: Token not allowed in a PDF string (Unicode):
(hyperref)                removing `\z@' on input line 1054.


Package hyperref Warning: Token not allowed in a PDF string (Unicode):
(hyperref)                removing `math shift' on input line 1054.


Package hyperref Warning: Token not allowed in a PDF string (Unicode):
(hyperref)                removing `math shift' on input line 1057.


Package hyperref Warning: Token not allowed in a PDF string (Unicode):
(hyperref)                removing `\@@underline' on input line 1057.


Package hyperref Warning: Token not allowed in a PDF string (Unicode):
(hyperref)                removing `\hbox' on input line 1057.


Package hyperref Warning: Token not allowed in a PDF string (Unicode):
(hyperref)                removing `\mathsurround' on input line 1057.


Package hyperref Warning: Token not allowed in a PDF string (Unicode):
(hyperref)                removing `\z@' on input line 1057.


Package hyperref Warning: Token not allowed in a PDF string (Unicode):
(hyperref)                removing `math shift' on input line 1057.


Package hyperref Warning: Token not allowed in a PDF string (Unicode):
(hyperref)                removing `math shift' on input line 1064.


Package hyperref Warning: Token not allowed in a PDF string (Unicode):
(hyperref)                removing `\@@underline' on input line 1064.


Package hyperref Warning: Token not allowed in a PDF string (Unicode):
(hyperref)                removing `\hbox' on input line 1064.


Package hyperref Warning: Token not allowed in a PDF string (Unicode):
(hyperref)                removing `\mathsurround' on input line 1064.


Package hyperref Warning: Token not allowed in a PDF string (Unicode):
(hyperref)                removing `\z@' on input line 1064.


Package hyperref Warning: Token not allowed in a PDF string (Unicode):
(hyperref)                removing `math shift' on input line 1064.


Package hyperref Warning: Token not allowed in a PDF string (Unicode):
(hyperref)                removing `math shift' on input line 1088.


Package hyperref Warning: Token not allowed in a PDF string (Unicode):
(hyperref)                removing `\@@underline' on input line 1088.


Package hyperref Warning: Token not allowed in a PDF string (Unicode):
(hyperref)                removing `\hbox' on input line 1088.


Package hyperref Warning: Token not allowed in a PDF string (Unicode):
(hyperref)                removing `\mathsurround' on input line 1088.


Package hyperref Warning: Token not allowed in a PDF string (Unicode):
(hyperref)                removing `\z@' on input line 1088.


Package hyperref Warning: Token not allowed in a PDF string (Unicode):
(hyperref)                removing `math shift' on input line 1088.

[40 <./images/26.V.A.png>]

Package hyperref Warning: Token not allowed in a PDF string (Unicode):
(hyperref)                removing `math shift' on input line 1093.


Package hyperref Warning: Token not allowed in a PDF string (Unicode):
(hyperref)                removing `\@@underline' on input line 1093.


Package hyperref Warning: Token not allowed in a PDF string (Unicode):
(hyperref)                removing `\hbox' on input line 1093.


Package hyperref Warning: Token not allowed in a PDF string (Unicode):
(hyperref)                removing `\mathsurround' on input line 1093.


Package hyperref Warning: Token not allowed in a PDF string (Unicode):
(hyperref)                removing `\z@' on input line 1093.


Package hyperref Warning: Token not allowed in a PDF string (Unicode):
(hyperref)                removing `math shift' on input line 1093.

<images/27.prop2CDF.jpeg, id=2230, 3765.06625pt x 1302.8675pt>
File: images/27.prop2CDF.jpeg Graphic file (type jpg)
<use images/27.prop2CDF.jpeg>
Package pdftex.def Info: images/27.prop2CDF.jpeg  used on input line 1097.
(pdftex.def)             Requested size: 451.78847pt x 156.33736pt.

Package hyperref Warning: Token not allowed in a PDF string (Unicode):
(hyperref)                removing `math shift' on input line 1105.


Package hyperref Warning: Token not allowed in a PDF string (Unicode):
(hyperref)                removing `\@@underline' on input line 1105.


Package hyperref Warning: Token not allowed in a PDF string (Unicode):
(hyperref)                removing `\hbox' on input line 1105.


Package hyperref Warning: Token not allowed in a PDF string (Unicode):
(hyperref)                removing `\mathsurround' on input line 1105.


Package hyperref Warning: Token not allowed in a PDF string (Unicode):
(hyperref)                removing `\z@' on input line 1105.


Package hyperref Warning: Token not allowed in a PDF string (Unicode):
(hyperref)                removing `math shift' on input line 1105.

<images/28.prop4CDF.jpeg, id=2231, 3161.8125pt x 779.91376pt>
File: images/28.prop4CDF.jpeg Graphic file (type jpg)
<use images/28.prop4CDF.jpeg>
Package pdftex.def Info: images/28.prop4CDF.jpeg  used on input line 1108.
(pdftex.def)             Requested size: 379.40114pt x 93.5856pt.
<images/29.prop5CDF.jpeg, id=2232, 3683.7625pt x 1369.115pt>
File: images/29.prop5CDF.jpeg Graphic file (type jpg)
<use images/29.prop5CDF.jpeg>
Package pdftex.def Info: images/29.prop5CDF.jpeg  used on input line 1116.
(pdftex.def)             Requested size: 442.03244pt x 164.28671pt.
[41 <./images/27.prop2CDF.jpeg> <./images/28.prop4CDF.jpeg> <./images/29.prop5C
DF.jpeg>]

Package hyperref Warning: Token not allowed in a PDF string (Unicode):
(hyperref)                removing `math shift' on input line 1124.


Package hyperref Warning: Token not allowed in a PDF string (Unicode):
(hyperref)                removing `\@@underline' on input line 1124.


Package hyperref Warning: Token not allowed in a PDF string (Unicode):
(hyperref)                removing `\hbox' on input line 1124.


Package hyperref Warning: Token not allowed in a PDF string (Unicode):
(hyperref)                removing `\mathsurround' on input line 1124.


Package hyperref Warning: Token not allowed in a PDF string (Unicode):
(hyperref)                removing `\z@' on input line 1124.


Package hyperref Warning: Token not allowed in a PDF string (Unicode):
(hyperref)                removing `math shift' on input line 1124.

<images/30.prop6CDF.jpeg, id=2243, 3133.7075pt x 1643.13875pt>
File: images/30.prop6CDF.jpeg Graphic file (type jpg)
<use images/30.prop6CDF.jpeg>
Package pdftex.def Info: images/30.prop6CDF.jpeg  used on input line 1127.
(pdftex.def)             Requested size: 376.02867pt x 197.16814pt.

Package hyperref Warning: Token not allowed in a PDF string (Unicode):
(hyperref)                removing `math shift' on input line 1138.


Package hyperref Warning: Token not allowed in a PDF string (Unicode):
(hyperref)                removing `\@@underline' on input line 1138.


Package hyperref Warning: Token not allowed in a PDF string (Unicode):
(hyperref)                removing `\hbox' on input line 1138.


Package hyperref Warning: Token not allowed in a PDF string (Unicode):
(hyperref)                removing `\mathsurround' on input line 1138.


Package hyperref Warning: Token not allowed in a PDF string (Unicode):
(hyperref)                removing `\z@' on input line 1138.


Package hyperref Warning: Token not allowed in a PDF string (Unicode):
(hyperref)                removing `math shift' on input line 1138.

<images/31.VA_Discrete.jpeg, id=2244, 3324.42pt x 891.33pt>
File: images/31.VA_Discrete.jpeg Graphic file (type jpg)
<use images/31.VA_Discrete.jpeg>
Package pdftex.def Info: images/31.VA_Discrete.jpeg  used on input line 1141.
(pdftex.def)             Requested size: 398.9132pt x 106.95499pt.
[42 <./images/30.prop6CDF.jpeg> <./images/31.VA_Discrete.jpeg>]

Package hyperref Warning: Token not allowed in a PDF string (Unicode):
(hyperref)                removing `math shift' on input line 1144.


Package hyperref Warning: Token not allowed in a PDF string (Unicode):
(hyperref)                removing `\@@underline' on input line 1144.


Package hyperref Warning: Token not allowed in a PDF string (Unicode):
(hyperref)                removing `\hbox' on input line 1144.


Package hyperref Warning: Token not allowed in a PDF string (Unicode):
(hyperref)                removing `\mathsurround' on input line 1144.


Package hyperref Warning: Token not allowed in a PDF string (Unicode):
(hyperref)                removing `\z@' on input line 1144.


Package hyperref Warning: Token not allowed in a PDF string (Unicode):
(hyperref)                removing `math shift' on input line 1144.

<images/32.VA_DiscEs.jpeg, id=2253, 3126.68124pt x 1252.68pt>
File: images/32.VA_DiscEs.jpeg Graphic file (type jpg)
<use images/32.VA_DiscEs.jpeg>
Package pdftex.def Info: images/32.VA_DiscEs.jpeg  used on input line 1147.
(pdftex.def)             Requested size: 375.18556pt x 150.31511pt.
<images/32b.VA_Bernoulli.jpeg, id=2254, 3155.79pt x 1672.2475pt>
File: images/32b.VA_Bernoulli.jpeg Graphic file (type jpg)
<use images/32b.VA_Bernoulli.jpeg>
Package pdftex.def Info: images/32b.VA_Bernoulli.jpeg  used on input line 1167.

(pdftex.def)             Requested size: 378.67847pt x 200.66104pt.

Package hyperref Warning: Token not allowed in a PDF string (Unicode):
(hyperref)                removing `math shift' on input line 1177.


Package hyperref Warning: Token not allowed in a PDF string (Unicode):
(hyperref)                removing `\@@underline' on input line 1177.


Package hyperref Warning: Token not allowed in a PDF string (Unicode):
(hyperref)                removing `\hbox' on input line 1177.


Package hyperref Warning: Token not allowed in a PDF string (Unicode):
(hyperref)                removing `\mathsurround' on input line 1177.


Package hyperref Warning: Token not allowed in a PDF string (Unicode):
(hyperref)                removing `\z@' on input line 1177.


Package hyperref Warning: Token not allowed in a PDF string (Unicode):
(hyperref)                removing `math shift' on input line 1177.

<ese/13.jpeg, id=2255, 3624.54124pt x 1190.4475pt>
File: ese/13.jpeg Graphic file (type jpg)
<use ese/13.jpeg>
Package pdftex.def Info: ese/13.jpeg  used on input line 1181.
(pdftex.def)             Requested size: 434.9262pt x 142.84753pt.
[43 <./images/32.VA_DiscEs.jpeg> <./images/32b.VA_Bernoulli.jpeg>]

Package hyperref Warning: Token not allowed in a PDF string (Unicode):
(hyperref)                removing `math shift' on input line 1189.


Package hyperref Warning: Token not allowed in a PDF string (Unicode):
(hyperref)                removing `\@@underline' on input line 1189.


Package hyperref Warning: Token not allowed in a PDF string (Unicode):
(hyperref)                removing `\hbox' on input line 1189.


Package hyperref Warning: Token not allowed in a PDF string (Unicode):
(hyperref)                removing `\mathsurround' on input line 1189.


Package hyperref Warning: Token not allowed in a PDF string (Unicode):
(hyperref)                removing `\z@' on input line 1189.


Package hyperref Warning: Token not allowed in a PDF string (Unicode):
(hyperref)                removing `math shift' on input line 1189.


Underfull \hbox (badness 10000) in paragraph at lines 1198--1208

 []


Package hyperref Warning: Token not allowed in a PDF string (Unicode):
(hyperref)                removing `math shift' on input line 1208.


Package hyperref Warning: Token not allowed in a PDF string (Unicode):
(hyperref)                removing `\@@underline' on input line 1208.


Package hyperref Warning: Token not allowed in a PDF string (Unicode):
(hyperref)                removing `\hbox' on input line 1208.


Package hyperref Warning: Token not allowed in a PDF string (Unicode):
(hyperref)                removing `\mathsurround' on input line 1208.


Package hyperref Warning: Token not allowed in a PDF string (Unicode):
(hyperref)                removing `\z@' on input line 1208.


Package hyperref Warning: Token not allowed in a PDF string (Unicode):
(hyperref)                removing `math shift' on input line 1208.

<images/33.V.A.Dirac.jpeg, id=2263, 2491.3075pt x 887.315pt>
File: images/33.V.A.Dirac.jpeg Graphic file (type jpg)
<use images/33.V.A.Dirac.jpeg>
Package pdftex.def Info: images/33.V.A.Dirac.jpeg  used on input line 1224.
(pdftex.def)             Requested size: 298.944pt x 106.4732pt.

Underfull \hbox (badness 10000) in paragraph at lines 1220--1228

 []

[44 <./ese/13.jpeg>]

Package hyperref Warning: Token not allowed in a PDF string (Unicode):
(hyperref)                removing `math shift' on input line 1233.


Package hyperref Warning: Token not allowed in a PDF string (Unicode):
(hyperref)                removing `\@@underline' on input line 1233.


Package hyperref Warning: Token not allowed in a PDF string (Unicode):
(hyperref)                removing `\hbox' on input line 1233.


Package hyperref Warning: Token not allowed in a PDF string (Unicode):
(hyperref)                removing `\mathsurround' on input line 1233.


Package hyperref Warning: Token not allowed in a PDF string (Unicode):
(hyperref)                removing `\z@' on input line 1233.


Package hyperref Warning: Token not allowed in a PDF string (Unicode):
(hyperref)                removing `math shift' on input line 1233.

<images/34.VA_Miste.jpeg, id=2274, 2320.67pt x 975.645pt>
File: images/34.VA_Miste.jpeg Graphic file (type jpg)
<use images/34.VA_Miste.jpeg>
Package pdftex.def Info: images/34.VA_Miste.jpeg  used on input line 1236.
(pdftex.def)             Requested size: 278.46838pt x 117.07234pt.

Package hyperref Warning: Token not allowed in a PDF string (Unicode):
(hyperref)                removing `math shift' on input line 1238.


Package hyperref Warning: Token not allowed in a PDF string (Unicode):
(hyperref)                removing `\@@underline' on input line 1238.


Package hyperref Warning: Token not allowed in a PDF string (Unicode):
(hyperref)                removing `\hbox' on input line 1238.


Package hyperref Warning: Token not allowed in a PDF string (Unicode):
(hyperref)                removing `\mathsurround' on input line 1238.


Package hyperref Warning: Token not allowed in a PDF string (Unicode):
(hyperref)                removing `\z@' on input line 1238.


Package hyperref Warning: Token not allowed in a PDF string (Unicode):
(hyperref)                removing `math shift' on input line 1238.

<ese/14.jpeg, id=2275, 3129.6925pt x 1878.01625pt>
File: ese/14.jpeg Graphic file (type jpg)
<use ese/14.jpeg>
Package pdftex.def Info: ese/14.jpeg  used on input line 1241.
(pdftex.def)             Requested size: 375.5469pt x 225.35222pt.
[45 <./images/33.V.A.Dirac.jpeg> <./images/34.VA_Miste.jpeg> <./ese/14.jpeg>]
Underfull \hbox (badness 10000) in paragraph at lines 1250--1260

 []

<images/35.PDF_VA_exp.jpeg, id=2283, 2371.86125pt x 1186.4325pt>
File: images/35.PDF_VA_exp.jpeg Graphic file (type jpg)
<use images/35.PDF_VA_exp.jpeg>
Package pdftex.def Info: images/35.PDF_VA_exp.jpeg  used on input line 1263.
(pdftex.def)             Requested size: 284.61107pt x 142.36575pt.
<images/36.CDF_VA_exp.jpeg, id=2284, 2300.595pt x 1030.85126pt>
File: images/36.CDF_VA_exp.jpeg Graphic file (type jpg)
<use images/36.CDF_VA_exp.jpeg>
Package pdftex.def Info: images/36.CDF_VA_exp.jpeg  used on input line 1287.
(pdftex.def)             Requested size: 230.07298pt x 103.09116pt.
<images/37.PDF_VA_gauss.jpeg, id=2285, 1991.44pt x 1138.2525pt>
File: images/37.PDF_VA_gauss.jpeg Graphic file (type jpg)
<use images/37.PDF_VA_gauss.jpeg>
Package pdftex.def Info: images/37.PDF_VA_gauss.jpeg  used on input line 1301.
(pdftex.def)             Requested size: 238.9625pt x 136.5844pt.

Underfull \hbox (badness 10000) in paragraph at lines 1291--1315

 []


Underfull \hbox (badness 10000) in paragraph at lines 1291--1315

 []

[46 <./images/35.PDF_VA_exp.jpeg>]

Package hyperref Warning: Token not allowed in a PDF string (Unicode):
(hyperref)                removing `math shift' on input line 1315.


Package hyperref Warning: Token not allowed in a PDF string (Unicode):
(hyperref)                removing `\@@underline' on input line 1315.


Package hyperref Warning: Token not allowed in a PDF string (Unicode):
(hyperref)                removing `\hbox' on input line 1315.


Package hyperref Warning: Token not allowed in a PDF string (Unicode):
(hyperref)                removing `\mathsurround' on input line 1315.


Package hyperref Warning: Token not allowed in a PDF string (Unicode):
(hyperref)                removing `\z@' on input line 1315.


Package hyperref Warning: Token not allowed in a PDF string (Unicode):
(hyperref)                removing `math shift' on input line 1315.

<ese/15.jpeg, id=2291, 3643.6125pt x 1264.725pt>
File: ese/15.jpeg Graphic file (type jpg)
<use ese/15.jpeg>
Package pdftex.def Info: ese/15.jpeg  used on input line 1318.
(pdftex.def)             Requested size: 437.21465pt x 151.76045pt.

Package hyperref Warning: Token not allowed in a PDF string (Unicode):
(hyperref)                removing `math shift' on input line 1320.


Package hyperref Warning: Token not allowed in a PDF string (Unicode):
(hyperref)                removing `\@@underline' on input line 1320.


Package hyperref Warning: Token not allowed in a PDF string (Unicode):
(hyperref)                removing `\hbox' on input line 1320.


Package hyperref Warning: Token not allowed in a PDF string (Unicode):
(hyperref)                removing `\mathsurround' on input line 1320.


Package hyperref Warning: Token not allowed in a PDF string (Unicode):
(hyperref)                removing `\z@' on input line 1320.


Package hyperref Warning: Token not allowed in a PDF string (Unicode):
(hyperref)                removing `math shift' on input line 1320.

<ese/16.jpeg, id=2292, 3679.7475pt x 2021.5525pt>
File: ese/16.jpeg Graphic file (type jpg)
<use ese/16.jpeg>
Package pdftex.def Info: ese/16.jpeg  used on input line 1323.
(pdftex.def)             Requested size: 441.55066pt x 242.57584pt.
<images/38.Due_VA_un_Esper.jpeg, id=2293, 2923.92375pt x 1287.81125pt>
File: images/38.Due_VA_un_Esper.jpeg Graphic file (type jpg)
<use images/38.Due_VA_un_Esper.jpeg>
Package pdftex.def Info: images/38.Due_VA_un_Esper.jpeg  used on input line 133
0.
(pdftex.def)             Requested size: 350.85571pt x 154.53069pt.

Underfull \hbox (badness 10000) in paragraph at lines 1327--1335

 []

[47 <./images/36.CDF_VA_exp.jpeg> <./images/37.PDF_VA_gauss.jpeg>]

Package hyperref Warning: Token not allowed in a PDF string (Unicode):
(hyperref)                removing `math shift' on input line 1335.


Package hyperref Warning: Token not allowed in a PDF string (Unicode):
(hyperref)                removing `\@@underline' on input line 1335.


Package hyperref Warning: Token not allowed in a PDF string (Unicode):
(hyperref)                removing `\hbox' on input line 1335.


Package hyperref Warning: Token not allowed in a PDF string (Unicode):
(hyperref)                removing `\mathsurround' on input line 1335.


Package hyperref Warning: Token not allowed in a PDF string (Unicode):
(hyperref)                removing `\z@' on input line 1335.


Package hyperref Warning: Token not allowed in a PDF string (Unicode):
(hyperref)                removing `math shift' on input line 1335.

[48 <./ese/15.jpeg> <./ese/16.jpeg>]
<images/39.Esempio1Trasf1.jpeg, id=2307, 2290.5575pt x 1043.9pt>
File: images/39.Esempio1Trasf1.jpeg Graphic file (type jpg)
<use images/39.Esempio1Trasf1.jpeg>
Package pdftex.def Info: images/39.Esempio1Trasf1.jpeg  used on input line 1344
.
(pdftex.def)             Requested size: 217.6621pt x 99.18745pt.
<images/40.Esempio1Trasf2.jpeg, id=2308, 1314.9125pt x 1124.2pt>
File: images/40.Esempio1Trasf2.jpeg Graphic file (type jpg)
<use images/40.Esempio1Trasf2.jpeg>
Package pdftex.def Info: images/40.Esempio1Trasf2.jpeg  used on input line 1348
.
(pdftex.def)             Requested size: 217.6621pt x 186.08537pt.

Overfull \hbox (2.22221pt too wide) in paragraph at lines 1342--1350
[][] [] 
 []


Package hyperref Warning: Token not allowed in a PDF string (Unicode):
(hyperref)                removing `math shift' on input line 1354.


Package hyperref Warning: Token not allowed in a PDF string (Unicode):
(hyperref)                removing `math shift' on input line 1354.


Package hyperref Warning: Token not allowed in a PDF string (Unicode):
(hyperref)                removing `math shift' on input line 1354.


Package hyperref Warning: Token not allowed in a PDF string (Unicode):
(hyperref)                removing `math shift' on input line 1354.


Package hyperref Warning: Token not allowed in a PDF string (Unicode):
(hyperref)                removing `math shift' on input line 1357.


Package hyperref Warning: Token not allowed in a PDF string (Unicode):
(hyperref)                removing `\@@underline' on input line 1357.


Package hyperref Warning: Token not allowed in a PDF string (Unicode):
(hyperref)                removing `\hbox' on input line 1357.


Package hyperref Warning: Token not allowed in a PDF string (Unicode):
(hyperref)                removing `\mathsurround' on input line 1357.


Package hyperref Warning: Token not allowed in a PDF string (Unicode):
(hyperref)                removing `\z@' on input line 1357.


Package hyperref Warning: Token not allowed in a PDF string (Unicode):
(hyperref)                removing `math shift' on input line 1357.

<images/41.EsTrasf1.jpeg, id=2309, 1593.955pt x 934.49126pt>
File: images/41.EsTrasf1.jpeg Graphic file (type jpg)
<use images/41.EsTrasf1.jpeg>
Package pdftex.def Info: images/41.EsTrasf1.jpeg  used on input line 1364.
(pdftex.def)             Requested size: 191.26634pt x 112.13411pt.

Underfull \hbox (badness 10000) in paragraph at lines 1358--1372

 []

[49 <./images/38.Due_VA_un_Esper.jpeg> <./images/39.Esempio1Trasf1.jpeg> <./ima
ges/40.Esempio1Trasf2.jpeg> <./images/41.EsTrasf1.jpeg>]

Package hyperref Warning: Token not allowed in a PDF string (Unicode):
(hyperref)                removing `math shift' on input line 1372.


Package hyperref Warning: Token not allowed in a PDF string (Unicode):
(hyperref)                removing `\@@underline' on input line 1372.


Package hyperref Warning: Token not allowed in a PDF string (Unicode):
(hyperref)                removing `\hbox' on input line 1372.


Package hyperref Warning: Token not allowed in a PDF string (Unicode):
(hyperref)                removing `\mathsurround' on input line 1372.


Package hyperref Warning: Token not allowed in a PDF string (Unicode):
(hyperref)                removing `\z@' on input line 1372.


Package hyperref Warning: Token not allowed in a PDF string (Unicode):
(hyperref)                removing `math shift' on input line 1372.


Package hyperref Warning: Token not allowed in a PDF string (Unicode):
(hyperref)                removing `math shift' on input line 1382.


Package hyperref Warning: Token not allowed in a PDF string (Unicode):
(hyperref)                removing `math shift' on input line 1382.


Package hyperref Warning: Token not allowed in a PDF string (Unicode):
(hyperref)                removing `math shift' on input line 1382.


Package hyperref Warning: Token not allowed in a PDF string (Unicode):
(hyperref)                removing `math shift' on input line 1382.


Package hyperref Warning: Token not allowed in a PDF string (Unicode):
(hyperref)                removing `math shift' on input line 1391.


Package hyperref Warning: Token not allowed in a PDF string (Unicode):
(hyperref)                removing `math shift' on input line 1391.


Package hyperref Warning: Token not allowed in a PDF string (Unicode):
(hyperref)                removing `math shift' on input line 1391.


Package hyperref Warning: Token not allowed in a PDF string (Unicode):
(hyperref)                removing `math shift' on input line 1391.


Package hyperref Warning: Token not allowed in a PDF string (Unicode):
(hyperref)                removing `math shift' on input line 1400.


Package hyperref Warning: Token not allowed in a PDF string (Unicode):
(hyperref)                removing `\@@underline' on input line 1400.


Package hyperref Warning: Token not allowed in a PDF string (Unicode):
(hyperref)                removing `\hbox' on input line 1400.


Package hyperref Warning: Token not allowed in a PDF string (Unicode):
(hyperref)                removing `\mathsurround' on input line 1400.


Package hyperref Warning: Token not allowed in a PDF string (Unicode):
(hyperref)                removing `\z@' on input line 1400.


Package hyperref Warning: Token not allowed in a PDF string (Unicode):
(hyperref)                removing `math shift' on input line 1400.

<ese/17.jpeg, id=2318, 2593.69pt x 2544.50626pt>
File: ese/17.jpeg Graphic file (type jpg)
<use ese/17.jpeg>
Package pdftex.def Info: ese/17.jpeg  used on input line 1403.
(pdftex.def)             Requested size: 363.11412pt x 356.22845pt.
<ese/17a.jpeg, id=2319, 3743.9875pt x 1707.37875pt>
File: ese/17a.jpeg Graphic file (type jpg)
<use ese/17a.jpeg>
Package pdftex.def Info: ese/17a.jpeg  used on input line 1407.
(pdftex.def)             Requested size: 411.8399pt x 187.81224pt.
<ese/17b.jpeg, id=2320, 2939.98375pt x 2133.9725pt>
File: ese/17b.jpeg Graphic file (type jpg)
<use ese/17b.jpeg>
Package pdftex.def Info: ese/17b.jpeg  used on input line 1411.
(pdftex.def)             Requested size: 382.2113pt x 277.42616pt.
[50] [51 <./ese/17.jpeg> <./ese/17a.jpeg>] [52 <./ese/17b.jpeg>]

Package hyperref Warning: Token not allowed in a PDF string (Unicode):
(hyperref)                removing `math shift' on input line 1415.


Package hyperref Warning: Token not allowed in a PDF string (Unicode):
(hyperref)                removing `\@@underline' on input line 1415.


Package hyperref Warning: Token not allowed in a PDF string (Unicode):
(hyperref)                removing `\hbox' on input line 1415.


Package hyperref Warning: Token not allowed in a PDF string (Unicode):
(hyperref)                removing `\mathsurround' on input line 1415.


Package hyperref Warning: Token not allowed in a PDF string (Unicode):
(hyperref)                removing `\z@' on input line 1415.


Package hyperref Warning: Token not allowed in a PDF string (Unicode):
(hyperref)                removing `math shift' on input line 1415.

<images/42.TeoFondMonoCresc.jpeg, id=2336, 2369.85374pt x 1341.01pt>
File: images/42.TeoFondMonoCresc.jpeg Graphic file (type jpg)
<use images/42.TeoFondMonoCresc.jpeg>
Package pdftex.def Info: images/42.TeoFondMonoCresc.jpeg  used on input line 14
19.
(pdftex.def)             Requested size: 308.0918pt x 174.33742pt.

Package hyperref Warning: Token not allowed in a PDF string (Unicode):
(hyperref)                removing `math shift' on input line 1424.


Package hyperref Warning: Token not allowed in a PDF string (Unicode):
(hyperref)                removing `\@@underline' on input line 1424.


Package hyperref Warning: Token not allowed in a PDF string (Unicode):
(hyperref)                removing `\hbox' on input line 1424.


Package hyperref Warning: Token not allowed in a PDF string (Unicode):
(hyperref)                removing `\mathsurround' on input line 1424.


Package hyperref Warning: Token not allowed in a PDF string (Unicode):
(hyperref)                removing `\z@' on input line 1424.


Package hyperref Warning: Token not allowed in a PDF string (Unicode):
(hyperref)                removing `math shift' on input line 1424.

<images/43.TeoFondNonMonoCresc.jpeg, id=2337, 2223.30624pt x 1308.89pt>
File: images/43.TeoFondNonMonoCresc.jpeg Graphic file (type jpg)
<use images/43.TeoFondNonMonoCresc.jpeg>
Package pdftex.def Info: images/43.TeoFondNonMonoCresc.jpeg  used on input line
 1428.
(pdftex.def)             Requested size: 289.03996pt x 170.16167pt.

Package hyperref Warning: Token not allowed in a PDF string (Unicode):
(hyperref)                removing `math shift' on input line 1436.


Package hyperref Warning: Token not allowed in a PDF string (Unicode):
(hyperref)                removing `\@@underline' on input line 1436.


Package hyperref Warning: Token not allowed in a PDF string (Unicode):
(hyperref)                removing `\hbox' on input line 1436.


Package hyperref Warning: Token not allowed in a PDF string (Unicode):
(hyperref)                removing `\mathsurround' on input line 1436.


Package hyperref Warning: Token not allowed in a PDF string (Unicode):
(hyperref)                removing `\z@' on input line 1436.


Package hyperref Warning: Token not allowed in a PDF string (Unicode):
(hyperref)                removing `math shift' on input line 1436.


Package hyperref Warning: Token not allowed in a PDF string (Unicode):
(hyperref)                removing `math shift' on input line 1439.


Package hyperref Warning: Token not allowed in a PDF string (Unicode):
(hyperref)                removing `\@@underline' on input line 1439.


Package hyperref Warning: Token not allowed in a PDF string (Unicode):
(hyperref)                removing `\hbox' on input line 1439.


Package hyperref Warning: Token not allowed in a PDF string (Unicode):
(hyperref)                removing `\mathsurround' on input line 1439.


Package hyperref Warning: Token not allowed in a PDF string (Unicode):
(hyperref)                removing `\z@' on input line 1439.


Package hyperref Warning: Token not allowed in a PDF string (Unicode):
(hyperref)                removing `math shift' on input line 1439.

<ese/18.jpeg, id=2338, 3290.2925pt x 2221.29875pt>
File: ese/18.jpeg Graphic file (type jpg)
<use ese/18.jpeg>
Package pdftex.def Info: ese/18.jpeg  used on input line 1442.
(pdftex.def)             Requested size: 493.52258pt x 333.18044pt.

Overfull \hbox (9.82574pt too wide) in paragraph at lines 1442--1443
 [][] 
 []

[53

 <./images/42.TeoFondMonoCresc.jpeg> <./images/43.TeoFondNonMonoCresc.jpeg>] [5
4 <./ese/18.jpeg>]

Package hyperref Warning: Token not allowed in a PDF string (Unicode):
(hyperref)                removing `math shift' on input line 1445.


Package hyperref Warning: Token not allowed in a PDF string (Unicode):
(hyperref)                removing `\@@underline' on input line 1445.


Package hyperref Warning: Token not allowed in a PDF string (Unicode):
(hyperref)                removing `\hbox' on input line 1445.


Package hyperref Warning: Token not allowed in a PDF string (Unicode):
(hyperref)                removing `\mathsurround' on input line 1445.


Package hyperref Warning: Token not allowed in a PDF string (Unicode):
(hyperref)                removing `\z@' on input line 1445.


Package hyperref Warning: Token not allowed in a PDF string (Unicode):
(hyperref)                removing `math shift' on input line 1445.

<ese/19.jpeg, id=2351, 2491.3075pt x 3611.4925pt>
File: ese/19.jpeg Graphic file (type jpg)
<use ese/19.jpeg>
Package pdftex.def Info: ese/19.jpeg  used on input line 1448.
(pdftex.def)             Requested size: 373.68001pt x 541.70052pt.
[55

 <./ese/19.jpeg>]

Package hyperref Warning: Token not allowed in a PDF string (Unicode):
(hyperref)                removing `math shift' on input line 1451.


Package hyperref Warning: Token not allowed in a PDF string (Unicode):
(hyperref)                removing `\@@underline' on input line 1451.


Package hyperref Warning: Token not allowed in a PDF string (Unicode):
(hyperref)                removing `\hbox' on input line 1451.


Package hyperref Warning: Token not allowed in a PDF string (Unicode):
(hyperref)                removing `\mathsurround' on input line 1451.


Package hyperref Warning: Token not allowed in a PDF string (Unicode):
(hyperref)                removing `\z@' on input line 1451.


Package hyperref Warning: Token not allowed in a PDF string (Unicode):
(hyperref)                removing `math shift' on input line 1451.

<ese/20.jpeg, id=2357, 2487.2925pt x 3474.9825pt>
File: ese/20.jpeg Graphic file (type jpg)
<use ese/20.jpeg>
Package pdftex.def Info: ese/20.jpeg  used on input line 1454.
(pdftex.def)             Requested size: 298.46222pt x 416.97992pt.
<ese/20a.jpeg, id=2358, 3395.68625pt x 1195.46625pt>
File: ese/20a.jpeg Graphic file (type jpg)
<use ese/20a.jpeg>
Package pdftex.def Info: ese/20a.jpeg  used on input line 1458.
(pdftex.def)             Requested size: 373.52664pt x 131.5017pt.
[56

 <./ese/20.jpeg> <./ese/20a.jpeg>]

Package hyperref Warning: Token not allowed in a PDF string (Unicode):
(hyperref)                removing `math shift' on input line 1461.


Package hyperref Warning: Token not allowed in a PDF string (Unicode):
(hyperref)                removing `\@@underline' on input line 1461.


Package hyperref Warning: Token not allowed in a PDF string (Unicode):
(hyperref)                removing `\hbox' on input line 1461.


Package hyperref Warning: Token not allowed in a PDF string (Unicode):
(hyperref)                removing `\mathsurround' on input line 1461.


Package hyperref Warning: Token not allowed in a PDF string (Unicode):
(hyperref)                removing `\z@' on input line 1461.


Package hyperref Warning: Token not allowed in a PDF string (Unicode):
(hyperref)                removing `math shift' on input line 1461.

<ese/21.jpeg, id=2365, 3719.8975pt x 1799.72375pt>
File: ese/21.jpeg Graphic file (type jpg)
<use ese/21.jpeg>
Package pdftex.def Info: ese/21.jpeg  used on input line 1464.
(pdftex.def)             Requested size: 483.60365pt x 233.9723pt.
<images/44.ProblemaInverso.jpeg, id=2366, 3437.84375pt x 700.6175pt>
File: images/44.ProblemaInverso.jpeg Graphic file (type jpg)
<use images/44.ProblemaInverso.jpeg>
Package pdftex.def Info: images/44.ProblemaInverso.jpeg  used on input line 147
6.
(pdftex.def)             Requested size: 446.93538pt x 91.08347pt.
<images/45.VM_Baricentro.jpeg, id=2367, 2648.89626pt x 529.98pt>
File: images/45.VM_Baricentro.jpeg Graphic file (type jpg)
<use images/45.VM_Baricentro.jpeg>
Package pdftex.def Info: images/45.VM_Baricentro.jpeg  used on input line 1494.

(pdftex.def)             Requested size: 344.3686pt x 68.89981pt.

Underfull \hbox (badness 10000) in paragraph at lines 1489--1512

 []

[57

 <./ese/21.jpeg> <./images/44.ProblemaInverso.jpeg>]

Package hyperref Warning: Token not allowed in a PDF string (Unicode):
(hyperref)                removing `math shift' on input line 1512.


Package hyperref Warning: Token not allowed in a PDF string (Unicode):
(hyperref)                removing `\@@underline' on input line 1512.


Package hyperref Warning: Token not allowed in a PDF string (Unicode):
(hyperref)                removing `\hbox' on input line 1512.


Package hyperref Warning: Token not allowed in a PDF string (Unicode):
(hyperref)                removing `\mathsurround' on input line 1512.


Package hyperref Warning: Token not allowed in a PDF string (Unicode):
(hyperref)                removing `\z@' on input line 1512.


Package hyperref Warning: Token not allowed in a PDF string (Unicode):
(hyperref)                removing `math shift' on input line 1512.

<images/46.PDF_Discreta.jpeg, id=2377, 2605.735pt x 1389.19pt>
File: images/46.PDF_Discreta.jpeg Graphic file (type jpg)
<use images/46.PDF_Discreta.jpeg>
Package pdftex.def Info: images/46.PDF_Discreta.jpeg  used on input line 1517.
(pdftex.def)             Requested size: 338.75745pt x 180.60104pt.

Underfull \hbox (badness 10000) in paragraph at lines 1513--1526

 []


Underfull \hbox (badness 10000) in paragraph at lines 1513--1526

 []

<images/47.Varianza.jpeg, id=2378, 3724.91624pt x 860.21375pt>
File: images/47.Varianza.jpeg Graphic file (type jpg)
<use images/47.Varianza.jpeg>
Package pdftex.def Info: images/47.Varianza.jpeg  used on input line 1534.
(pdftex.def)             Requested size: 484.25612pt x 111.83171pt.

Overfull \hbox (0.55928pt too wide) in paragraph at lines 1534--1535
 [][] 
 []


Underfull \hbox (badness 10000) in paragraph at lines 1528--1554

 []


Underfull \hbox (badness 10000) in paragraph at lines 1528--1554

 []


Underfull \hbox (badness 10000) in paragraph at lines 1528--1554

 []

[58 <./images/45.VM_Baricentro.jpeg> <./images/46.PDF_Discreta.jpeg>]

Package hyperref Warning: Token not allowed in a PDF string (Unicode):
(hyperref)                removing `math shift' on input line 1554.


Package hyperref Warning: Token not allowed in a PDF string (Unicode):
(hyperref)                removing `\@@underline' on input line 1554.


Package hyperref Warning: Token not allowed in a PDF string (Unicode):
(hyperref)                removing `\hbox' on input line 1554.


Package hyperref Warning: Token not allowed in a PDF string (Unicode):
(hyperref)                removing `\mathsurround' on input line 1554.


Package hyperref Warning: Token not allowed in a PDF string (Unicode):
(hyperref)                removing `\z@' on input line 1554.


Package hyperref Warning: Token not allowed in a PDF string (Unicode):
(hyperref)                removing `math shift' on input line 1554.


Underfull \hbox (badness 10000) in paragraph at lines 1555--1578

 []


Underfull \hbox (badness 10000) in paragraph at lines 1555--1578

 []


Underfull \hbox (badness 10000) in paragraph at lines 1555--1578

 []

[59 <./images/47.Varianza.jpeg>]

Package hyperref Warning: Token not allowed in a PDF string (Unicode):
(hyperref)                removing `math shift' on input line 1601.


Package hyperref Warning: Token not allowed in a PDF string (Unicode):
(hyperref)                removing `\@@underline' on input line 1601.


Package hyperref Warning: Token not allowed in a PDF string (Unicode):
(hyperref)                removing `\hbox' on input line 1601.


Package hyperref Warning: Token not allowed in a PDF string (Unicode):
(hyperref)                removing `\mathsurround' on input line 1601.


Package hyperref Warning: Token not allowed in a PDF string (Unicode):
(hyperref)                removing `\z@' on input line 1601.


Package hyperref Warning: Token not allowed in a PDF string (Unicode):
(hyperref)                removing `math shift' on input line 1601.

<images/48.DimTeoAsp.jpeg, id=2392, 2257.43375pt x 1793.70125pt>
File: images/48.DimTeoAsp.jpeg Graphic file (type jpg)
<use images/48.DimTeoAsp.jpeg>
Package pdftex.def Info: images/48.DimTeoAsp.jpeg  used on input line 1619.
(pdftex.def)             Requested size: 293.47668pt x 233.18935pt.

Underfull \hbox (badness 10000) in paragraph at lines 1602--1630

 []


Underfull \hbox (badness 10000) in paragraph at lines 1602--1630

 []

[60 <./images/48.DimTeoAsp.jpeg>]

Package hyperref Warning: Token not allowed in a PDF string (Unicode):
(hyperref)                removing `math shift' on input line 1639.


Package hyperref Warning: Token not allowed in a PDF string (Unicode):
(hyperref)                removing `\@@underline' on input line 1639.


Package hyperref Warning: Token not allowed in a PDF string (Unicode):
(hyperref)                removing `\hbox' on input line 1639.


Package hyperref Warning: Token not allowed in a PDF string (Unicode):
(hyperref)                removing `\mathsurround' on input line 1639.


Package hyperref Warning: Token not allowed in a PDF string (Unicode):
(hyperref)                removing `\z@' on input line 1639.


Package hyperref Warning: Token not allowed in a PDF string (Unicode):
(hyperref)                removing `math shift' on input line 1639.

[61]

Package hyperref Warning: Token not allowed in a PDF string (Unicode):
(hyperref)                removing `math shift' on input line 1653.


Package hyperref Warning: Token not allowed in a PDF string (Unicode):
(hyperref)                removing `\@@underline' on input line 1653.


Package hyperref Warning: Token not allowed in a PDF string (Unicode):
(hyperref)                removing `\hbox' on input line 1653.


Package hyperref Warning: Token not allowed in a PDF string (Unicode):
(hyperref)                removing `\mathsurround' on input line 1653.


Package hyperref Warning: Token not allowed in a PDF string (Unicode):
(hyperref)                removing `\z@' on input line 1653.


Package hyperref Warning: Token not allowed in a PDF string (Unicode):
(hyperref)                removing `math shift' on input line 1653.

<ese/22.jpeg, id=2408, 2277.50874pt x 3276.24pt>
File: ese/22.jpeg Graphic file (type jpg)
<use ese/22.jpeg>
Package pdftex.def Info: ese/22.jpeg  used on input line 1656.
(pdftex.def)             Requested size: 387.17137pt x 556.95345pt.
<ese/22a.jpeg, id=2409, 2413.015pt x 3585.395pt>
File: ese/22a.jpeg Graphic file (type jpg)
<use ese/22a.jpeg>
Package pdftex.def Info: ese/22a.jpeg  used on input line 1660.
(pdftex.def)             Requested size: 482.59445pt x 717.06631pt.
<ese/22b.jpeg, id=2410, 2428.07124pt x 2212.265pt>
File: ese/22b.jpeg Graphic file (type jpg)
<use ese/22b.jpeg>
Package pdftex.def Info: ese/22b.jpeg  used on input line 1664.
(pdftex.def)             Requested size: 485.60565pt x 442.44516pt.

Overfull \hbox (1.90881pt too wide) in paragraph at lines 1664--1665
 [][] 
 []

[62

 <./ese/22.jpeg>] [63 <./ese/22a.jpeg>] [64 <./ese/22b.jpeg>]

Package hyperref Warning: Token not allowed in a PDF string (Unicode):
(hyperref)                removing `math shift' on input line 1678.


Package hyperref Warning: Token not allowed in a PDF string (Unicode):
(hyperref)                removing `\@@underline' on input line 1678.


Package hyperref Warning: Token not allowed in a PDF string (Unicode):
(hyperref)                removing `\hbox' on input line 1678.


Package hyperref Warning: Token not allowed in a PDF string (Unicode):
(hyperref)                removing `math shift' on input line 1678.


Package hyperref Warning: Token not allowed in a PDF string (Unicode):
(hyperref)                removing `math shift' on input line 1678.


Package hyperref Warning: Token not allowed in a PDF string (Unicode):
(hyperref)                removing `\mathsurround' on input line 1678.


Package hyperref Warning: Token not allowed in a PDF string (Unicode):
(hyperref)                removing `\z@' on input line 1678.


Package hyperref Warning: Token not allowed in a PDF string (Unicode):
(hyperref)                removing `math shift' on input line 1678.


Package hyperref Warning: Token not allowed in a PDF string (Unicode):
(hyperref)                removing `math shift' on input line 1681.


Package hyperref Warning: Token not allowed in a PDF string (Unicode):
(hyperref)                removing `\@@underline' on input line 1681.


Package hyperref Warning: Token not allowed in a PDF string (Unicode):
(hyperref)                removing `\hbox' on input line 1681.


Package hyperref Warning: Token not allowed in a PDF string (Unicode):
(hyperref)                removing `math shift' on input line 1681.


Package hyperref Warning: Token not allowed in a PDF string (Unicode):
(hyperref)                removing `\eta' on input line 1681.


Package hyperref Warning: Token not allowed in a PDF string (Unicode):
(hyperref)                removing `subscript' on input line 1681.


Package hyperref Warning: Token not allowed in a PDF string (Unicode):
(hyperref)                removing `math shift' on input line 1681.


Package hyperref Warning: Token not allowed in a PDF string (Unicode):
(hyperref)                removing `\mathsurround' on input line 1681.


Package hyperref Warning: Token not allowed in a PDF string (Unicode):
(hyperref)                removing `\z@' on input line 1681.


Package hyperref Warning: Token not allowed in a PDF string (Unicode):
(hyperref)                removing `math shift' on input line 1681.


Package hyperref Warning: Token not allowed in a PDF string (Unicode):
(hyperref)                removing `math shift' on input line 1684.


Package hyperref Warning: Token not allowed in a PDF string (Unicode):
(hyperref)                removing `\@@underline' on input line 1684.


Package hyperref Warning: Token not allowed in a PDF string (Unicode):
(hyperref)                removing `\hbox' on input line 1684.


Package hyperref Warning: Token not allowed in a PDF string (Unicode):
(hyperref)                removing `\mathsurround' on input line 1684.


Package hyperref Warning: Token not allowed in a PDF string (Unicode):
(hyperref)                removing `\z@' on input line 1684.


Package hyperref Warning: Token not allowed in a PDF string (Unicode):
(hyperref)                removing `math shift' on input line 1684.


Package hyperref Warning: Token not allowed in a PDF string (Unicode):
(hyperref)                removing `math shift' on input line 1690.


Package hyperref Warning: Token not allowed in a PDF string (Unicode):
(hyperref)                removing `\@@underline' on input line 1690.


Package hyperref Warning: Token not allowed in a PDF string (Unicode):
(hyperref)                removing `\hbox' on input line 1690.


Package hyperref Warning: Token not allowed in a PDF string (Unicode):
(hyperref)                removing `\mathsurround' on input line 1690.


Package hyperref Warning: Token not allowed in a PDF string (Unicode):
(hyperref)                removing `\z@' on input line 1690.


Package hyperref Warning: Token not allowed in a PDF string (Unicode):
(hyperref)                removing `math shift' on input line 1690.


Package hyperref Warning: Token not allowed in a PDF string (Unicode):
(hyperref)                removing `math shift' on input line 1698.


Package hyperref Warning: Token not allowed in a PDF string (Unicode):
(hyperref)                removing `\@@underline' on input line 1698.


Package hyperref Warning: Token not allowed in a PDF string (Unicode):
(hyperref)                removing `\hbox' on input line 1698.


Package hyperref Warning: Token not allowed in a PDF string (Unicode):
(hyperref)                removing `\mathsurround' on input line 1698.


Package hyperref Warning: Token not allowed in a PDF string (Unicode):
(hyperref)                removing `\z@' on input line 1698.


Package hyperref Warning: Token not allowed in a PDF string (Unicode):
(hyperref)                removing `math shift' on input line 1698.


Package hyperref Warning: Token not allowed in a PDF string (Unicode):
(hyperref)                removing `math shift' on input line 1704.


Package hyperref Warning: Token not allowed in a PDF string (Unicode):
(hyperref)                removing `\@@underline' on input line 1704.


Package hyperref Warning: Token not allowed in a PDF string (Unicode):
(hyperref)                removing `\hbox' on input line 1704.


Package hyperref Warning: Token not allowed in a PDF string (Unicode):
(hyperref)                removing `\mathsurround' on input line 1704.


Package hyperref Warning: Token not allowed in a PDF string (Unicode):
(hyperref)                removing `\z@' on input line 1704.


Package hyperref Warning: Token not allowed in a PDF string (Unicode):
(hyperref)                removing `math shift' on input line 1704.

[65

]

Package hyperref Warning: Token not allowed in a PDF string (Unicode):
(hyperref)                removing `math shift' on input line 1710.


Package hyperref Warning: Token not allowed in a PDF string (Unicode):
(hyperref)                removing `\@@underline' on input line 1710.


Package hyperref Warning: Token not allowed in a PDF string (Unicode):
(hyperref)                removing `\hbox' on input line 1710.


Package hyperref Warning: Token not allowed in a PDF string (Unicode):
(hyperref)                removing `\mathsurround' on input line 1710.


Package hyperref Warning: Token not allowed in a PDF string (Unicode):
(hyperref)                removing `\z@' on input line 1710.


Package hyperref Warning: Token not allowed in a PDF string (Unicode):
(hyperref)                removing `math shift' on input line 1710.


Underfull \hbox (badness 10000) in paragraph at lines 1711--1717

 []


Underfull \hbox (badness 10000) in paragraph at lines 1711--1717

 []


Package hyperref Warning: Token not allowed in a PDF string (Unicode):
(hyperref)                removing `math shift' on input line 1717.


Package hyperref Warning: Token not allowed in a PDF string (Unicode):
(hyperref)                removing `\@@underline' on input line 1717.


Package hyperref Warning: Token not allowed in a PDF string (Unicode):
(hyperref)                removing `\hbox' on input line 1717.


Package hyperref Warning: Token not allowed in a PDF string (Unicode):
(hyperref)                removing `\mathsurround' on input line 1717.


Package hyperref Warning: Token not allowed in a PDF string (Unicode):
(hyperref)                removing `\z@' on input line 1717.


Package hyperref Warning: Token not allowed in a PDF string (Unicode):
(hyperref)                removing `math shift' on input line 1717.


Underfull \hbox (badness 10000) in paragraph at lines 1718--1722

 []


Underfull \hbox (badness 10000) in paragraph at lines 1718--1722

 []

<images/49.Chebychev.jpeg, id=2430, 3364.57pt x 1349.04pt>
File: images/49.Chebychev.jpeg Graphic file (type jpg)
<use images/49.Chebychev.jpeg>
Package pdftex.def Info: images/49.Chebychev.jpeg  used on input line 1732.
(pdftex.def)             Requested size: 302.79823pt x 121.40836pt.

Underfull \hbox (badness 10000) in paragraph at lines 1724--1738

 []

[66 <./images/49.Chebychev.jpeg>]

Package hyperref Warning: Token not allowed in a PDF string (Unicode):
(hyperref)                removing `math shift' on input line 1738.


Package hyperref Warning: Token not allowed in a PDF string (Unicode):
(hyperref)                removing `\@@underline' on input line 1738.


Package hyperref Warning: Token not allowed in a PDF string (Unicode):
(hyperref)                removing `\hbox' on input line 1738.


Package hyperref Warning: Token not allowed in a PDF string (Unicode):
(hyperref)                removing `\mathsurround' on input line 1738.


Package hyperref Warning: Token not allowed in a PDF string (Unicode):
(hyperref)                removing `\z@' on input line 1738.


Package hyperref Warning: Token not allowed in a PDF string (Unicode):
(hyperref)                removing `math shift' on input line 1738.


Underfull \hbox (badness 10000) in paragraph at lines 1739--1748

 []


Underfull \hbox (badness 10000) in paragraph at lines 1757--1761

 []


Package hyperref Warning: Token not allowed in a PDF string (Unicode):
(hyperref)                removing `math shift' on input line 1761.


Package hyperref Warning: Token not allowed in a PDF string (Unicode):
(hyperref)                removing `\@@underline' on input line 1761.


Package hyperref Warning: Token not allowed in a PDF string (Unicode):
(hyperref)                removing `\hbox' on input line 1761.


Package hyperref Warning: Token not allowed in a PDF string (Unicode):
(hyperref)                removing `\mathsurround' on input line 1761.


Package hyperref Warning: Token not allowed in a PDF string (Unicode):
(hyperref)                removing `\z@' on input line 1761.


Package hyperref Warning: Token not allowed in a PDF string (Unicode):
(hyperref)                removing `math shift' on input line 1761.


Underfull \hbox (badness 10000) in paragraph at lines 1762--1775

 []


Underfull \hbox (badness 10000) in paragraph at lines 1762--1775

 []


Underfull \hbox (badness 10000) in paragraph at lines 1762--1775

 []

[67]

Package hyperref Warning: Token not allowed in a PDF string (Unicode):
(hyperref)                removing `math shift' on input line 1780.


Package hyperref Warning: Token not allowed in a PDF string (Unicode):
(hyperref)                removing `\@@underline' on input line 1780.


Package hyperref Warning: Token not allowed in a PDF string (Unicode):
(hyperref)                removing `\hbox' on input line 1780.


Package hyperref Warning: Token not allowed in a PDF string (Unicode):
(hyperref)                removing `\mathsurround' on input line 1780.


Package hyperref Warning: Token not allowed in a PDF string (Unicode):
(hyperref)                removing `\z@' on input line 1780.


Package hyperref Warning: Token not allowed in a PDF string (Unicode):
(hyperref)                removing `math shift' on input line 1780.

<images/50.ModaDiscreta.jpeg, id=2441, 2856.6725pt x 1507.6325pt>
File: images/50.ModaDiscreta.jpeg Graphic file (type jpg)
<use images/50.ModaDiscreta.jpeg>
Package pdftex.def Info: images/50.ModaDiscreta.jpeg  used on input line 1783.
(pdftex.def)             Requested size: 285.68399pt x 150.77208pt.

Package hyperref Warning: Token not allowed in a PDF string (Unicode):
(hyperref)                removing `math shift' on input line 1786.


Package hyperref Warning: Token not allowed in a PDF string (Unicode):
(hyperref)                removing `\@@underline' on input line 1786.


Package hyperref Warning: Token not allowed in a PDF string (Unicode):
(hyperref)                removing `\hbox' on input line 1786.


Package hyperref Warning: Token not allowed in a PDF string (Unicode):
(hyperref)                removing `\mathsurround' on input line 1786.


Package hyperref Warning: Token not allowed in a PDF string (Unicode):
(hyperref)                removing `\z@' on input line 1786.


Package hyperref Warning: Token not allowed in a PDF string (Unicode):
(hyperref)                removing `math shift' on input line 1786.

<images/51.ModaContinua.jpeg, id=2442, 2473.24pt x 1521.685pt>
File: images/51.ModaContinua.jpeg Graphic file (type jpg)
<use images/51.ModaContinua.jpeg>
Package pdftex.def Info: images/51.ModaContinua.jpeg  used on input line 1789.
(pdftex.def)             Requested size: 247.33849pt x 152.17741pt.
<images/52. ModaContinuaMultimod.jpeg, id=2443, 2875.74374pt x 1428.33624pt>
File: images/52. ModaContinuaMultimod.jpeg Graphic file (type jpg)
<use images/52. ModaContinuaMultimod.jpeg>
Package pdftex.def Info: images/52. ModaContinuaMultimod.jpeg  used on input li
ne 1796.
(pdftex.def)             Requested size: 287.59122pt x 142.84198pt.

Underfull \hbox (badness 10000) in paragraph at lines 1790--1798

 []


Underfull \hbox (badness 10000) in paragraph at lines 1790--1798

 []

<images/53.Mediana.jpeg, id=2444, 2920.9125pt x 1784.6675pt>
File: images/53.Mediana.jpeg Graphic file (type jpg)
<use images/53.Mediana.jpeg>
Package pdftex.def Info: images/53.Mediana.jpeg  used on input line 1806.
(pdftex.def)             Requested size: 292.10837pt x 178.4772pt.
[68 <./images/50.ModaDiscreta.jpeg> <./images/51.ModaContinua.jpeg>]

Package hyperref Warning: Token not allowed in a PDF string (Unicode):
(hyperref)                removing `math shift' on input line 1808.


Package hyperref Warning: Token not allowed in a PDF string (Unicode):
(hyperref)                removing `\@@underline' on input line 1808.


Package hyperref Warning: Token not allowed in a PDF string (Unicode):
(hyperref)                removing `\hbox' on input line 1808.


Package hyperref Warning: Token not allowed in a PDF string (Unicode):
(hyperref)                removing `\mathsurround' on input line 1808.


Package hyperref Warning: Token not allowed in a PDF string (Unicode):
(hyperref)                removing `\z@' on input line 1808.


Package hyperref Warning: Token not allowed in a PDF string (Unicode):
(hyperref)                removing `math shift' on input line 1808.

<images/54.MedianaContinua.jpeg, id=2451, 3604.46625pt x 1790.69pt>
File: images/54.MedianaContinua.jpeg Graphic file (type jpg)
<use images/54.MedianaContinua.jpeg>
Package pdftex.def Info: images/54.MedianaContinua.jpeg  used on input line 181
3.
(pdftex.def)             Requested size: 360.46774pt x 179.07948pt.

Package hyperref Warning: Token not allowed in a PDF string (Unicode):
(hyperref)                removing `math shift' on input line 1815.


Package hyperref Warning: Token not allowed in a PDF string (Unicode):
(hyperref)                removing `\@@underline' on input line 1815.


Package hyperref Warning: Token not allowed in a PDF string (Unicode):
(hyperref)                removing `\hbox' on input line 1815.


Package hyperref Warning: Token not allowed in a PDF string (Unicode):
(hyperref)                removing `\mathsurround' on input line 1815.


Package hyperref Warning: Token not allowed in a PDF string (Unicode):
(hyperref)                removing `\z@' on input line 1815.


Package hyperref Warning: Token not allowed in a PDF string (Unicode):
(hyperref)                removing `math shift' on input line 1815.

<images/55.MedianaDisc1.jpeg, id=2452, 3672.72125pt x 2633.84pt>
File: images/55.MedianaDisc1.jpeg Graphic file (type jpg)
<use images/55.MedianaDisc1.jpeg>
Package pdftex.def Info: images/55.MedianaDisc1.jpeg  used on input line 1820.
(pdftex.def)             Requested size: 367.29364pt x 263.39943pt.
<images/56.MedianaDisc2.jpeg, id=2453, 2253.41875pt x 1961.3275pt>
File: images/56.MedianaDisc2.jpeg Graphic file (type jpg)
<use images/56.MedianaDisc2.jpeg>
Package pdftex.def Info: images/56.MedianaDisc2.jpeg  used on input line 1825.
(pdftex.def)             Requested size: 225.35507pt x 196.14424pt.
[69 <./images/52. ModaContinuaMultimod.jpeg> <./images/53.Mediana.jpeg> <./imag
es/54.MedianaContinua.jpeg>]

Package hyperref Warning: Token not allowed in a PDF string (Unicode):
(hyperref)                removing `math shift' on input line 1833.


Package hyperref Warning: Token not allowed in a PDF string (Unicode):
(hyperref)                removing `\@@underline' on input line 1833.


Package hyperref Warning: Token not allowed in a PDF string (Unicode):
(hyperref)                removing `\hbox' on input line 1833.


Package hyperref Warning: Token not allowed in a PDF string (Unicode):
(hyperref)                removing `\mathsurround' on input line 1833.


Package hyperref Warning: Token not allowed in a PDF string (Unicode):
(hyperref)                removing `\z@' on input line 1833.


Package hyperref Warning: Token not allowed in a PDF string (Unicode):
(hyperref)                removing `math shift' on input line 1833.

[70 <./images/55.MedianaDisc1.jpeg> <./images/56.MedianaDisc2.jpeg>]

Package hyperref Warning: Token not allowed in a PDF string (Unicode):
(hyperref)                removing `math shift' on input line 1844.


Package hyperref Warning: Token not allowed in a PDF string (Unicode):
(hyperref)                removing `\@@underline' on input line 1844.


Package hyperref Warning: Token not allowed in a PDF string (Unicode):
(hyperref)                removing `\hbox' on input line 1844.


Package hyperref Warning: Token not allowed in a PDF string (Unicode):
(hyperref)                removing `\mathsurround' on input line 1844.


Package hyperref Warning: Token not allowed in a PDF string (Unicode):
(hyperref)                removing `\z@' on input line 1844.


Package hyperref Warning: Token not allowed in a PDF string (Unicode):
(hyperref)                removing `math shift' on input line 1844.


Package hyperref Warning: Token not allowed in a PDF string (Unicode):
(hyperref)                removing `math shift' on input line 1851.


Package hyperref Warning: Token not allowed in a PDF string (Unicode):
(hyperref)                removing `\@@underline' on input line 1851.


Package hyperref Warning: Token not allowed in a PDF string (Unicode):
(hyperref)                removing `\hbox' on input line 1851.


Package hyperref Warning: Token not allowed in a PDF string (Unicode):
(hyperref)                removing `\mathsurround' on input line 1851.


Package hyperref Warning: Token not allowed in a PDF string (Unicode):
(hyperref)                removing `\z@' on input line 1851.


Package hyperref Warning: Token not allowed in a PDF string (Unicode):
(hyperref)                removing `math shift' on input line 1851.

<ese/23.jpeg, id=2467, 3661.68pt x 1146.2825pt>
File: ese/23.jpeg Graphic file (type jpg)
<use ese/23.jpeg>
Package pdftex.def Info: ese/23.jpeg  used on input line 1854.
(pdftex.def)             Requested size: 439.38264pt x 137.54796pt.
<ese/23a.jpeg, id=2468, 2663.9525pt x 2841.61626pt>
File: ese/23a.jpeg Graphic file (type jpg)
<use ese/23a.jpeg>
Package pdftex.def Info: ese/23a.jpeg  used on input line 1858.
(pdftex.def)             Requested size: 452.86594pt x 483.06837pt.
[71 <./ese/23.jpeg>] [72 <./ese/23a.jpeg>]
Underfull \hbox (badness 10000) in paragraph at lines 1862--1868

 []


Underfull \hbox (badness 10000) in paragraph at lines 1862--1868

 []

<images/60.V.A.Unif.jpeg, id=2486, 3596.43625pt x 987.69pt>
File: images/60.V.A.Unif.jpeg Graphic file (type jpg)
<use images/60.V.A.Unif.jpeg>
Package pdftex.def Info: images/60.V.A.Unif.jpeg  used on input line 1878.
(pdftex.def)             Requested size: 431.55374pt x 118.51768pt.

Package hyperref Warning: Token not allowed in a PDF string (Unicode):
(hyperref)                removing `math shift' on input line 1894.


Package hyperref Warning: Token not allowed in a PDF string (Unicode):
(hyperref)                removing `\@@underline' on input line 1894.


Package hyperref Warning: Token not allowed in a PDF string (Unicode):
(hyperref)                removing `\hbox' on input line 1894.


Package hyperref Warning: Token not allowed in a PDF string (Unicode):
(hyperref)                removing `\mathsurround' on input line 1894.


Package hyperref Warning: Token not allowed in a PDF string (Unicode):
(hyperref)                removing `\z@' on input line 1894.


Package hyperref Warning: Token not allowed in a PDF string (Unicode):
(hyperref)                removing `math shift' on input line 1894.


Package hyperref Warning: Token not allowed in a PDF string (Unicode):
(hyperref)                removing `math shift' on input line 1896.


Package hyperref Warning: Token not allowed in a PDF string (Unicode):
(hyperref)                removing `\@@underline' on input line 1896.


Package hyperref Warning: Token not allowed in a PDF string (Unicode):
(hyperref)                removing `\hbox' on input line 1896.


Package hyperref Warning: Token not allowed in a PDF string (Unicode):
(hyperref)                removing `\mathsurround' on input line 1896.


Package hyperref Warning: Token not allowed in a PDF string (Unicode):
(hyperref)                removing `\z@' on input line 1896.


Package hyperref Warning: Token not allowed in a PDF string (Unicode):
(hyperref)                removing `math shift' on input line 1896.


Package hyperref Warning: Token not allowed in a PDF string (Unicode):
(hyperref)                removing `math shift' on input line 1899.


Package hyperref Warning: Token not allowed in a PDF string (Unicode):
(hyperref)                removing `\@@underline' on input line 1899.


Package hyperref Warning: Token not allowed in a PDF string (Unicode):
(hyperref)                removing `\hbox' on input line 1899.


Package hyperref Warning: Token not allowed in a PDF string (Unicode):
(hyperref)                removing `\mathsurround' on input line 1899.


Package hyperref Warning: Token not allowed in a PDF string (Unicode):
(hyperref)                removing `\z@' on input line 1899.


Package hyperref Warning: Token not allowed in a PDF string (Unicode):
(hyperref)                removing `math shift' on input line 1899.

<images/61.V.A.Exp.jpeg, id=2487, 3472.975pt x 1106.1325pt>
File: images/61.V.A.Exp.jpeg Graphic file (type jpg)
<use images/61.V.A.Exp.jpeg>
Package pdftex.def Info: images/61.V.A.Exp.jpeg  used on input line 1908.
(pdftex.def)             Requested size: 416.73903pt x 132.73016pt.
[73

 <./images/60.V.A.Unif.jpeg>]

Package hyperref Warning: Token not allowed in a PDF string (Unicode):
(hyperref)                removing `math shift' on input line 1917.


Package hyperref Warning: Token not allowed in a PDF string (Unicode):
(hyperref)                removing `\@@underline' on input line 1917.


Package hyperref Warning: Token not allowed in a PDF string (Unicode):
(hyperref)                removing `\hbox' on input line 1917.


Package hyperref Warning: Token not allowed in a PDF string (Unicode):
(hyperref)                removing `\mathsurround' on input line 1917.


Package hyperref Warning: Token not allowed in a PDF string (Unicode):
(hyperref)                removing `\z@' on input line 1917.


Package hyperref Warning: Token not allowed in a PDF string (Unicode):
(hyperref)                removing `math shift' on input line 1917.


Underfull \hbox (badness 10000) in paragraph at lines 1918--1924

 []


Package hyperref Warning: Token not allowed in a PDF string (Unicode):
(hyperref)                removing `math shift' on input line 1924.


Package hyperref Warning: Token not allowed in a PDF string (Unicode):
(hyperref)                removing `\@@underline' on input line 1924.


Package hyperref Warning: Token not allowed in a PDF string (Unicode):
(hyperref)                removing `\hbox' on input line 1924.


Package hyperref Warning: Token not allowed in a PDF string (Unicode):
(hyperref)                removing `\mathsurround' on input line 1924.


Package hyperref Warning: Token not allowed in a PDF string (Unicode):
(hyperref)                removing `\z@' on input line 1924.


Package hyperref Warning: Token not allowed in a PDF string (Unicode):
(hyperref)                removing `math shift' on input line 1924.


Package hyperref Warning: Token not allowed in a PDF string (Unicode):
(hyperref)                removing `math shift' on input line 1931.


Package hyperref Warning: Token not allowed in a PDF string (Unicode):
(hyperref)                removing `\@@underline' on input line 1931.


Package hyperref Warning: Token not allowed in a PDF string (Unicode):
(hyperref)                removing `\hbox' on input line 1931.


Package hyperref Warning: Token not allowed in a PDF string (Unicode):
(hyperref)                removing `\mathsurround' on input line 1931.


Package hyperref Warning: Token not allowed in a PDF string (Unicode):
(hyperref)                removing `\z@' on input line 1931.


Package hyperref Warning: Token not allowed in a PDF string (Unicode):
(hyperref)                removing `math shift' on input line 1931.


Underfull \hbox (badness 10000) in paragraph at lines 1932--1936

 []


Package hyperref Warning: Token not allowed in a PDF string (Unicode):
(hyperref)                removing `math shift' on input line 1937.


Package hyperref Warning: Token not allowed in a PDF string (Unicode):
(hyperref)                removing `\@@underline' on input line 1937.


Package hyperref Warning: Token not allowed in a PDF string (Unicode):
(hyperref)                removing `\hbox' on input line 1937.


Package hyperref Warning: Token not allowed in a PDF string (Unicode):
(hyperref)                removing `\mathsurround' on input line 1937.


Package hyperref Warning: Token not allowed in a PDF string (Unicode):
(hyperref)                removing `\z@' on input line 1937.


Package hyperref Warning: Token not allowed in a PDF string (Unicode):
(hyperref)                removing `math shift' on input line 1937.


Underfull \hbox (badness 10000) in paragraph at lines 1938--1948

 []

[74 <./images/61.V.A.Exp.jpeg>]
<images/62.V.A.GaussGen.jpeg, id=2498, 1708.3825pt x 1460.45625pt>
File: images/62.V.A.GaussGen.jpeg Graphic file (type jpg)
<use images/62.V.A.GaussGen.jpeg>
Package pdftex.def Info: images/62.V.A.GaussGen.jpeg  used on input line 1954.
(pdftex.def)             Requested size: 204.99706pt x 175.2472pt.


Package hyperref Warning: Token not allowed in a PDF string (Unicode):
(hyperref)                removing `math shift' on input line 1963.


Package hyperref Warning: Token not allowed in a PDF string (Unicode):
(hyperref)                removing `\@@underline' on input line 1963.


Package hyperref Warning: Token not allowed in a PDF string (Unicode):
(hyperref)                removing `\hbox' on input line 1963.


Package hyperref Warning: Token not allowed in a PDF string (Unicode):
(hyperref)                removing `\mathsurround' on input line 1963.


Package hyperref Warning: Token not allowed in a PDF string (Unicode):
(hyperref)                removing `\z@' on input line 1963.


Package hyperref Warning: Token not allowed in a PDF string (Unicode):
(hyperref)                removing `math shift' on input line 1963.

<images/63.V.A.GaussStand.jpeg, id=2499, 3180.88374pt x 1560.83125pt>
File: images/63.V.A.GaussStand.jpeg Graphic file (type jpg)
<use images/63.V.A.GaussStand.jpeg>
Package pdftex.def Info: images/63.V.A.GaussStand.jpeg  used on input line 1970
.
(pdftex.def)             Requested size: 318.10701pt x 156.09227pt.

Package hyperref Warning: Token not allowed in a PDF string (Unicode):
(hyperref)                removing `math shift' on input line 1972.


Package hyperref Warning: Token not allowed in a PDF string (Unicode):
(hyperref)                removing `\@@underline' on input line 1972.


Package hyperref Warning: Token not allowed in a PDF string (Unicode):
(hyperref)                removing `\hbox' on input line 1972.


Package hyperref Warning: Token not allowed in a PDF string (Unicode):
(hyperref)                removing `\mathsurround' on input line 1972.


Package hyperref Warning: Token not allowed in a PDF string (Unicode):
(hyperref)                removing `\z@' on input line 1972.


Package hyperref Warning: Token not allowed in a PDF string (Unicode):
(hyperref)                removing `math shift' on input line 1972.


Overfull \hbox (31.13081pt too wide) in paragraph at lines 1978--1978
|[]$[]$| 
 []


Package hyperref Warning: Token not allowed in a PDF string (Unicode):
(hyperref)                removing `math shift' on input line 1978.


Package hyperref Warning: Token not allowed in a PDF string (Unicode):
(hyperref)                removing `\@@underline' on input line 1978.


Package hyperref Warning: Token not allowed in a PDF string (Unicode):
(hyperref)                removing `\hbox' on input line 1978.


Package hyperref Warning: Token not allowed in a PDF string (Unicode):
(hyperref)                removing `\mathsurround' on input line 1978.


Package hyperref Warning: Token not allowed in a PDF string (Unicode):
(hyperref)                removing `\z@' on input line 1978.


Package hyperref Warning: Token not allowed in a PDF string (Unicode):
(hyperref)                removing `math shift' on input line 1978.


Underfull \hbox (badness 10000) in paragraph at lines 1979--1996

 []

[75 <./images/62.V.A.GaussGen.jpeg> <./images/63.V.A.GaussStand.jpeg>]

Package hyperref Warning: Token not allowed in a PDF string (Unicode):
(hyperref)                removing `math shift' on input line 1996.


Package hyperref Warning: Token not allowed in a PDF string (Unicode):
(hyperref)                removing `\@@underline' on input line 1996.


Package hyperref Warning: Token not allowed in a PDF string (Unicode):
(hyperref)                removing `\hbox' on input line 1996.


Package hyperref Warning: Token not allowed in a PDF string (Unicode):
(hyperref)                removing `\mathsurround' on input line 1996.


Package hyperref Warning: Token not allowed in a PDF string (Unicode):
(hyperref)                removing `\z@' on input line 1996.


Package hyperref Warning: Token not allowed in a PDF string (Unicode):
(hyperref)                removing `math shift' on input line 1996.


Underfull \hbox (badness 10000) in paragraph at lines 1997--2004

 []


Underfull \hbox (badness 10000) in paragraph at lines 1997--2004

 []


Package hyperref Warning: Token not allowed in a PDF string (Unicode):
(hyperref)                removing `math shift' on input line 2012.


Package hyperref Warning: Token not allowed in a PDF string (Unicode):
(hyperref)                removing `\@@underline' on input line 2012.


Package hyperref Warning: Token not allowed in a PDF string (Unicode):
(hyperref)                removing `\hbox' on input line 2012.


Package hyperref Warning: Token not allowed in a PDF string (Unicode):
(hyperref)                removing `\mathsurround' on input line 2012.


Package hyperref Warning: Token not allowed in a PDF string (Unicode):
(hyperref)                removing `\z@' on input line 2012.


Package hyperref Warning: Token not allowed in a PDF string (Unicode):
(hyperref)                removing `math shift' on input line 2012.


Package hyperref Warning: Token not allowed in a PDF string (Unicode):
(hyperref)                removing `math shift' on input line 2014.


Package hyperref Warning: Token not allowed in a PDF string (Unicode):
(hyperref)                removing `\@@underline' on input line 2014.


Package hyperref Warning: Token not allowed in a PDF string (Unicode):
(hyperref)                removing `\hbox' on input line 2014.


Package hyperref Warning: Token not allowed in a PDF string (Unicode):
(hyperref)                removing `\mathsurround' on input line 2014.


Package hyperref Warning: Token not allowed in a PDF string (Unicode):
(hyperref)                removing `\z@' on input line 2014.


Package hyperref Warning: Token not allowed in a PDF string (Unicode):
(hyperref)                removing `math shift' on input line 2014.


Package hyperref Warning: Token not allowed in a PDF string (Unicode):
(hyperref)                removing `math shift' on input line 2016.


Package hyperref Warning: Token not allowed in a PDF string (Unicode):
(hyperref)                removing `\@@underline' on input line 2016.


Package hyperref Warning: Token not allowed in a PDF string (Unicode):
(hyperref)                removing `\hbox' on input line 2016.


Package hyperref Warning: Token not allowed in a PDF string (Unicode):
(hyperref)                removing `\mathsurround' on input line 2016.


Package hyperref Warning: Token not allowed in a PDF string (Unicode):
(hyperref)                removing `\z@' on input line 2016.


Package hyperref Warning: Token not allowed in a PDF string (Unicode):
(hyperref)                removing `math shift' on input line 2016.


Package hyperref Warning: Token not allowed in a PDF string (Unicode):
(hyperref)                removing `math shift' on input line 2018.


Package hyperref Warning: Token not allowed in a PDF string (Unicode):
(hyperref)                removing `\@@underline' on input line 2018.


Package hyperref Warning: Token not allowed in a PDF string (Unicode):
(hyperref)                removing `\hbox' on input line 2018.


Package hyperref Warning: Token not allowed in a PDF string (Unicode):
(hyperref)                removing `\mathsurround' on input line 2018.


Package hyperref Warning: Token not allowed in a PDF string (Unicode):
(hyperref)                removing `\z@' on input line 2018.


Package hyperref Warning: Token not allowed in a PDF string (Unicode):
(hyperref)                removing `math shift' on input line 2018.


Package hyperref Warning: Token not allowed in a PDF string (Unicode):
(hyperref)                removing `math shift' on input line 2020.


Package hyperref Warning: Token not allowed in a PDF string (Unicode):
(hyperref)                removing `\@@underline' on input line 2020.


Package hyperref Warning: Token not allowed in a PDF string (Unicode):
(hyperref)                removing `\hbox' on input line 2020.


Package hyperref Warning: Token not allowed in a PDF string (Unicode):
(hyperref)                removing `\mathsurround' on input line 2020.


Package hyperref Warning: Token not allowed in a PDF string (Unicode):
(hyperref)                removing `\z@' on input line 2020.


Package hyperref Warning: Token not allowed in a PDF string (Unicode):
(hyperref)                removing `math shift' on input line 2020.

[76]
Overfull \hbox (109.86874pt too wide) in paragraph at lines 2029--2047
\OT1/cmr/m/n/10 Calcolo il de-ter-mi-nante: $\OMS/cmsy/m/n/10 j\OML/cmm/m/it/10
 J\OMS/cmsy/m/n/10 j \OT1/cmr/m/n/10 = \OML/cmm/m/it/10 r [][]\OT1/cmr/m/n/10 (
\OML/cmm/m/it/10 ^^R\OT1/cmr/m/n/10 ) + \OML/cmm/m/it/10 r [][]\OT1/cmr/m/n/10 
(\OML/cmm/m/it/10 ^^R\OT1/cmr/m/n/10 )$ che ri-con-ducen-doci all'identit^^Ra f
on-da-men-tale della trigonometria$[]$
 []


Underfull \hbox (badness 10000) in paragraph at lines 2029--2047

 []


Package hyperref Warning: Token not allowed in a PDF string (Unicode):
(hyperref)                removing `math shift' on input line 2054.


Package hyperref Warning: Token not allowed in a PDF string (Unicode):
(hyperref)                removing `\@@underline' on input line 2054.


Package hyperref Warning: Token not allowed in a PDF string (Unicode):
(hyperref)                removing `\hbox' on input line 2054.


Package hyperref Warning: Token not allowed in a PDF string (Unicode):
(hyperref)                removing `\mathsurround' on input line 2054.


Package hyperref Warning: Token not allowed in a PDF string (Unicode):
(hyperref)                removing `\z@' on input line 2054.


Package hyperref Warning: Token not allowed in a PDF string (Unicode):
(hyperref)                removing `math shift' on input line 2054.

<images/64.ModaBinDeltaNonInt.jpeg, id=2510, 2443.1275pt x 1829.83624pt>
File: images/64.ModaBinDeltaNonInt.jpeg Graphic file (type jpg)
<use images/64.ModaBinDeltaNonInt.jpeg>
Package pdftex.def Info: images/64.ModaBinDeltaNonInt.jpeg  used on input line 
2063.
(pdftex.def)             Requested size: 244.32706pt x 182.99434pt.
<images/65.ModaBinDeltaInt.jpeg, id=2511, 2591.6825pt x 1781.65625pt>
File: images/65.ModaBinDeltaInt.jpeg Graphic file (type jpg)
<use images/65.ModaBinDeltaInt.jpeg>
Package pdftex.def Info: images/65.ModaBinDeltaInt.jpeg  used on input line 206
8.
(pdftex.def)             Requested size: 259.18343pt x 178.17606pt.

Package hyperref Warning: Token not allowed in a PDF string (Unicode):
(hyperref)                removing `math shift' on input line 2070.


Package hyperref Warning: Token not allowed in a PDF string (Unicode):
(hyperref)                removing `\@@underline' on input line 2070.


Package hyperref Warning: Token not allowed in a PDF string (Unicode):
(hyperref)                removing `\hbox' on input line 2070.


Package hyperref Warning: Token not allowed in a PDF string (Unicode):
(hyperref)                removing `\mathsurround' on input line 2070.


Package hyperref Warning: Token not allowed in a PDF string (Unicode):
(hyperref)                removing `\z@' on input line 2070.


Package hyperref Warning: Token not allowed in a PDF string (Unicode):
(hyperref)                removing `math shift' on input line 2070.


Underfull \hbox (badness 10000) in paragraph at lines 2071--2078

 []

[77]

Package hyperref Warning: Token not allowed in a PDF string (Unicode):
(hyperref)                removing `math shift' on input line 2078.


Package hyperref Warning: Token not allowed in a PDF string (Unicode):
(hyperref)                removing `\@@underline' on input line 2078.


Package hyperref Warning: Token not allowed in a PDF string (Unicode):
(hyperref)                removing `\hbox' on input line 2078.


Package hyperref Warning: Token not allowed in a PDF string (Unicode):
(hyperref)                removing `\mathsurround' on input line 2078.


Package hyperref Warning: Token not allowed in a PDF string (Unicode):
(hyperref)                removing `\z@' on input line 2078.


Package hyperref Warning: Token not allowed in a PDF string (Unicode):
(hyperref)                removing `math shift' on input line 2078.


Package hyperref Warning: Token not allowed in a PDF string (Unicode):
(hyperref)                removing `math shift' on input line 2080.


Package hyperref Warning: Token not allowed in a PDF string (Unicode):
(hyperref)                removing `\@@underline' on input line 2080.


Package hyperref Warning: Token not allowed in a PDF string (Unicode):
(hyperref)                removing `\hbox' on input line 2080.


Package hyperref Warning: Token not allowed in a PDF string (Unicode):
(hyperref)                removing `\mathsurround' on input line 2080.


Package hyperref Warning: Token not allowed in a PDF string (Unicode):
(hyperref)                removing `\z@' on input line 2080.


Package hyperref Warning: Token not allowed in a PDF string (Unicode):
(hyperref)                removing `math shift' on input line 2080.


Package hyperref Warning: Token not allowed in a PDF string (Unicode):
(hyperref)                removing `math shift' on input line 2082.


Package hyperref Warning: Token not allowed in a PDF string (Unicode):
(hyperref)                removing `\@@underline' on input line 2082.


Package hyperref Warning: Token not allowed in a PDF string (Unicode):
(hyperref)                removing `\hbox' on input line 2082.


Package hyperref Warning: Token not allowed in a PDF string (Unicode):
(hyperref)                removing `\mathsurround' on input line 2082.


Package hyperref Warning: Token not allowed in a PDF string (Unicode):
(hyperref)                removing `\z@' on input line 2082.


Package hyperref Warning: Token not allowed in a PDF string (Unicode):
(hyperref)                removing `math shift' on input line 2082.


Package hyperref Warning: Token not allowed in a PDF string (Unicode):
(hyperref)                removing `math shift' on input line 2084.


Package hyperref Warning: Token not allowed in a PDF string (Unicode):
(hyperref)                removing `\@@underline' on input line 2084.


Package hyperref Warning: Token not allowed in a PDF string (Unicode):
(hyperref)                removing `\hbox' on input line 2084.


Package hyperref Warning: Token not allowed in a PDF string (Unicode):
(hyperref)                removing `\mathsurround' on input line 2084.


Package hyperref Warning: Token not allowed in a PDF string (Unicode):
(hyperref)                removing `\z@' on input line 2084.


Package hyperref Warning: Token not allowed in a PDF string (Unicode):
(hyperref)                removing `math shift' on input line 2084.

[78 <./images/64.ModaBinDeltaNonInt.jpeg> <./images/65.ModaBinDeltaInt.jpeg>]

Package hyperref Warning: Token not allowed in a PDF string (Unicode):
(hyperref)                removing `math shift' on input line 2087.


Package hyperref Warning: Token not allowed in a PDF string (Unicode):
(hyperref)                removing `\@@underline' on input line 2087.


Package hyperref Warning: Token not allowed in a PDF string (Unicode):
(hyperref)                removing `\hbox' on input line 2087.


Package hyperref Warning: Token not allowed in a PDF string (Unicode):
(hyperref)                removing `\mathsurround' on input line 2087.


Package hyperref Warning: Token not allowed in a PDF string (Unicode):
(hyperref)                removing `\z@' on input line 2087.


Package hyperref Warning: Token not allowed in a PDF string (Unicode):
(hyperref)                removing `math shift' on input line 2087.


Package hyperref Warning: Token not allowed in a PDF string (Unicode):
(hyperref)                removing `math shift' on input line 2100.


Package hyperref Warning: Token not allowed in a PDF string (Unicode):
(hyperref)                removing `\@@underline' on input line 2100.


Package hyperref Warning: Token not allowed in a PDF string (Unicode):
(hyperref)                removing `\hbox' on input line 2100.


Package hyperref Warning: Token not allowed in a PDF string (Unicode):
(hyperref)                removing `\mathsurround' on input line 2100.


Package hyperref Warning: Token not allowed in a PDF string (Unicode):
(hyperref)                removing `\z@' on input line 2100.


Package hyperref Warning: Token not allowed in a PDF string (Unicode):
(hyperref)                removing `math shift' on input line 2100.


Package hyperref Warning: Token not allowed in a PDF string (Unicode):
(hyperref)                removing `math shift' on input line 2112.


Package hyperref Warning: Token not allowed in a PDF string (Unicode):
(hyperref)                removing `\@@underline' on input line 2112.


Package hyperref Warning: Token not allowed in a PDF string (Unicode):
(hyperref)                removing `\hbox' on input line 2112.


Package hyperref Warning: Token not allowed in a PDF string (Unicode):
(hyperref)                removing `\mathsurround' on input line 2112.


Package hyperref Warning: Token not allowed in a PDF string (Unicode):
(hyperref)                removing `\z@' on input line 2112.


Package hyperref Warning: Token not allowed in a PDF string (Unicode):
(hyperref)                removing `math shift' on input line 2112.


Underfull \hbox (badness 10000) in paragraph at lines 2113--2126

 []

[79]

Package hyperref Warning: Token not allowed in a PDF string (Unicode):
(hyperref)                removing `math shift' on input line 2126.


Package hyperref Warning: Token not allowed in a PDF string (Unicode):
(hyperref)                removing `\@@underline' on input line 2126.


Package hyperref Warning: Token not allowed in a PDF string (Unicode):
(hyperref)                removing `\hbox' on input line 2126.


Package hyperref Warning: Token not allowed in a PDF string (Unicode):
(hyperref)                removing `\mathsurround' on input line 2126.


Package hyperref Warning: Token not allowed in a PDF string (Unicode):
(hyperref)                removing `\z@' on input line 2126.


Package hyperref Warning: Token not allowed in a PDF string (Unicode):
(hyperref)                removing `math shift' on input line 2126.


Package hyperref Warning: Token not allowed in a PDF string (Unicode):
(hyperref)                removing `math shift' on input line 2128.


Package hyperref Warning: Token not allowed in a PDF string (Unicode):
(hyperref)                removing `\@@underline' on input line 2128.


Package hyperref Warning: Token not allowed in a PDF string (Unicode):
(hyperref)                removing `\hbox' on input line 2128.


Package hyperref Warning: Token not allowed in a PDF string (Unicode):
(hyperref)                removing `\mathsurround' on input line 2128.


Package hyperref Warning: Token not allowed in a PDF string (Unicode):
(hyperref)                removing `\z@' on input line 2128.


Package hyperref Warning: Token not allowed in a PDF string (Unicode):
(hyperref)                removing `math shift' on input line 2128.

<images/66.PoissDeltMaggNonInt.jpeg, id=2527, 2451.1575pt x 1501.61pt>
File: images/66.PoissDeltMaggNonInt.jpeg Graphic file (type jpg)
<use images/66.PoissDeltMaggNonInt.jpeg>
Package pdftex.def Info: images/66.PoissDeltMaggNonInt.jpeg  used on input line
 2138.
(pdftex.def)             Requested size: 245.13011pt x 150.1698pt.
<images/67.PoissDeltMaggInt.jpeg, id=2528, 2496.32625pt x 2029.5825pt>
File: images/67.PoissDeltMaggInt.jpeg Graphic file (type jpg)
<use images/67.PoissDeltMaggInt.jpeg>
Package pdftex.def Info: images/67.PoissDeltMaggInt.jpeg  used on input line 21
47.
(pdftex.def)             Requested size: 249.64725pt x 202.97014pt.
<images/68.PoissDeltaMin.jpeg, id=2529, 1988.42876pt x 1393.205pt>
File: images/68.PoissDeltaMin.jpeg Graphic file (type jpg)
<use images/68.PoissDeltaMin.jpeg>
Package pdftex.def Info: images/68.PoissDeltaMin.jpeg  used on input line 2152.

(pdftex.def)             Requested size: 198.85452pt x 139.32866pt.
<ese/24.jpeg, id=2530, 2487.2925pt x 3545.245pt>
File: ese/24.jpeg Graphic file (type jpg)
<use ese/24.jpeg>
Package pdftex.def Info: ese/24.jpeg  used on input line 2160.
(pdftex.def)             Requested size: 323.35938pt x 460.89804pt.
<ese/24a.jpeg, id=2531, 2563.5775pt x 3544.24126pt>
File: ese/24a.jpeg Graphic file (type jpg)
<use ese/24a.jpeg>
Package pdftex.def Info: ese/24a.jpeg  used on input line 2164.
(pdftex.def)             Requested size: 256.37277pt x 354.44489pt.
<ese/24b.jpeg, id=2532, 3552.27126pt x 1258.7025pt>
File: ese/24b.jpeg Graphic file (type jpg)
<use ese/24b.jpeg>
Package pdftex.def Info: ese/24b.jpeg  used on input line 2168.
(pdftex.def)             Requested size: 355.24794pt x 125.87762pt.
<ese/24c.jpeg, id=2533, 3191.925pt x 2076.75874pt>
File: ese/24c.jpeg Graphic file (type jpg)
<use ese/24c.jpeg>
Package pdftex.def Info: ese/24c.jpeg  used on input line 2172.
(pdftex.def)             Requested size: 319.2112pt x 207.68803pt.
<ese/24d.jpeg, id=2534, 2562.57375pt x 3541.23pt>
File: ese/24d.jpeg Graphic file (type jpg)
<use ese/24d.jpeg>
Package pdftex.def Info: ese/24d.jpeg  used on input line 2176.
(pdftex.def)             Requested size: 256.27238pt x 354.14375pt.
<ese/24e.jpeg, id=2535, 2271.48625pt x 3262.1875pt>
File: ese/24e.jpeg Graphic file (type jpg)
<use ese/24e.jpeg>
Package pdftex.def Info: ese/24e.jpeg  used on input line 2180.
(pdftex.def)             Requested size: 227.16193pt x 326.23787pt.
<ese/24f.jpeg, id=2536, 3276.24pt x 737.75626pt>
File: ese/24f.jpeg Graphic file (type jpg)
<use ese/24f.jpeg>
Package pdftex.def Info: ese/24f.jpeg  used on input line 2184.
(pdftex.def)             Requested size: 327.64319pt x 73.77994pt.

Package hyperref Warning: Token not allowed in a PDF string (Unicode):
(hyperref)                removing `math shift' on input line 2188.


Package hyperref Warning: Token not allowed in a PDF string (Unicode):
(hyperref)                removing `\@@underline' on input line 2188.


Package hyperref Warning: Token not allowed in a PDF string (Unicode):
(hyperref)                removing `\hbox' on input line 2188.


Package hyperref Warning: Token not allowed in a PDF string (Unicode):
(hyperref)                removing `\mathsurround' on input line 2188.


Package hyperref Warning: Token not allowed in a PDF string (Unicode):
(hyperref)                removing `\z@' on input line 2188.


Package hyperref Warning: Token not allowed in a PDF string (Unicode):
(hyperref)                removing `math shift' on input line 2188.

<images/57.PrimoEsCap5_1.jpeg, id=2537, 2577.63pt x 1437.37pt>
File: images/57.PrimoEsCap5_1.jpeg Graphic file (type jpg)
<use images/57.PrimoEsCap5_1.jpeg>
Package pdftex.def Info: images/57.PrimoEsCap5_1.jpeg  used on input line 2192.

(pdftex.def)             Requested size: 257.7781pt x 143.74542pt.
<images/58.PrimoEsCap5_2.jpeg, id=2538, 2880.7625pt x 2003.485pt>
File: images/58.PrimoEsCap5_2.jpeg Graphic file (type jpg)
<use images/58.PrimoEsCap5_2.jpeg>
Package pdftex.def Info: images/58.PrimoEsCap5_2.jpeg  used on input line 2200.

(pdftex.def)             Requested size: 259.25743pt x 180.30586pt.

Underfull \hbox (badness 10000) in paragraph at lines 2189--2204

 []

[80 <./images/66.PoissDeltMaggNonInt.jpeg> <./images/67.PoissDeltMaggInt.jpeg>]

Underfull \hbox (badness 10000) in paragraph at lines 2214--2222

 []


Underfull \hbox (badness 10000) in paragraph at lines 2214--2222

 []


Underfull \hbox (badness 10000) in paragraph at lines 2214--2222

 []

<images/59.PrimoEsCap5_3.jpeg, id=2548, 2550.52875pt x 1356.06625pt>
File: images/59.PrimoEsCap5_3.jpeg Graphic file (type jpg)
<use images/59.PrimoEsCap5_3.jpeg>
Package pdftex.def Info: images/59.PrimoEsCap5_3.jpeg  used on input line 2238.

(pdftex.def)             Requested size: 229.53769pt x 122.0407pt.

Underfull \hbox (badness 10000) in paragraph at lines 2235--2240

 []

[81 <./images/68.PoissDeltaMin.jpeg>]

Package hyperref Warning: Token not allowed in a PDF string (Unicode):
(hyperref)                removing `math shift' on input line 2247.


Package hyperref Warning: Token not allowed in a PDF string (Unicode):
(hyperref)                removing `\@@underline' on input line 2247.


Package hyperref Warning: Token not allowed in a PDF string (Unicode):
(hyperref)                removing `\hbox' on input line 2247.


Package hyperref Warning: Token not allowed in a PDF string (Unicode):
(hyperref)                removing `\mathsurround' on input line 2247.


Package hyperref Warning: Token not allowed in a PDF string (Unicode):
(hyperref)                removing `\z@' on input line 2247.


Package hyperref Warning: Token not allowed in a PDF string (Unicode):
(hyperref)                removing `math shift' on input line 2247.

<ese/25.jpeg, id=2556, 2749.27126pt x 2563.5775pt>
File: ese/25.jpeg Graphic file (type jpg)
<use ese/25.jpeg>
Package pdftex.def Info: ese/25.jpeg  used on input line 2250.
(pdftex.def)             Requested size: 274.94324pt x 256.37277pt.
<ese/25a.jpeg, id=2557, 2995.19pt x 1003.75pt>
File: ese/25a.jpeg Graphic file (type jpg)
<use ese/25a.jpeg>
Package pdftex.def Info: ese/25a.jpeg  used on input line 2254.
(pdftex.def)             Requested size: 299.53654pt x 100.38087pt.

Package hyperref Warning: Token not allowed in a PDF string (Unicode):
(hyperref)                removing `math shift' on input line 2256.


Package hyperref Warning: Token not allowed in a PDF string (Unicode):
(hyperref)                removing `\@@underline' on input line 2256.


Package hyperref Warning: Token not allowed in a PDF string (Unicode):
(hyperref)                removing `\hbox' on input line 2256.


Package hyperref Warning: Token not allowed in a PDF string (Unicode):
(hyperref)                removing `\mathsurround' on input line 2256.


Package hyperref Warning: Token not allowed in a PDF string (Unicode):
(hyperref)                removing `\z@' on input line 2256.


Package hyperref Warning: Token not allowed in a PDF string (Unicode):
(hyperref)                removing `math shift' on input line 2256.

<ese/26.jpeg, id=2558, 2627.8175pt x 3043.37pt>
File: ese/26.jpeg Graphic file (type jpg)
<use ese/26.jpeg>
Package pdftex.def Info: ese/26.jpeg  used on input line 2259.
(pdftex.def)             Requested size: 420.4594pt x 486.94916pt.

Package hyperref Warning: Token not allowed in a PDF string (Unicode):
(hyperref)                removing `math shift' on input line 2261.


Package hyperref Warning: Token not allowed in a PDF string (Unicode):
(hyperref)                removing `\@@underline' on input line 2261.


Package hyperref Warning: Token not allowed in a PDF string (Unicode):
(hyperref)                removing `\hbox' on input line 2261.


Package hyperref Warning: Token not allowed in a PDF string (Unicode):
(hyperref)                removing `\mathsurround' on input line 2261.


Package hyperref Warning: Token not allowed in a PDF string (Unicode):
(hyperref)                removing `\z@' on input line 2261.


Package hyperref Warning: Token not allowed in a PDF string (Unicode):
(hyperref)                removing `math shift' on input line 2261.

<ese/27.jpeg, id=2559, 2530.45375pt x 3518.14375pt>
File: ese/27.jpeg Graphic file (type jpg)
<use ese/27.jpeg>
Package pdftex.def Info: ese/27.jpeg  used on input line 2264.
(pdftex.def)             Requested size: 253.0602pt x 351.83499pt.
<ese/27a.jpeg, id=2560, 3472.975pt x 974.64125pt>
File: ese/27a.jpeg Graphic file (type jpg)
<use ese/27a.jpeg>
Package pdftex.def Info: ese/27a.jpeg  used on input line 2268.
(pdftex.def)             Requested size: 347.31784pt x 97.46983pt.

Package hyperref Warning: Token not allowed in a PDF string (Unicode):
(hyperref)                removing `math shift' on input line 2270.


Package hyperref Warning: Token not allowed in a PDF string (Unicode):
(hyperref)                removing `\@@underline' on input line 2270.


Package hyperref Warning: Token not allowed in a PDF string (Unicode):
(hyperref)                removing `\hbox' on input line 2270.


Package hyperref Warning: Token not allowed in a PDF string (Unicode):
(hyperref)                removing `\mathsurround' on input line 2270.


Package hyperref Warning: Token not allowed in a PDF string (Unicode):
(hyperref)                removing `\z@' on input line 2270.


Package hyperref Warning: Token not allowed in a PDF string (Unicode):
(hyperref)                removing `math shift' on input line 2270.

<ese/28.jpeg, id=2561, 2697.07625pt x 3276.24pt>
File: ese/28.jpeg Graphic file (type jpg)
<use ese/28.jpeg>
Package pdftex.def Info: ese/28.jpeg  used on input line 2273.
(pdftex.def)             Requested size: 269.72342pt x 327.64319pt.
[82 <./ese/24.jpeg>]
<ese/28a.jpeg, id=2568, 2808.4925pt x 2097.8375pt>
File: ese/28a.jpeg Graphic file (type jpg)
<use ese/28a.jpeg>
Package pdftex.def Info: ese/28a.jpeg  used on input line 2277.
(pdftex.def)             Requested size: 280.8657pt x 209.79604pt.


Package hyperref Warning: Token not allowed in a PDF string (Unicode):
(hyperref)                removing `math shift' on input line 2279.


Package hyperref Warning: Token not allowed in a PDF string (Unicode):
(hyperref)                removing `\@@underline' on input line 2279.


Package hyperref Warning: Token not allowed in a PDF string (Unicode):
(hyperref)                removing `\hbox' on input line 2279.


Package hyperref Warning: Token not allowed in a PDF string (Unicode):
(hyperref)                removing `\mathsurround' on input line 2279.


Package hyperref Warning: Token not allowed in a PDF string (Unicode):
(hyperref)                removing `\z@' on input line 2279.


Package hyperref Warning: Token not allowed in a PDF string (Unicode):
(hyperref)                removing `math shift' on input line 2279.

<ese/29.jpeg, id=2569, 2275.50125pt x 3566.32375pt>
File: ese/29.jpeg Graphic file (type jpg)
<use ese/29.jpeg>
Package pdftex.def Info: ese/29.jpeg  used on input line 2282.
(pdftex.def)             Requested size: 227.56345pt x 356.65327pt.
<ese/29a.jpeg, id=2570, 2529.45pt x 2554.54375pt>
File: ese/29a.jpeg Graphic file (type jpg)
<use ese/29a.jpeg>
Package pdftex.def Info: ese/29a.jpeg  used on input line 2286.
(pdftex.def)             Requested size: 252.95981pt x 255.46935pt.

Package hyperref Warning: Token not allowed in a PDF string (Unicode):
(hyperref)                removing `math shift' on input line 2288.


Package hyperref Warning: Token not allowed in a PDF string (Unicode):
(hyperref)                removing `\@@underline' on input line 2288.


Package hyperref Warning: Token not allowed in a PDF string (Unicode):
(hyperref)                removing `\hbox' on input line 2288.


Package hyperref Warning: Token not allowed in a PDF string (Unicode):
(hyperref)                removing `\mathsurround' on input line 2288.


Package hyperref Warning: Token not allowed in a PDF string (Unicode):
(hyperref)                removing `\z@' on input line 2288.


Package hyperref Warning: Token not allowed in a PDF string (Unicode):
(hyperref)                removing `math shift' on input line 2288.

<ese/30.jpeg, id=2571, 2485.285pt x 1298.8525pt>
File: ese/30.jpeg Graphic file (type jpg)
<use ese/30.jpeg>
Package pdftex.def Info: ese/30.jpeg  used on input line 2291.
(pdftex.def)             Requested size: 248.54306pt x 129.89285pt.
<ese/30a.jpeg, id=2572, 2177.13374pt x 2403.98125pt>
File: ese/30a.jpeg Graphic file (type jpg)
<use ese/30a.jpeg>
Package pdftex.def Info: ese/30a.jpeg  used on input line 2295.
(pdftex.def)             Requested size: 217.72612pt x 240.4122pt.

Package hyperref Warning: Token not allowed in a PDF string (Unicode):
(hyperref)                removing `math shift' on input line 2297.


Package hyperref Warning: Token not allowed in a PDF string (Unicode):
(hyperref)                removing `\@@underline' on input line 2297.


Package hyperref Warning: Token not allowed in a PDF string (Unicode):
(hyperref)                removing `\hbox' on input line 2297.


Package hyperref Warning: Token not allowed in a PDF string (Unicode):
(hyperref)                removing `\mathsurround' on input line 2297.


Package hyperref Warning: Token not allowed in a PDF string (Unicode):
(hyperref)                removing `\z@' on input line 2297.


Package hyperref Warning: Token not allowed in a PDF string (Unicode):
(hyperref)                removing `math shift' on input line 2297.

<ese/31.jpeg, id=2573, 1737.49126pt x 997.7275pt>
File: ese/31.jpeg Graphic file (type jpg)
<use ese/31.jpeg>
Package pdftex.def Info: ese/31.jpeg  used on input line 2300.
(pdftex.def)             Requested size: 173.7593pt x 99.77858pt.
<ese/31a.jpeg, id=2574, 2302.6025pt x 2496.32625pt>
File: ese/31a.jpeg Graphic file (type jpg)
<use ese/31a.jpeg>
Package pdftex.def Info: ese/31a.jpeg  used on input line 2304.
(pdftex.def)             Requested size: 230.27374pt x 249.64725pt.

Package hyperref Warning: Token not allowed in a PDF string (Unicode):
(hyperref)                removing `math shift' on input line 2306.


Package hyperref Warning: Token not allowed in a PDF string (Unicode):
(hyperref)                removing `\@@underline' on input line 2306.


Package hyperref Warning: Token not allowed in a PDF string (Unicode):
(hyperref)                removing `\hbox' on input line 2306.


Package hyperref Warning: Token not allowed in a PDF string (Unicode):
(hyperref)                removing `\mathsurround' on input line 2306.


Package hyperref Warning: Token not allowed in a PDF string (Unicode):
(hyperref)                removing `\z@' on input line 2306.


Package hyperref Warning: Token not allowed in a PDF string (Unicode):
(hyperref)                removing `math shift' on input line 2306.

<ese/32.jpeg, id=2575, 2257.43375pt x 1108.14pt>
File: ese/32.jpeg Graphic file (type jpg)
<use ese/32.jpeg>
Package pdftex.def Info: ese/32.jpeg  used on input line 2309.
(pdftex.def)             Requested size: 225.75659pt x 110.82048pt.
<ese/32a.jpeg, id=2576, 3585.395pt x 1754.555pt>
File: ese/32a.jpeg Graphic file (type jpg)
<use ese/32a.jpeg>
Package pdftex.def Info: ese/32a.jpeg  used on input line 2313.
(pdftex.def)             Requested size: 358.5605pt x 175.46577pt.

Package hyperref Warning: Token not allowed in a PDF string (Unicode):
(hyperref)                removing `math shift' on input line 2315.


Package hyperref Warning: Token not allowed in a PDF string (Unicode):
(hyperref)                removing `\@@underline' on input line 2315.


Package hyperref Warning: Token not allowed in a PDF string (Unicode):
(hyperref)                removing `\hbox' on input line 2315.


Package hyperref Warning: Token not allowed in a PDF string (Unicode):
(hyperref)                removing `\mathsurround' on input line 2315.


Package hyperref Warning: Token not allowed in a PDF string (Unicode):
(hyperref)                removing `\z@' on input line 2315.


Package hyperref Warning: Token not allowed in a PDF string (Unicode):
(hyperref)                removing `math shift' on input line 2315.

<ese/33.jpeg, id=2577, 2657.93pt x 2526.43875pt>
File: ese/33.jpeg Graphic file (type jpg)
<use ese/33.jpeg>
Package pdftex.def Info: ese/33.jpeg  used on input line 2318.
(pdftex.def)             Requested size: 265.80856pt x 252.65868pt.
<ese/33a.jpeg, id=2578, 3793.17125pt x 1175.39125pt>
File: ese/33a.jpeg Graphic file (type jpg)
<use ese/33a.jpeg>
Package pdftex.def Info: ese/33a.jpeg  used on input line 2322.
(pdftex.def)             Requested size: 379.33936pt x 117.546pt.

Package hyperref Warning: Token not allowed in a PDF string (Unicode):
(hyperref)                removing `math shift' on input line 2324.


Package hyperref Warning: Token not allowed in a PDF string (Unicode):
(hyperref)                removing `\@@underline' on input line 2324.


Package hyperref Warning: Token not allowed in a PDF string (Unicode):
(hyperref)                removing `\hbox' on input line 2324.


Package hyperref Warning: Token not allowed in a PDF string (Unicode):
(hyperref)                removing `\mathsurround' on input line 2324.


Package hyperref Warning: Token not allowed in a PDF string (Unicode):
(hyperref)                removing `\z@' on input line 2324.


Package hyperref Warning: Token not allowed in a PDF string (Unicode):
(hyperref)                removing `math shift' on input line 2324.

<ese/34.jpeg, id=2579, 2667.9675pt x 3100.58376pt>
File: ese/34.jpeg Graphic file (type jpg)
<use ese/34.jpeg>
Package pdftex.def Info: ese/34.jpeg  used on input line 2327.
(pdftex.def)             Requested size: 266.81238pt x 310.07654pt.
<ese/34a.jpeg, id=2580, 2713.13625pt x 3661.68pt>
File: ese/34a.jpeg Graphic file (type jpg)
<use ese/34a.jpeg>
Package pdftex.def Info: ese/34a.jpeg  used on input line 2331.
(pdftex.def)             Requested size: 271.32951pt x 366.18945pt.

Package hyperref Warning: Token not allowed in a PDF string (Unicode):
(hyperref)                removing `math shift' on input line 2333.


Package hyperref Warning: Token not allowed in a PDF string (Unicode):
(hyperref)                removing `\@@underline' on input line 2333.


Package hyperref Warning: Token not allowed in a PDF string (Unicode):
(hyperref)                removing `\hbox' on input line 2333.


Package hyperref Warning: Token not allowed in a PDF string (Unicode):
(hyperref)                removing `\mathsurround' on input line 2333.


Package hyperref Warning: Token not allowed in a PDF string (Unicode):
(hyperref)                removing `\z@' on input line 2333.


Package hyperref Warning: Token not allowed in a PDF string (Unicode):
(hyperref)                removing `math shift' on input line 2333.

<ese/35.jpeg, id=2581, 2808.4925pt x 3677.74pt>
File: ese/35.jpeg Graphic file (type jpg)
<use ese/35.jpeg>
Package pdftex.def Info: ese/35.jpeg  used on input line 2336.
(pdftex.def)             Requested size: 280.8657pt x 367.79555pt.

Package hyperref Warning: Token not allowed in a PDF string (Unicode):
(hyperref)                removing `math shift' on input line 2338.


Package hyperref Warning: Token not allowed in a PDF string (Unicode):
(hyperref)                removing `\@@underline' on input line 2338.


Package hyperref Warning: Token not allowed in a PDF string (Unicode):
(hyperref)                removing `\hbox' on input line 2338.


Package hyperref Warning: Token not allowed in a PDF string (Unicode):
(hyperref)                removing `\mathsurround' on input line 2338.


Package hyperref Warning: Token not allowed in a PDF string (Unicode):
(hyperref)                removing `\z@' on input line 2338.


Package hyperref Warning: Token not allowed in a PDF string (Unicode):
(hyperref)                removing `math shift' on input line 2338.

<ese/36.jpeg, id=2582, 2901.84125pt x 2229.32875pt>
File: ese/36.jpeg Graphic file (type jpg)
<use ese/36.jpeg>
Package pdftex.def Info: ese/36.jpeg  used on input line 2341.
(pdftex.def)             Requested size: 290.20113pt x 222.94594pt.
[83 <./ese/24a.jpeg> <./ese/24b.jpeg>]

Package hyperref Warning: Token not allowed in a PDF string (Unicode):
(hyperref)                removing `math shift' on input line 2343.


Package hyperref Warning: Token not allowed in a PDF string (Unicode):
(hyperref)                removing `\@@underline' on input line 2343.


Package hyperref Warning: Token not allowed in a PDF string (Unicode):
(hyperref)                removing `\hbox' on input line 2343.


Package hyperref Warning: Token not allowed in a PDF string (Unicode):
(hyperref)                removing `\mathsurround' on input line 2343.


Package hyperref Warning: Token not allowed in a PDF string (Unicode):
(hyperref)                removing `\z@' on input line 2343.


Package hyperref Warning: Token not allowed in a PDF string (Unicode):
(hyperref)                removing `math shift' on input line 2343.

<ese/37.jpeg, id=2589, 2909.87125pt x 1701.35625pt>
File: ese/37.jpeg Graphic file (type jpg)
<use ese/37.jpeg>
Package pdftex.def Info: ese/37.jpeg  used on input line 2346.
(pdftex.def)             Requested size: 291.00417pt x 170.14558pt.
<ese/37a.jpeg, id=2590, 3505.095pt x 832.10875pt>
File: ese/37a.jpeg Graphic file (type jpg)
<use ese/37a.jpeg>
Package pdftex.def Info: ese/37a.jpeg  used on input line 2350.
(pdftex.def)             Requested size: 350.53003pt x 83.21574pt.

Package hyperref Warning: Token not allowed in a PDF string (Unicode):
(hyperref)                removing `math shift' on input line 2352.


Package hyperref Warning: Token not allowed in a PDF string (Unicode):
(hyperref)                removing `\@@underline' on input line 2352.


Package hyperref Warning: Token not allowed in a PDF string (Unicode):
(hyperref)                removing `\hbox' on input line 2352.


Package hyperref Warning: Token not allowed in a PDF string (Unicode):
(hyperref)                removing `\mathsurround' on input line 2352.


Package hyperref Warning: Token not allowed in a PDF string (Unicode):
(hyperref)                removing `\z@' on input line 2352.


Package hyperref Warning: Token not allowed in a PDF string (Unicode):
(hyperref)                removing `math shift' on input line 2352.

<ese/38.jpeg, id=2591, 2767.33875pt x 3674.72874pt>
File: ese/38.jpeg Graphic file (type jpg)
<use ese/38.jpeg>
Package pdftex.def Info: ese/38.jpeg  used on input line 2355.
(pdftex.def)             Requested size: 276.75009pt x 367.4944pt.

Package hyperref Warning: Token not allowed in a PDF string (Unicode):
(hyperref)                removing `math shift' on input line 2357.


Package hyperref Warning: Token not allowed in a PDF string (Unicode):
(hyperref)                removing `\@@underline' on input line 2357.


Package hyperref Warning: Token not allowed in a PDF string (Unicode):
(hyperref)                removing `\hbox' on input line 2357.


Package hyperref Warning: Token not allowed in a PDF string (Unicode):
(hyperref)                removing `\mathsurround' on input line 2357.


Package hyperref Warning: Token not allowed in a PDF string (Unicode):
(hyperref)                removing `\z@' on input line 2357.


Package hyperref Warning: Token not allowed in a PDF string (Unicode):
(hyperref)                removing `math shift' on input line 2357.

<ese/39.jpeg, id=2592, 2699.08376pt x 3434.8325pt>
File: ese/39.jpeg Graphic file (type jpg)
<use ese/39.jpeg>
Package pdftex.def Info: ese/39.jpeg  used on input line 2360.
(pdftex.def)             Requested size: 269.9242pt x 343.50337pt.
<ese/39a.jpeg, id=2593, 2644.88126pt x 3812.2425pt>
File: ese/39a.jpeg Graphic file (type jpg)
<use ese/39a.jpeg>
Package pdftex.def Info: ese/39a.jpeg  used on input line 2364.
(pdftex.def)             Requested size: 264.50362pt x 381.24658pt.
<ese/39b.jpeg, id=2594, 3513.125pt x 1477.52pt>
File: ese/39b.jpeg Graphic file (type jpg)
<use ese/39b.jpeg>
Package pdftex.def Info: ese/39b.jpeg  used on input line 2368.
(pdftex.def)             Requested size: 351.33308pt x 147.76065pt.

Package hyperref Warning: Token not allowed in a PDF string (Unicode):
(hyperref)                removing `math shift' on input line 2370.


Package hyperref Warning: Token not allowed in a PDF string (Unicode):
(hyperref)                removing `\@@underline' on input line 2370.


Package hyperref Warning: Token not allowed in a PDF string (Unicode):
(hyperref)                removing `\hbox' on input line 2370.


Package hyperref Warning: Token not allowed in a PDF string (Unicode):
(hyperref)                removing `\mathsurround' on input line 2370.


Package hyperref Warning: Token not allowed in a PDF string (Unicode):
(hyperref)                removing `\z@' on input line 2370.


Package hyperref Warning: Token not allowed in a PDF string (Unicode):
(hyperref)                removing `math shift' on input line 2370.

<ese/40.jpeg, id=2595, 2932.9575pt x 3038.35126pt>
File: ese/40.jpeg Graphic file (type jpg)
<use ese/40.jpeg>
Package pdftex.def Info: ese/40.jpeg  used on input line 2373.
(pdftex.def)             Requested size: 293.31293pt x 303.85292pt.

Package hyperref Warning: Token not allowed in a PDF string (Unicode):
(hyperref)                removing `math shift' on input line 2375.


Package hyperref Warning: Token not allowed in a PDF string (Unicode):
(hyperref)                removing `\@@underline' on input line 2375.


Package hyperref Warning: Token not allowed in a PDF string (Unicode):
(hyperref)                removing `\hbox' on input line 2375.


Package hyperref Warning: Token not allowed in a PDF string (Unicode):
(hyperref)                removing `\mathsurround' on input line 2375.


Package hyperref Warning: Token not allowed in a PDF string (Unicode):
(hyperref)                removing `\z@' on input line 2375.


Package hyperref Warning: Token not allowed in a PDF string (Unicode):
(hyperref)                removing `math shift' on input line 2375.

<ese/41.jpeg, id=2596, 2626.81375pt x 3669.71pt>
File: ese/41.jpeg Graphic file (type jpg)
<use ese/41.jpeg>
Package pdftex.def Info: ese/41.jpeg  used on input line 2378.
(pdftex.def)             Requested size: 262.69676pt x 366.99251pt.
<ese/41a.jpeg, id=2597, 2705.10625pt x 3585.395pt>
File: ese/41a.jpeg Graphic file (type jpg)
<use ese/41a.jpeg>
Package pdftex.def Info: ese/41a.jpeg  used on input line 2382.
(pdftex.def)             Requested size: 270.52647pt x 358.5605pt.
<images/69.VettAlea.jpeg, id=2598, 2999.205pt x 1005.7575pt>
File: images/69.VettAlea.jpeg Graphic file (type jpg)
<use images/69.VettAlea.jpeg>
Package pdftex.def Info: images/69.VettAlea.jpeg  used on input line 2392.
(pdftex.def)             Requested size: 479.88261pt x 160.92448pt.

Underfull \hbox (badness 10000) in paragraph at lines 2387--2402

 []


Overfull \hbox (7.7588pt too wide) in paragraph at lines 2387--2402
\OT1/cmr/m/n/10 Al con-trario delle trasfor-mazioni di V.A, dove sono legate fr
a di loro gra-zie ad una re-lazione matematica$[]$,
 []


Underfull \hbox (badness 10000) in paragraph at lines 2387--2402

 []


Underfull \hbox (badness 10000) in paragraph at lines 2387--2402

 []


Underfull \hbox (badness 10000) in paragraph at lines 2387--2402

 []


Underfull \hbox (badness 10000) in paragraph at lines 2387--2402

 []

[84 <./ese/24c.jpeg>]
Underfull \hbox (badness 10000) in paragraph at lines 2404--2408

 []


Underfull \hbox (badness 10000) in paragraph at lines 2410--2420

 []


Underfull \hbox (badness 10000) in paragraph at lines 2410--2420

 []

[85 <./ese/24d.jpeg>]
Underfull \hbox (badness 10000) in paragraph at lines 2423--2428

 []


Package hyperref Warning: Token not allowed in a PDF string (Unicode):
(hyperref)                removing `math shift' on input line 2428.


Package hyperref Warning: Token not allowed in a PDF string (Unicode):
(hyperref)                removing `\@@underline' on input line 2428.


Package hyperref Warning: Token not allowed in a PDF string (Unicode):
(hyperref)                removing `\hbox' on input line 2428.


Package hyperref Warning: Token not allowed in a PDF string (Unicode):
(hyperref)                removing `\mathsurround' on input line 2428.


Package hyperref Warning: Token not allowed in a PDF string (Unicode):
(hyperref)                removing `\z@' on input line 2428.


Package hyperref Warning: Token not allowed in a PDF string (Unicode):
(hyperref)                removing `math shift' on input line 2428.

<images/70.Prop1CDFVettA.jpeg, id=2610, 2678.005pt x 1983.41pt>
File: images/70.Prop1CDFVettA.jpeg Graphic file (type jpg)
<use images/70.Prop1CDFVettA.jpeg>
Package pdftex.def Info: images/70.Prop1CDFVettA.jpeg  used on input line 2433.

(pdftex.def)             Requested size: 428.48956pt x 317.35208pt.

Package hyperref Warning: Token not allowed in a PDF string (Unicode):
(hyperref)                removing `math shift' on input line 2440.


Package hyperref Warning: Token not allowed in a PDF string (Unicode):
(hyperref)                removing `\@@underline' on input line 2440.


Package hyperref Warning: Token not allowed in a PDF string (Unicode):
(hyperref)                removing `\hbox' on input line 2440.


Package hyperref Warning: Token not allowed in a PDF string (Unicode):
(hyperref)                removing `\mathsurround' on input line 2440.


Package hyperref Warning: Token not allowed in a PDF string (Unicode):
(hyperref)                removing `\z@' on input line 2440.


Package hyperref Warning: Token not allowed in a PDF string (Unicode):
(hyperref)                removing `math shift' on input line 2440.

<images/71.Prop2CDFVettA.jpeg, id=2611, 2882.77pt x 2480.26625pt>
File: images/71.Prop2CDFVettA.jpeg Graphic file (type jpg)
<use images/71.Prop2CDFVettA.jpeg>
Package pdftex.def Info: images/71.Prop2CDFVettA.jpeg  used on input line 2443.

(pdftex.def)             Requested size: 461.25262pt x 396.85071pt.
[86 <./ese/24e.jpeg> <./ese/24f.jpeg>]
<images/72.Prop6CDFVettA.jpeg, id=2622, 2404.985pt x 1412.27625pt>
File: images/72.Prop6CDFVettA.jpeg Graphic file (type jpg)
<use images/72.Prop6CDFVettA.jpeg>
Package pdftex.def Info: images/72.Prop6CDFVettA.jpeg  used on input line 2473.

(pdftex.def)             Requested size: 480.98848pt x 282.45024pt.

Underfull \hbox (badness 10000) in paragraph at lines 2462--2475

 []


Underfull \hbox (badness 10000) in paragraph at lines 2462--2475

 []


Underfull \hbox (badness 10000) in paragraph at lines 2462--2475

 []


Underfull \hbox (badness 10000) in paragraph at lines 2462--2475

 []


Underfull \hbox (badness 10000) in paragraph at lines 2462--2475

 []

<images/73.Prop7CDFVettA.jpeg, id=2623, 3815.25375pt x 2188.175pt>
File: images/73.Prop7CDFVettA.jpeg Graphic file (type jpg)
<use images/73.Prop7CDFVettA.jpeg>
Package pdftex.def Info: images/73.Prop7CDFVettA.jpeg  used on input line 2478.

(pdftex.def)             Requested size: 457.8107pt x 262.56967pt.
[87 <./images/57.PrimoEsCap5_1.jpeg> <./images/58.PrimoEsCap5_2.jpeg>]

Package hyperref Warning: Token not allowed in a PDF string (Unicode):
(hyperref)                removing `math shift' on input line 2482.


Package hyperref Warning: Token not allowed in a PDF string (Unicode):
(hyperref)                removing `\@@underline' on input line 2482.


Package hyperref Warning: Token not allowed in a PDF string (Unicode):
(hyperref)                removing `\hbox' on input line 2482.


Package hyperref Warning: Token not allowed in a PDF string (Unicode):
(hyperref)                removing `\mathsurround' on input line 2482.


Package hyperref Warning: Token not allowed in a PDF string (Unicode):
(hyperref)                removing `\z@' on input line 2482.


Package hyperref Warning: Token not allowed in a PDF string (Unicode):
(hyperref)                removing `math shift' on input line 2482.


Underfull \hbox (badness 10000) in paragraph at lines 2494--2497

 []


Overfull \hbox (2.99487pt too wide) in paragraph at lines 2499--2499
|[]$[]$| 
 []


Package hyperref Warning: Token not allowed in a PDF string (Unicode):
(hyperref)                removing `math shift' on input line 2499.


Package hyperref Warning: Token not allowed in a PDF string (Unicode):
(hyperref)                removing `\@@underline' on input line 2499.


Package hyperref Warning: Token not allowed in a PDF string (Unicode):
(hyperref)                removing `\hbox' on input line 2499.


Package hyperref Warning: Token not allowed in a PDF string (Unicode):
(hyperref)                removing `\mathsurround' on input line 2499.


Package hyperref Warning: Token not allowed in a PDF string (Unicode):
(hyperref)                removing `\z@' on input line 2499.


Package hyperref Warning: Token not allowed in a PDF string (Unicode):
(hyperref)                removing `math shift' on input line 2499.

<images/74.VettAleaDisc1.jpeg, id=2634, 2637.855pt x 2103.86pt>
File: images/74.VettAleaDisc1.jpeg Graphic file (type jpg)
<use images/74.VettAleaDisc1.jpeg>
Package pdftex.def Info: images/74.VettAleaDisc1.jpeg  used on input line 2503.

(pdftex.def)             Requested size: 422.06543pt x 336.62448pt.
[88 <./images/59.PrimoEsCap5_3.jpeg> <./ese/25.jpeg>]
<images/75.VettAleaDisc2.jpeg, id=2642, 2393.94376pt x 2014.52625pt>
File: images/75.VettAleaDisc2.jpeg Graphic file (type jpg)
<use images/75.VettAleaDisc2.jpeg>
Package pdftex.def Info: images/75.VettAleaDisc2.jpeg  used on input line 2521.

(pdftex.def)             Requested size: 383.03883pt x 322.3308pt.

Underfull \hbox (badness 10000) in paragraph at lines 2507--2523

 []


Underfull \hbox (badness 10000) in paragraph at lines 2507--2523

 []


Underfull \hbox (badness 10000) in paragraph at lines 2507--2523

 []


Underfull \hbox (badness 10000) in paragraph at lines 2507--2523

 []


Package hyperref Warning: Token not allowed in a PDF string (Unicode):
(hyperref)                removing `math shift' on input line 2523.


Package hyperref Warning: Token not allowed in a PDF string (Unicode):
(hyperref)                removing `\@@underline' on input line 2523.


Package hyperref Warning: Token not allowed in a PDF string (Unicode):
(hyperref)                removing `\hbox' on input line 2523.


Package hyperref Warning: Token not allowed in a PDF string (Unicode):
(hyperref)                removing `\mathsurround' on input line 2523.


Package hyperref Warning: Token not allowed in a PDF string (Unicode):
(hyperref)                removing `\z@' on input line 2523.


Package hyperref Warning: Token not allowed in a PDF string (Unicode):
(hyperref)                removing `math shift' on input line 2523.

<ese/42.jpeg, id=2643, 2547.5175pt x 2115.905pt>
File: ese/42.jpeg Graphic file (type jpg)
<use ese/42.jpeg>
Package pdftex.def Info: ese/42.jpeg  used on input line 2526.
(pdftex.def)             Requested size: 356.65002pt x 296.22469pt.

Package hyperref Warning: Token not allowed in a PDF string (Unicode):
(hyperref)                removing `math shift' on input line 2528.


Package hyperref Warning: Token not allowed in a PDF string (Unicode):
(hyperref)                removing `\@@underline' on input line 2528.


Package hyperref Warning: Token not allowed in a PDF string (Unicode):
(hyperref)                removing `\hbox' on input line 2528.


Package hyperref Warning: Token not allowed in a PDF string (Unicode):
(hyperref)                removing `\mathsurround' on input line 2528.


Package hyperref Warning: Token not allowed in a PDF string (Unicode):
(hyperref)                removing `\z@' on input line 2528.


Package hyperref Warning: Token not allowed in a PDF string (Unicode):
(hyperref)                removing `math shift' on input line 2528.

<ese/43.jpeg, id=2644, 2454.16875pt x 1598.97375pt>
File: ese/43.jpeg Graphic file (type jpg)
<use ese/43.jpeg>
Package pdftex.def Info: ese/43.jpeg  used on input line 2531.
(pdftex.def)             Requested size: 343.58128pt x 223.8548pt.
<images/76.CDF_Cong_Cont.jpeg, id=2645, 2001.4775pt x 2021.5525pt>
File: images/76.CDF_Cong_Cont.jpeg Graphic file (type jpg)
<use images/76.CDF_Cong_Cont.jpeg>
Package pdftex.def Info: images/76.CDF_Cong_Cont.jpeg  used on input line 2546.

(pdftex.def)             Requested size: 200.15947pt x 202.16708pt.
<images/77.CDF_Marg_Cont.jpeg, id=2646, 2703.09875pt x 1933.2225pt>
File: images/77.CDF_Marg_Cont.jpeg Graphic file (type jpg)
<use images/77.CDF_Marg_Cont.jpeg>
Package pdftex.def Info: images/77.CDF_Marg_Cont.jpeg  used on input line 2551.

(pdftex.def)             Requested size: 324.35786pt x 231.97668pt.

Underfull \hbox (badness 10000) in paragraph at lines 2540--2553

 []


Package hyperref Warning: Token not allowed in a PDF string (Unicode):
(hyperref)                removing `math shift' on input line 2553.


Package hyperref Warning: Token not allowed in a PDF string (Unicode):
(hyperref)                removing `\@@underline' on input line 2553.


Package hyperref Warning: Token not allowed in a PDF string (Unicode):
(hyperref)                removing `\hbox' on input line 2553.


Package hyperref Warning: Token not allowed in a PDF string (Unicode):
(hyperref)                removing `math shift' on input line 2553.


Package hyperref Warning: Token not allowed in a PDF string (Unicode):
(hyperref)                removing `\geq' on input line 2553.


Package hyperref Warning: Token not allowed in a PDF string (Unicode):
(hyperref)                removing `math shift' on input line 2553.


Package hyperref Warning: Token not allowed in a PDF string (Unicode):
(hyperref)                removing `\mathsurround' on input line 2553.


Package hyperref Warning: Token not allowed in a PDF string (Unicode):
(hyperref)                removing `\z@' on input line 2553.


Package hyperref Warning: Token not allowed in a PDF string (Unicode):
(hyperref)                removing `math shift' on input line 2553.


Underfull \hbox (badness 10000) in paragraph at lines 2554--2562

 []


Underfull \hbox (badness 10000) in paragraph at lines 2554--2562

 []


Underfull \hbox (badness 10000) in paragraph at lines 2554--2562

 []

[89 <./ese/25a.jpeg>]

Package hyperref Warning: Token not allowed in a PDF string (Unicode):
(hyperref)                removing `math shift' on input line 2562.


Package hyperref Warning: Token not allowed in a PDF string (Unicode):
(hyperref)                removing `\@@underline' on input line 2562.


Package hyperref Warning: Token not allowed in a PDF string (Unicode):
(hyperref)                removing `\hbox' on input line 2562.


Package hyperref Warning: Token not allowed in a PDF string (Unicode):
(hyperref)                removing `\mathsurround' on input line 2562.


Package hyperref Warning: Token not allowed in a PDF string (Unicode):
(hyperref)                removing `\z@' on input line 2562.


Package hyperref Warning: Token not allowed in a PDF string (Unicode):
(hyperref)                removing `math shift' on input line 2562.

<images/78.CalcoloProbPDFCong.jpeg, id=2652, 3334.4575pt x 1426.32875pt>
File: images/78.CalcoloProbPDFCong.jpeg Graphic file (type jpg)
<use images/78.CalcoloProbPDFCong.jpeg>
Package pdftex.def Info: images/78.CalcoloProbPDFCong.jpeg  used on input line 
2565.
(pdftex.def)             Requested size: 466.82088pt x 199.68466pt.

Underfull \hbox (badness 10000) in paragraph at lines 2567--2573

 []


Underfull \hbox (badness 10000) in paragraph at lines 2567--2573

 []

[90 <./ese/26.jpeg>]
Overfull \hbox (0.89766pt too wide) in paragraph at lines 2573--2573
|[]$[]$| 
 []


Package hyperref Warning: Token not allowed in a PDF string (Unicode):
(hyperref)                removing `math shift' on input line 2573.


Package hyperref Warning: Token not allowed in a PDF string (Unicode):
(hyperref)                removing `\@@underline' on input line 2573.


Package hyperref Warning: Token not allowed in a PDF string (Unicode):
(hyperref)                removing `\hbox' on input line 2573.


Package hyperref Warning: Token not allowed in a PDF string (Unicode):
(hyperref)                removing `\mathsurround' on input line 2573.


Package hyperref Warning: Token not allowed in a PDF string (Unicode):
(hyperref)                removing `\z@' on input line 2573.


Package hyperref Warning: Token not allowed in a PDF string (Unicode):
(hyperref)                removing `math shift' on input line 2573.

<images/79.Prob_VA_inDom.jpeg, id=2659, 2445.135pt x 1517.67pt>
File: images/79.Prob_VA_inDom.jpeg Graphic file (type jpg)
<use images/79.Prob_VA_inDom.jpeg>
Package pdftex.def Info: images/79.Prob_VA_inDom.jpeg  used on input line 2576.

(pdftex.def)             Requested size: 342.31656pt x 212.47235pt.

Package hyperref Warning: Token not allowed in a PDF string (Unicode):
(hyperref)                removing `math shift' on input line 2580.


Package hyperref Warning: Token not allowed in a PDF string (Unicode):
(hyperref)                removing `\@@underline' on input line 2580.


Package hyperref Warning: Token not allowed in a PDF string (Unicode):
(hyperref)                removing `\hbox' on input line 2580.


Package hyperref Warning: Token not allowed in a PDF string (Unicode):
(hyperref)                removing `\mathsurround' on input line 2580.


Package hyperref Warning: Token not allowed in a PDF string (Unicode):
(hyperref)                removing `\z@' on input line 2580.


Package hyperref Warning: Token not allowed in a PDF string (Unicode):
(hyperref)                removing `math shift' on input line 2580.


Package hyperref Warning: Token not allowed in a PDF string (Unicode):
(hyperref)                removing `math shift' on input line 2582.


Package hyperref Warning: Token not allowed in a PDF string (Unicode):
(hyperref)                removing `\@@underline' on input line 2582.


Package hyperref Warning: Token not allowed in a PDF string (Unicode):
(hyperref)                removing `\hbox' on input line 2582.


Package hyperref Warning: Token not allowed in a PDF string (Unicode):
(hyperref)                removing `\mathsurround' on input line 2582.


Package hyperref Warning: Token not allowed in a PDF string (Unicode):
(hyperref)                removing `\z@' on input line 2582.


Package hyperref Warning: Token not allowed in a PDF string (Unicode):
(hyperref)                removing `math shift' on input line 2582.


Package hyperref Warning: Token not allowed in a PDF string (Unicode):
(hyperref)                removing `math shift' on input line 2584.


Package hyperref Warning: Token not allowed in a PDF string (Unicode):
(hyperref)                removing `\@@underline' on input line 2584.


Package hyperref Warning: Token not allowed in a PDF string (Unicode):
(hyperref)                removing `\hbox' on input line 2584.


Package hyperref Warning: Token not allowed in a PDF string (Unicode):
(hyperref)                removing `math shift' on input line 2584.


Package hyperref Warning: Token not allowed in a PDF string (Unicode):
(hyperref)                removing `math shift' on input line 2584.


Package hyperref Warning: Token not allowed in a PDF string (Unicode):
(hyperref)                removing `\mathsurround' on input line 2584.


Package hyperref Warning: Token not allowed in a PDF string (Unicode):
(hyperref)                removing `\z@' on input line 2584.


Package hyperref Warning: Token not allowed in a PDF string (Unicode):
(hyperref)                removing `math shift' on input line 2584.

[91 <./ese/27.jpeg> <./ese/27a.jpeg>]

Package hyperref Warning: Token not allowed in a PDF string (Unicode):
(hyperref)                removing `math shift' on input line 2586.


Package hyperref Warning: Token not allowed in a PDF string (Unicode):
(hyperref)                removing `\@@underline' on input line 2586.


Package hyperref Warning: Token not allowed in a PDF string (Unicode):
(hyperref)                removing `\hbox' on input line 2586.


Package hyperref Warning: Token not allowed in a PDF string (Unicode):
(hyperref)                removing `math shift' on input line 2586.


Package hyperref Warning: Token not allowed in a PDF string (Unicode):
(hyperref)                removing `math shift' on input line 2586.


Package hyperref Warning: Token not allowed in a PDF string (Unicode):
(hyperref)                removing `\mathsurround' on input line 2586.


Package hyperref Warning: Token not allowed in a PDF string (Unicode):
(hyperref)                removing `\z@' on input line 2586.


Package hyperref Warning: Token not allowed in a PDF string (Unicode):
(hyperref)                removing `math shift' on input line 2586.


Package hyperref Warning: Token not allowed in a PDF string (Unicode):
(hyperref)                removing `math shift' on input line 2588.


Package hyperref Warning: Token not allowed in a PDF string (Unicode):
(hyperref)                removing `\@@underline' on input line 2588.


Package hyperref Warning: Token not allowed in a PDF string (Unicode):
(hyperref)                removing `\hbox' on input line 2588.


Package hyperref Warning: Token not allowed in a PDF string (Unicode):
(hyperref)                removing `math shift' on input line 2588.


Package hyperref Warning: Token not allowed in a PDF string (Unicode):
(hyperref)                removing `math shift' on input line 2588.


Package hyperref Warning: Token not allowed in a PDF string (Unicode):
(hyperref)                removing `\mathsurround' on input line 2588.


Package hyperref Warning: Token not allowed in a PDF string (Unicode):
(hyperref)                removing `\z@' on input line 2588.


Package hyperref Warning: Token not allowed in a PDF string (Unicode):
(hyperref)                removing `math shift' on input line 2588.


Package hyperref Warning: Token not allowed in a PDF string (Unicode):
(hyperref)                removing `math shift' on input line 2590.


Package hyperref Warning: Token not allowed in a PDF string (Unicode):
(hyperref)                removing `\@@underline' on input line 2590.


Package hyperref Warning: Token not allowed in a PDF string (Unicode):
(hyperref)                removing `\hbox' on input line 2590.


Package hyperref Warning: Token not allowed in a PDF string (Unicode):
(hyperref)                removing `math shift' on input line 2590.


Package hyperref Warning: Token not allowed in a PDF string (Unicode):
(hyperref)                removing `math shift' on input line 2590.


Package hyperref Warning: Token not allowed in a PDF string (Unicode):
(hyperref)                removing `\mathsurround' on input line 2590.


Package hyperref Warning: Token not allowed in a PDF string (Unicode):
(hyperref)                removing `\z@' on input line 2590.


Package hyperref Warning: Token not allowed in a PDF string (Unicode):
(hyperref)                removing `math shift' on input line 2590.


Underfull \hbox (badness 10000) in paragraph at lines 2594--2600

 []


Underfull \hbox (badness 10000) in paragraph at lines 2594--2600

 []


Underfull \hbox (badness 10000) in paragraph at lines 2594--2600

 []


Package hyperref Warning: Token not allowed in a PDF string (Unicode):
(hyperref)                removing `math shift' on input line 2600.


Package hyperref Warning: Token not allowed in a PDF string (Unicode):
(hyperref)                removing `\@@underline' on input line 2600.


Package hyperref Warning: Token not allowed in a PDF string (Unicode):
(hyperref)                removing `\hbox' on input line 2600.


Package hyperref Warning: Token not allowed in a PDF string (Unicode):
(hyperref)                removing `\mathsurround' on input line 2600.


Package hyperref Warning: Token not allowed in a PDF string (Unicode):
(hyperref)                removing `\z@' on input line 2600.


Package hyperref Warning: Token not allowed in a PDF string (Unicode):
(hyperref)                removing `math shift' on input line 2600.


Underfull \hbox (badness 10000) in paragraph at lines 2601--2605

 []

[92 <./ese/28.jpeg>]

Package hyperref Warning: Token not allowed in a PDF string (Unicode):
(hyperref)                removing `math shift' on input line 2605.


Package hyperref Warning: Token not allowed in a PDF string (Unicode):
(hyperref)                removing `\@@underline' on input line 2605.


Package hyperref Warning: Token not allowed in a PDF string (Unicode):
(hyperref)                removing `\hbox' on input line 2605.


Package hyperref Warning: Token not allowed in a PDF string (Unicode):
(hyperref)                removing `\mathsurround' on input line 2605.


Package hyperref Warning: Token not allowed in a PDF string (Unicode):
(hyperref)                removing `\z@' on input line 2605.


Package hyperref Warning: Token not allowed in a PDF string (Unicode):
(hyperref)                removing `math shift' on input line 2605.


Underfull \hbox (badness 10000) in paragraph at lines 2606--2612

 []


Package hyperref Warning: Token not allowed in a PDF string (Unicode):
(hyperref)                removing `math shift' on input line 2612.


Package hyperref Warning: Token not allowed in a PDF string (Unicode):
(hyperref)                removing `\@@underline' on input line 2612.


Package hyperref Warning: Token not allowed in a PDF string (Unicode):
(hyperref)                removing `\hbox' on input line 2612.


Package hyperref Warning: Token not allowed in a PDF string (Unicode):
(hyperref)                removing `\mathsurround' on input line 2612.


Package hyperref Warning: Token not allowed in a PDF string (Unicode):
(hyperref)                removing `\z@' on input line 2612.


Package hyperref Warning: Token not allowed in a PDF string (Unicode):
(hyperref)                removing `math shift' on input line 2612.


Package hyperref Warning: Token not allowed in a PDF string (Unicode):
(hyperref)                removing `math shift' on input line 2614.


Package hyperref Warning: Token not allowed in a PDF string (Unicode):
(hyperref)                removing `\@@underline' on input line 2614.


Package hyperref Warning: Token not allowed in a PDF string (Unicode):
(hyperref)                removing `\hbox' on input line 2614.


Package hyperref Warning: Token not allowed in a PDF string (Unicode):
(hyperref)                removing `\mathsurround' on input line 2614.


Package hyperref Warning: Token not allowed in a PDF string (Unicode):
(hyperref)                removing `\z@' on input line 2614.


Package hyperref Warning: Token not allowed in a PDF string (Unicode):
(hyperref)                removing `math shift' on input line 2614.


Package hyperref Warning: Token not allowed in a PDF string (Unicode):
(hyperref)                removing `math shift' on input line 2616.


Package hyperref Warning: Token not allowed in a PDF string (Unicode):
(hyperref)                removing `\@@underline' on input line 2616.


Package hyperref Warning: Token not allowed in a PDF string (Unicode):
(hyperref)                removing `\hbox' on input line 2616.


Package hyperref Warning: Token not allowed in a PDF string (Unicode):
(hyperref)                removing `\mathsurround' on input line 2616.


Package hyperref Warning: Token not allowed in a PDF string (Unicode):
(hyperref)                removing `\z@' on input line 2616.


Package hyperref Warning: Token not allowed in a PDF string (Unicode):
(hyperref)                removing `math shift' on input line 2616.


Package hyperref Warning: Token not allowed in a PDF string (Unicode):
(hyperref)                removing `math shift' on input line 2618.


Package hyperref Warning: Token not allowed in a PDF string (Unicode):
(hyperref)                removing `\@@underline' on input line 2618.


Package hyperref Warning: Token not allowed in a PDF string (Unicode):
(hyperref)                removing `\hbox' on input line 2618.


Package hyperref Warning: Token not allowed in a PDF string (Unicode):
(hyperref)                removing `\mathsurround' on input line 2618.


Package hyperref Warning: Token not allowed in a PDF string (Unicode):
(hyperref)                removing `\z@' on input line 2618.


Package hyperref Warning: Token not allowed in a PDF string (Unicode):
(hyperref)                removing `math shift' on input line 2618.


Underfull \hbox (badness 10000) in paragraph at lines 2619--2622

 []


Package hyperref Warning: Token not allowed in a PDF string (Unicode):
(hyperref)                removing `math shift' on input line 2622.


Package hyperref Warning: Token not allowed in a PDF string (Unicode):
(hyperref)                removing `\@@underline' on input line 2622.


Package hyperref Warning: Token not allowed in a PDF string (Unicode):
(hyperref)                removing `\hbox' on input line 2622.


Package hyperref Warning: Token not allowed in a PDF string (Unicode):
(hyperref)                removing `\mathsurround' on input line 2622.


Package hyperref Warning: Token not allowed in a PDF string (Unicode):
(hyperref)                removing `\z@' on input line 2622.


Package hyperref Warning: Token not allowed in a PDF string (Unicode):
(hyperref)                removing `math shift' on input line 2622.


Underfull \hbox (badness 10000) in paragraph at lines 2623--2631

 []

[93 <./ese/28a.jpeg>]

Package hyperref Warning: Token not allowed in a PDF string (Unicode):
(hyperref)                removing `math shift' on input line 2631.


Package hyperref Warning: Token not allowed in a PDF string (Unicode):
(hyperref)                removing `\@@underline' on input line 2631.


Package hyperref Warning: Token not allowed in a PDF string (Unicode):
(hyperref)                removing `\hbox' on input line 2631.


Package hyperref Warning: Token not allowed in a PDF string (Unicode):
(hyperref)                removing `math shift' on input line 2631.


Package hyperref Warning: Token not allowed in a PDF string (Unicode):
(hyperref)                removing `math shift' on input line 2631.


Package hyperref Warning: Token not allowed in a PDF string (Unicode):
(hyperref)                removing `math shift' on input line 2631.


Package hyperref Warning: Token not allowed in a PDF string (Unicode):
(hyperref)                removing `math shift' on input line 2631.


Package hyperref Warning: Token not allowed in a PDF string (Unicode):
(hyperref)                removing `\mathsurround' on input line 2631.


Package hyperref Warning: Token not allowed in a PDF string (Unicode):
(hyperref)                removing `\z@' on input line 2631.


Package hyperref Warning: Token not allowed in a PDF string (Unicode):
(hyperref)                removing `math shift' on input line 2631.


Package hyperref Warning: Token not allowed in a PDF string (Unicode):
(hyperref)                removing `math shift' on input line 2634.


Package hyperref Warning: Token not allowed in a PDF string (Unicode):
(hyperref)                removing `\@@underline' on input line 2634.


Package hyperref Warning: Token not allowed in a PDF string (Unicode):
(hyperref)                removing `\hbox' on input line 2634.


Package hyperref Warning: Token not allowed in a PDF string (Unicode):
(hyperref)                removing `math shift' on input line 2634.


Package hyperref Warning: Token not allowed in a PDF string (Unicode):
(hyperref)                removing `math shift' on input line 2634.


Package hyperref Warning: Token not allowed in a PDF string (Unicode):
(hyperref)                removing `math shift' on input line 2634.


Package hyperref Warning: Token not allowed in a PDF string (Unicode):
(hyperref)                removing `math shift' on input line 2634.


Package hyperref Warning: Token not allowed in a PDF string (Unicode):
(hyperref)                removing `\mathsurround' on input line 2634.


Package hyperref Warning: Token not allowed in a PDF string (Unicode):
(hyperref)                removing `\z@' on input line 2634.


Package hyperref Warning: Token not allowed in a PDF string (Unicode):
(hyperref)                removing `math shift' on input line 2634.


Package hyperref Warning: Token not allowed in a PDF string (Unicode):
(hyperref)                removing `math shift' on input line 2636.


Package hyperref Warning: Token not allowed in a PDF string (Unicode):
(hyperref)                removing `\@@underline' on input line 2636.


Package hyperref Warning: Token not allowed in a PDF string (Unicode):
(hyperref)                removing `\hbox' on input line 2636.


Package hyperref Warning: Token not allowed in a PDF string (Unicode):
(hyperref)                removing `\mathsurround' on input line 2636.


Package hyperref Warning: Token not allowed in a PDF string (Unicode):
(hyperref)                removing `\z@' on input line 2636.


Package hyperref Warning: Token not allowed in a PDF string (Unicode):
(hyperref)                removing `math shift' on input line 2636.


Package hyperref Warning: Token not allowed in a PDF string (Unicode):
(hyperref)                removing `math shift' on input line 2638.


Package hyperref Warning: Token not allowed in a PDF string (Unicode):
(hyperref)                removing `\@@underline' on input line 2638.


Package hyperref Warning: Token not allowed in a PDF string (Unicode):
(hyperref)                removing `\hbox' on input line 2638.


Package hyperref Warning: Token not allowed in a PDF string (Unicode):
(hyperref)                removing `\mathsurround' on input line 2638.


Package hyperref Warning: Token not allowed in a PDF string (Unicode):
(hyperref)                removing `\z@' on input line 2638.


Package hyperref Warning: Token not allowed in a PDF string (Unicode):
(hyperref)                removing `math shift' on input line 2638.

<ese/44.jpeg, id=2677, 2337.73375pt x 2973.1075pt>
File: ese/44.jpeg Graphic file (type jpg)
<use ese/44.jpeg>
Package pdftex.def Info: ese/44.jpeg  used on input line 2641.
(pdftex.def)             Requested size: 327.2805pt x 416.23222pt.
<ese/44a.jpeg, id=2678, 2507.3675pt x 3703.8375pt>
File: ese/44a.jpeg Graphic file (type jpg)
<use ese/44a.jpeg>
Package pdftex.def Info: ese/44a.jpeg  used on input line 2645.
(pdftex.def)             Requested size: 351.02905pt x 518.53372pt.

Package hyperref Warning: Token not allowed in a PDF string (Unicode):
(hyperref)                removing `math shift' on input line 2649.


Package hyperref Warning: Token not allowed in a PDF string (Unicode):
(hyperref)                removing `\@@underline' on input line 2649.


Package hyperref Warning: Token not allowed in a PDF string (Unicode):
(hyperref)                removing `\hbox' on input line 2649.


Package hyperref Warning: Token not allowed in a PDF string (Unicode):
(hyperref)                removing `\mathsurround' on input line 2649.


Package hyperref Warning: Token not allowed in a PDF string (Unicode):
(hyperref)                removing `\z@' on input line 2649.


Package hyperref Warning: Token not allowed in a PDF string (Unicode):
(hyperref)                removing `math shift' on input line 2649.


Underfull \hbox (badness 10000) in paragraph at lines 2650--2653

 []

[94 <./ese/29.jpeg>]
Underfull \hbox (badness 10000) in paragraph at lines 2655--2660

 []


Package hyperref Warning: Token not allowed in a PDF string (Unicode):
(hyperref)                removing `math shift' on input line 2660.


Package hyperref Warning: Token not allowed in a PDF string (Unicode):
(hyperref)                removing `\@@underline' on input line 2660.


Package hyperref Warning: Token not allowed in a PDF string (Unicode):
(hyperref)                removing `\hbox' on input line 2660.


Package hyperref Warning: Token not allowed in a PDF string (Unicode):
(hyperref)                removing `\mathsurround' on input line 2660.


Package hyperref Warning: Token not allowed in a PDF string (Unicode):
(hyperref)                removing `\z@' on input line 2660.


Package hyperref Warning: Token not allowed in a PDF string (Unicode):
(hyperref)                removing `math shift' on input line 2660.


Package hyperref Warning: Token not allowed in a PDF string (Unicode):
(hyperref)                removing `math shift' on input line 2666.


Package hyperref Warning: Token not allowed in a PDF string (Unicode):
(hyperref)                removing `\@@underline' on input line 2666.


Package hyperref Warning: Token not allowed in a PDF string (Unicode):
(hyperref)                removing `\hbox' on input line 2666.


Package hyperref Warning: Token not allowed in a PDF string (Unicode):
(hyperref)                removing `\mathsurround' on input line 2666.


Package hyperref Warning: Token not allowed in a PDF string (Unicode):
(hyperref)                removing `\z@' on input line 2666.


Package hyperref Warning: Token not allowed in a PDF string (Unicode):
(hyperref)                removing `math shift' on input line 2666.


Package hyperref Warning: Token not allowed in a PDF string (Unicode):
(hyperref)                removing `math shift' on input line 2672.


Package hyperref Warning: Token not allowed in a PDF string (Unicode):
(hyperref)                removing `\@@underline' on input line 2672.


Package hyperref Warning: Token not allowed in a PDF string (Unicode):
(hyperref)                removing `\hbox' on input line 2672.


Package hyperref Warning: Token not allowed in a PDF string (Unicode):
(hyperref)                removing `\mathsurround' on input line 2672.


Package hyperref Warning: Token not allowed in a PDF string (Unicode):
(hyperref)                removing `\z@' on input line 2672.


Package hyperref Warning: Token not allowed in a PDF string (Unicode):
(hyperref)                removing `math shift' on input line 2672.

[95 <./ese/29a.jpeg> <./ese/30.jpeg>]

Package hyperref Warning: Token not allowed in a PDF string (Unicode):
(hyperref)                removing `math shift' on input line 2681.


Package hyperref Warning: Token not allowed in a PDF string (Unicode):
(hyperref)                removing `\@@underline' on input line 2681.


Package hyperref Warning: Token not allowed in a PDF string (Unicode):
(hyperref)                removing `\hbox' on input line 2681.


Package hyperref Warning: Token not allowed in a PDF string (Unicode):
(hyperref)                removing `\mathsurround' on input line 2681.


Package hyperref Warning: Token not allowed in a PDF string (Unicode):
(hyperref)                removing `\z@' on input line 2681.


Package hyperref Warning: Token not allowed in a PDF string (Unicode):
(hyperref)                removing `math shift' on input line 2681.

<images/80.jpeg, id=2692, 1690.315pt x 1594.95876pt>
File: images/80.jpeg Graphic file (type jpg)
<use images/80.jpeg>
Package pdftex.def Info: images/80.jpeg  used on input line 2687.
(pdftex.def)             Requested size: 236.64249pt x 223.29271pt.

Underfull \hbox (badness 10000) in paragraph at lines 2682--2689

 []


Package hyperref Warning: Token not allowed in a PDF string (Unicode):
(hyperref)                removing `math shift' on input line 2689.


Package hyperref Warning: Token not allowed in a PDF string (Unicode):
(hyperref)                removing `\@@underline' on input line 2689.


Package hyperref Warning: Token not allowed in a PDF string (Unicode):
(hyperref)                removing `\hbox' on input line 2689.


Package hyperref Warning: Token not allowed in a PDF string (Unicode):
(hyperref)                removing `\mathsurround' on input line 2689.


Package hyperref Warning: Token not allowed in a PDF string (Unicode):
(hyperref)                removing `\z@' on input line 2689.


Package hyperref Warning: Token not allowed in a PDF string (Unicode):
(hyperref)                removing `math shift' on input line 2689.


Package hyperref Warning: Token not allowed in a PDF string (Unicode):
(hyperref)                removing `math shift' on input line 2700.


Package hyperref Warning: Token not allowed in a PDF string (Unicode):
(hyperref)                removing `\@@underline' on input line 2700.


Package hyperref Warning: Token not allowed in a PDF string (Unicode):
(hyperref)                removing `\hbox' on input line 2700.


Package hyperref Warning: Token not allowed in a PDF string (Unicode):
(hyperref)                removing `\mathsurround' on input line 2700.


Package hyperref Warning: Token not allowed in a PDF string (Unicode):
(hyperref)                removing `\z@' on input line 2700.


Package hyperref Warning: Token not allowed in a PDF string (Unicode):
(hyperref)                removing `math shift' on input line 2700.

[96 <./ese/30a.jpeg> <./ese/31.jpeg>]
<images/81.jpeg, id=2703, 2984.14874pt x 1834.855pt>
File: images/81.jpeg Graphic file (type jpg)
<use images/81.jpeg>
Package pdftex.def Info: images/81.jpeg  used on input line 2713.
(pdftex.def)             Requested size: 417.77798pt x 256.87794pt.


Package hyperref Warning: Token not allowed in a PDF string (Unicode):
(hyperref)                removing `math shift' on input line 2716.


Package hyperref Warning: Token not allowed in a PDF string (Unicode):
(hyperref)                removing `\@@underline' on input line 2716.


Package hyperref Warning: Token not allowed in a PDF string (Unicode):
(hyperref)                removing `\hbox' on input line 2716.


Package hyperref Warning: Token not allowed in a PDF string (Unicode):
(hyperref)                removing `\mathsurround' on input line 2716.


Package hyperref Warning: Token not allowed in a PDF string (Unicode):
(hyperref)                removing `\z@' on input line 2716.


Package hyperref Warning: Token not allowed in a PDF string (Unicode):
(hyperref)                removing `math shift' on input line 2716.


Package hyperref Warning: Token not allowed in a PDF string (Unicode):
(hyperref)                removing `math shift' on input line 2722.


Package hyperref Warning: Token not allowed in a PDF string (Unicode):
(hyperref)                removing `\@@underline' on input line 2722.


Package hyperref Warning: Token not allowed in a PDF string (Unicode):
(hyperref)                removing `\hbox' on input line 2722.


Package hyperref Warning: Token not allowed in a PDF string (Unicode):
(hyperref)                removing `\mathsurround' on input line 2722.


Package hyperref Warning: Token not allowed in a PDF string (Unicode):
(hyperref)                removing `\z@' on input line 2722.


Package hyperref Warning: Token not allowed in a PDF string (Unicode):
(hyperref)                removing `math shift' on input line 2722.

[97 <./ese/31a.jpeg> <./ese/32.jpeg>]

Package hyperref Warning: Token not allowed in a PDF string (Unicode):
(hyperref)                removing `math shift' on input line 2731.


Package hyperref Warning: Token not allowed in a PDF string (Unicode):
(hyperref)                removing `\@@underline' on input line 2731.


Package hyperref Warning: Token not allowed in a PDF string (Unicode):
(hyperref)                removing `\hbox' on input line 2731.


Package hyperref Warning: Token not allowed in a PDF string (Unicode):
(hyperref)                removing `\mathsurround' on input line 2731.


Package hyperref Warning: Token not allowed in a PDF string (Unicode):
(hyperref)                removing `\z@' on input line 2731.


Package hyperref Warning: Token not allowed in a PDF string (Unicode):
(hyperref)                removing `math shift' on input line 2731.


Package hyperref Warning: Token not allowed in a PDF string (Unicode):
(hyperref)                removing `math shift' on input line 2737.


Package hyperref Warning: Token not allowed in a PDF string (Unicode):
(hyperref)                removing `\@@underline' on input line 2737.


Package hyperref Warning: Token not allowed in a PDF string (Unicode):
(hyperref)                removing `\hbox' on input line 2737.


Package hyperref Warning: Token not allowed in a PDF string (Unicode):
(hyperref)                removing `\mathsurround' on input line 2737.


Package hyperref Warning: Token not allowed in a PDF string (Unicode):
(hyperref)                removing `\z@' on input line 2737.


Package hyperref Warning: Token not allowed in a PDF string (Unicode):
(hyperref)                removing `math shift' on input line 2737.

<ese/45.jpeg, id=2712, 3531.1925pt x 2337.73375pt>
File: ese/45.jpeg Graphic file (type jpg)
<use ese/45.jpeg>
Package pdftex.def Info: ese/45.jpeg  used on input line 2740.
(pdftex.def)             Requested size: 494.36359pt x 327.2805pt.

Overfull \hbox (10.66675pt too wide) in paragraph at lines 2740--2741
 [][] 
 []


Package hyperref Warning: Token not allowed in a PDF string (Unicode):
(hyperref)                removing `math shift' on input line 2742.


Package hyperref Warning: Token not allowed in a PDF string (Unicode):
(hyperref)                removing `\@@underline' on input line 2742.


Package hyperref Warning: Token not allowed in a PDF string (Unicode):
(hyperref)                removing `\hbox' on input line 2742.


Package hyperref Warning: Token not allowed in a PDF string (Unicode):
(hyperref)                removing `\mathsurround' on input line 2742.


Package hyperref Warning: Token not allowed in a PDF string (Unicode):
(hyperref)                removing `\z@' on input line 2742.


Package hyperref Warning: Token not allowed in a PDF string (Unicode):
(hyperref)                removing `math shift' on input line 2742.


Package hyperref Warning: Token not allowed in a PDF string (Unicode):
(hyperref)                removing `math shift' on input line 2744.


Package hyperref Warning: Token not allowed in a PDF string (Unicode):
(hyperref)                removing `\@@underline' on input line 2744.


Package hyperref Warning: Token not allowed in a PDF string (Unicode):
(hyperref)                removing `\hbox' on input line 2744.


Package hyperref Warning: Token not allowed in a PDF string (Unicode):
(hyperref)                removing `\mathsurround' on input line 2744.


Package hyperref Warning: Token not allowed in a PDF string (Unicode):
(hyperref)                removing `\z@' on input line 2744.


Package hyperref Warning: Token not allowed in a PDF string (Unicode):
(hyperref)                removing `math shift' on input line 2744.


Package hyperref Warning: Token not allowed in a PDF string (Unicode):
(hyperref)                removing `math shift' on input line 2747.


Package hyperref Warning: Token not allowed in a PDF string (Unicode):
(hyperref)                removing `\@@underline' on input line 2747.


Package hyperref Warning: Token not allowed in a PDF string (Unicode):
(hyperref)                removing `\hbox' on input line 2747.


Package hyperref Warning: Token not allowed in a PDF string (Unicode):
(hyperref)                removing `\mathsurround' on input line 2747.


Package hyperref Warning: Token not allowed in a PDF string (Unicode):
(hyperref)                removing `\z@' on input line 2747.


Package hyperref Warning: Token not allowed in a PDF string (Unicode):
(hyperref)                removing `math shift' on input line 2747.

<ese/46.jpeg, id=2713, 3046.38126pt x 2715.14375pt>
File: ese/46.jpeg Graphic file (type jpg)
<use ese/46.jpeg>
Package pdftex.def Info: ese/46.jpeg  used on input line 2750.
(pdftex.def)             Requested size: 426.49048pt x 380.11754pt.
[98 <./ese/32a.jpeg> <./ese/33.jpeg>]

Package hyperref Warning: Token not allowed in a PDF string (Unicode):
(hyperref)                removing `math shift' on input line 2752.


Package hyperref Warning: Token not allowed in a PDF string (Unicode):
(hyperref)                removing `\@@underline' on input line 2752.


Package hyperref Warning: Token not allowed in a PDF string (Unicode):
(hyperref)                removing `\hbox' on input line 2752.


Package hyperref Warning: Token not allowed in a PDF string (Unicode):
(hyperref)                removing `\mathsurround' on input line 2752.


Package hyperref Warning: Token not allowed in a PDF string (Unicode):
(hyperref)                removing `\z@' on input line 2752.


Package hyperref Warning: Token not allowed in a PDF string (Unicode):
(hyperref)                removing `math shift' on input line 2752.


Underfull \hbox (badness 10000) in paragraph at lines 2753--2759

 []


Package hyperref Warning: Token not allowed in a PDF string (Unicode):
(hyperref)                removing `math shift' on input line 2759.


Package hyperref Warning: Token not allowed in a PDF string (Unicode):
(hyperref)                removing `\@@underline' on input line 2759.


Package hyperref Warning: Token not allowed in a PDF string (Unicode):
(hyperref)                removing `\hbox' on input line 2759.


Package hyperref Warning: Token not allowed in a PDF string (Unicode):
(hyperref)                removing `\mathsurround' on input line 2759.


Package hyperref Warning: Token not allowed in a PDF string (Unicode):
(hyperref)                removing `\z@' on input line 2759.


Package hyperref Warning: Token not allowed in a PDF string (Unicode):
(hyperref)                removing `math shift' on input line 2759.


Package hyperref Warning: Token not allowed in a PDF string (Unicode):
(hyperref)                removing `math shift' on input line 2761.


Package hyperref Warning: Token not allowed in a PDF string (Unicode):
(hyperref)                removing `\@@underline' on input line 2761.


Package hyperref Warning: Token not allowed in a PDF string (Unicode):
(hyperref)                removing `\hbox' on input line 2761.


Package hyperref Warning: Token not allowed in a PDF string (Unicode):
(hyperref)                removing `\mathsurround' on input line 2761.


Package hyperref Warning: Token not allowed in a PDF string (Unicode):
(hyperref)                removing `\z@' on input line 2761.


Package hyperref Warning: Token not allowed in a PDF string (Unicode):
(hyperref)                removing `math shift' on input line 2761.

<ese/47.jpeg, id=2720, 2461.195pt x 3442.8625pt>
File: ese/47.jpeg Graphic file (type jpg)
<use ese/47.jpeg>
Package pdftex.def Info: ese/47.jpeg  used on input line 2764.
(pdftex.def)             Requested size: 393.79926pt x 550.86926pt.

Package hyperref Warning: Token not allowed in a PDF string (Unicode):
(hyperref)                removing `math shift' on input line 2769.


Package hyperref Warning: Token not allowed in a PDF string (Unicode):
(hyperref)                removing `\@@underline' on input line 2769.


Package hyperref Warning: Token not allowed in a PDF string (Unicode):
(hyperref)                removing `\hbox' on input line 2769.


Package hyperref Warning: Token not allowed in a PDF string (Unicode):
(hyperref)                removing `\mathsurround' on input line 2769.


Package hyperref Warning: Token not allowed in a PDF string (Unicode):
(hyperref)                removing `\z@' on input line 2769.


Package hyperref Warning: Token not allowed in a PDF string (Unicode):
(hyperref)                removing `math shift' on input line 2769.

[99 <./ese/33a.jpeg> <./ese/34.jpeg>]

Package hyperref Warning: Token not allowed in a PDF string (Unicode):
(hyperref)                removing `math shift' on input line 2773.


Package hyperref Warning: Token not allowed in a PDF string (Unicode):
(hyperref)                removing `\@@underline' on input line 2773.


Package hyperref Warning: Token not allowed in a PDF string (Unicode):
(hyperref)                removing `\hbox' on input line 2773.


Package hyperref Warning: Token not allowed in a PDF string (Unicode):
(hyperref)                removing `\mathsurround' on input line 2773.


Package hyperref Warning: Token not allowed in a PDF string (Unicode):
(hyperref)                removing `\z@' on input line 2773.


Package hyperref Warning: Token not allowed in a PDF string (Unicode):
(hyperref)                removing `math shift' on input line 2773.


Underfull \hbox (badness 10000) in paragraph at lines 2774--2778

 []


Package hyperref Warning: Token not allowed in a PDF string (Unicode):
(hyperref)                removing `math shift' on input line 2778.


Package hyperref Warning: Token not allowed in a PDF string (Unicode):
(hyperref)                removing `\@@underline' on input line 2778.


Package hyperref Warning: Token not allowed in a PDF string (Unicode):
(hyperref)                removing `\hbox' on input line 2778.


Package hyperref Warning: Token not allowed in a PDF string (Unicode):
(hyperref)                removing `\mathsurround' on input line 2778.


Package hyperref Warning: Token not allowed in a PDF string (Unicode):
(hyperref)                removing `\z@' on input line 2778.


Package hyperref Warning: Token not allowed in a PDF string (Unicode):
(hyperref)                removing `math shift' on input line 2778.


Underfull \hbox (badness 10000) in paragraph at lines 2787--2788

 []

[100 <./ese/34a.jpeg>]

Package hyperref Warning: Token not allowed in a PDF string (Unicode):
(hyperref)                removing `math shift' on input line 2794.


Package hyperref Warning: Token not allowed in a PDF string (Unicode):
(hyperref)                removing `\@@underline' on input line 2794.


Package hyperref Warning: Token not allowed in a PDF string (Unicode):
(hyperref)                removing `\hbox' on input line 2794.


Package hyperref Warning: Token not allowed in a PDF string (Unicode):
(hyperref)                removing `\mathsurround' on input line 2794.


Package hyperref Warning: Token not allowed in a PDF string (Unicode):
(hyperref)                removing `\z@' on input line 2794.


Package hyperref Warning: Token not allowed in a PDF string (Unicode):
(hyperref)                removing `math shift' on input line 2794.


Overfull \hbox (0.1922pt too wide) in paragraph at lines 2795--2812
\OT1/cmr/m/n/10 Noi sap-pi-amo che pos-si-amo ri-cavare la ma-trice Ja-co-biana
 $\OML/cmm/m/it/10 J[]$ \OT1/cmr/m/n/10 dal seguente sis-tema di fun-zioni: $\O
ML/cmm/m/it/10 T \OT1/cmr/m/n/10 : []$ 
 []


Underfull \hbox (badness 10000) in paragraph at lines 2795--2812

 []


Underfull \hbox (badness 10000) in paragraph at lines 2795--2812

 []


Package hyperref Warning: Token not allowed in a PDF string (Unicode):
(hyperref)                removing `math shift' on input line 2816.


Package hyperref Warning: Token not allowed in a PDF string (Unicode):
(hyperref)                removing `\@@underline' on input line 2816.


Package hyperref Warning: Token not allowed in a PDF string (Unicode):
(hyperref)                removing `\hbox' on input line 2816.


Package hyperref Warning: Token not allowed in a PDF string (Unicode):
(hyperref)                removing `\mathsurround' on input line 2816.


Package hyperref Warning: Token not allowed in a PDF string (Unicode):
(hyperref)                removing `\z@' on input line 2816.


Package hyperref Warning: Token not allowed in a PDF string (Unicode):
(hyperref)                removing `math shift' on input line 2816.


Overfull \hbox (3.29068pt too wide) in paragraph at lines 2817--2825
\OT1/cmr/m/n/10 Infine una volta ot-tenuta $\OML/cmm/m/it/10 f[]\OT1/cmr/m/n/10
 (\OML/cmm/m/it/10 z; v\OT1/cmr/m/n/10 )$ pos-si-amo cal-co-larci la marginale 
nel seguente modo: $\OML/cmm/m/it/10 f[]\OT1/cmr/m/n/10 (\OML/cmm/m/it/10 z\OT1
/cmr/m/n/10 ) = [][] \OML/cmm/m/it/10 f[]\OT1/cmr/m/n/10 (\OML/cmm/m/it/10 z; v
\OT1/cmr/m/n/10 )\OML/cmm/m/it/10 dv$ 
 []

[101 <./ese/35.jpeg>]

Package hyperref Warning: Token not allowed in a PDF string (Unicode):
(hyperref)                removing `math shift' on input line 2825.


Package hyperref Warning: Token not allowed in a PDF string (Unicode):
(hyperref)                removing `\@@underline' on input line 2825.


Package hyperref Warning: Token not allowed in a PDF string (Unicode):
(hyperref)                removing `\hbox' on input line 2825.


Package hyperref Warning: Token not allowed in a PDF string (Unicode):
(hyperref)                removing `\mathsurround' on input line 2825.


Package hyperref Warning: Token not allowed in a PDF string (Unicode):
(hyperref)                removing `\z@' on input line 2825.


Package hyperref Warning: Token not allowed in a PDF string (Unicode):
(hyperref)                removing `math shift' on input line 2825.

<ese/48.jpeg, id=2739, 2348.775pt x 2586.66376pt>
File: ese/48.jpeg Graphic file (type jpg)
<use ese/48.jpeg>
Package pdftex.def Info: ese/48.jpeg  used on input line 2829.
(pdftex.def)             Requested size: 375.81168pt x 413.87466pt.

Package hyperref Warning: Token not allowed in a PDF string (Unicode):
(hyperref)                removing `math shift' on input line 2831.


Package hyperref Warning: Token not allowed in a PDF string (Unicode):
(hyperref)                removing `\@@underline' on input line 2831.


Package hyperref Warning: Token not allowed in a PDF string (Unicode):
(hyperref)                removing `\hbox' on input line 2831.


Package hyperref Warning: Token not allowed in a PDF string (Unicode):
(hyperref)                removing `\mathsurround' on input line 2831.


Package hyperref Warning: Token not allowed in a PDF string (Unicode):
(hyperref)                removing `\z@' on input line 2831.


Package hyperref Warning: Token not allowed in a PDF string (Unicode):
(hyperref)                removing `math shift' on input line 2831.

<ese/49.jpeg, id=2740, 2781.39125pt x 2677.00125pt>
File: ese/49.jpeg Graphic file (type jpg)
<use ese/49.jpeg>
Package pdftex.def Info: ese/49.jpeg  used on input line 2834.
(pdftex.def)             Requested size: 445.0317pt x 428.32895pt.

Package hyperref Warning: Token not allowed in a PDF string (Unicode):
(hyperref)                removing `math shift' on input line 2836.


Package hyperref Warning: Token not allowed in a PDF string (Unicode):
(hyperref)                removing `\@@underline' on input line 2836.


Package hyperref Warning: Token not allowed in a PDF string (Unicode):
(hyperref)                removing `\hbox' on input line 2836.


Package hyperref Warning: Token not allowed in a PDF string (Unicode):
(hyperref)                removing `\mathsurround' on input line 2836.


Package hyperref Warning: Token not allowed in a PDF string (Unicode):
(hyperref)                removing `\z@' on input line 2836.


Package hyperref Warning: Token not allowed in a PDF string (Unicode):
(hyperref)                removing `math shift' on input line 2836.

<ese/50.jpeg, id=2741, 2890.8pt x 2029.5825pt>
File: ese/50.jpeg Graphic file (type jpg)
<use ese/50.jpeg>
Package pdftex.def Info: ese/50.jpeg  used on input line 2839.
(pdftex.def)             Requested size: 462.53746pt x 324.73984pt.
<ese/50a.jpeg, id=2742, 2296.58pt x 789.95125pt>
File: ese/50a.jpeg Graphic file (type jpg)
<use ese/50a.jpeg>
Package pdftex.def Info: ese/50a.jpeg  used on input line 2843.
(pdftex.def)             Requested size: 367.46031pt x 126.39478pt.

Package hyperref Warning: Token not allowed in a PDF string (Unicode):
(hyperref)                removing `math shift' on input line 2845.


Package hyperref Warning: Token not allowed in a PDF string (Unicode):
(hyperref)                removing `\@@underline' on input line 2845.


Package hyperref Warning: Token not allowed in a PDF string (Unicode):
(hyperref)                removing `\hbox' on input line 2845.


Package hyperref Warning: Token not allowed in a PDF string (Unicode):
(hyperref)                removing `\mathsurround' on input line 2845.


Package hyperref Warning: Token not allowed in a PDF string (Unicode):
(hyperref)                removing `\z@' on input line 2845.


Package hyperref Warning: Token not allowed in a PDF string (Unicode):
(hyperref)                removing `math shift' on input line 2845.

<images/82.jpeg, id=2743, 2427.0675pt x 3080.50874pt>
File: images/82.jpeg Graphic file (type jpg)
<use images/82.jpeg>
Package pdftex.def Info: images/82.jpeg  used on input line 2848.
(pdftex.def)             Requested size: 388.33875pt x 492.89148pt.
<images/82a.jpeg, id=2744, 2501.345pt x 3584.39125pt>
File: images/82a.jpeg Graphic file (type jpg)
<use images/82a.jpeg>
Package pdftex.def Info: images/82a.jpeg  used on input line 2852.
(pdftex.def)             Requested size: 400.22339pt x 573.51433pt.
<images/82b.jpeg, id=2745, 3180.88374pt x 808.01875pt>
File: images/82b.jpeg Graphic file (type jpg)
<use images/82b.jpeg>
Package pdftex.def Info: images/82b.jpeg  used on input line 2856.
(pdftex.def)             Requested size: 445.3207pt x 113.12184pt.

Package hyperref Warning: Token not allowed in a PDF string (Unicode):
(hyperref)                removing `math shift' on input line 2860.


Package hyperref Warning: Token not allowed in a PDF string (Unicode):
(hyperref)                removing `\@@underline' on input line 2860.


Package hyperref Warning: Token not allowed in a PDF string (Unicode):
(hyperref)                removing `\hbox' on input line 2860.


Package hyperref Warning: Token not allowed in a PDF string (Unicode):
(hyperref)                removing `\mathsurround' on input line 2860.


Package hyperref Warning: Token not allowed in a PDF string (Unicode):
(hyperref)                removing `\z@' on input line 2860.


Package hyperref Warning: Token not allowed in a PDF string (Unicode):
(hyperref)                removing `math shift' on input line 2860.


Package hyperref Warning: Token not allowed in a PDF string (Unicode):
(hyperref)                removing `math shift' on input line 2864.


Package hyperref Warning: Token not allowed in a PDF string (Unicode):
(hyperref)                removing `\@@underline' on input line 2864.


Package hyperref Warning: Token not allowed in a PDF string (Unicode):
(hyperref)                removing `\hbox' on input line 2864.


Package hyperref Warning: Token not allowed in a PDF string (Unicode):
(hyperref)                removing `math shift' on input line 2864.


Package hyperref Warning: Token not allowed in a PDF string (Unicode):
(hyperref)                removing `math shift' on input line 2864.


Package hyperref Warning: Token not allowed in a PDF string (Unicode):
(hyperref)                removing `\mathsurround' on input line 2864.


Package hyperref Warning: Token not allowed in a PDF string (Unicode):
(hyperref)                removing `\z@' on input line 2864.


Package hyperref Warning: Token not allowed in a PDF string (Unicode):
(hyperref)                removing `math shift' on input line 2864.

[102 <./ese/36.jpeg> <./ese/37.jpeg>]

Package hyperref Warning: Token not allowed in a PDF string (Unicode):
(hyperref)                removing `math shift' on input line 2868.


Package hyperref Warning: Token not allowed in a PDF string (Unicode):
(hyperref)                removing `\@@underline' on input line 2868.


Package hyperref Warning: Token not allowed in a PDF string (Unicode):
(hyperref)                removing `\hbox' on input line 2868.


Package hyperref Warning: Token not allowed in a PDF string (Unicode):
(hyperref)                removing `\mathsurround' on input line 2868.


Package hyperref Warning: Token not allowed in a PDF string (Unicode):
(hyperref)                removing `\z@' on input line 2868.


Package hyperref Warning: Token not allowed in a PDF string (Unicode):
(hyperref)                removing `math shift' on input line 2868.


Package hyperref Warning: Token not allowed in a PDF string (Unicode):
(hyperref)                removing `math shift' on input line 2873.


Package hyperref Warning: Token not allowed in a PDF string (Unicode):
(hyperref)                removing `\@@underline' on input line 2873.


Package hyperref Warning: Token not allowed in a PDF string (Unicode):
(hyperref)                removing `\hbox' on input line 2873.


Package hyperref Warning: Token not allowed in a PDF string (Unicode):
(hyperref)                removing `\mathsurround' on input line 2873.


Package hyperref Warning: Token not allowed in a PDF string (Unicode):
(hyperref)                removing `\z@' on input line 2873.


Package hyperref Warning: Token not allowed in a PDF string (Unicode):
(hyperref)                removing `math shift' on input line 2873.


Package hyperref Warning: Token not allowed in a PDF string (Unicode):
(hyperref)                removing `math shift' on input line 2876.


Package hyperref Warning: Token not allowed in a PDF string (Unicode):
(hyperref)                removing `\@@underline' on input line 2876.


Package hyperref Warning: Token not allowed in a PDF string (Unicode):
(hyperref)                removing `\hbox' on input line 2876.


Package hyperref Warning: Token not allowed in a PDF string (Unicode):
(hyperref)                removing `\mathsurround' on input line 2876.


Package hyperref Warning: Token not allowed in a PDF string (Unicode):
(hyperref)                removing `\z@' on input line 2876.


Package hyperref Warning: Token not allowed in a PDF string (Unicode):
(hyperref)                removing `math shift' on input line 2876.

[103 <./ese/37a.jpeg> <./ese/38.jpeg>]

Package hyperref Warning: Token not allowed in a PDF string (Unicode):
(hyperref)                removing `math shift' on input line 2881.


Package hyperref Warning: Token not allowed in a PDF string (Unicode):
(hyperref)                removing `\@@underline' on input line 2881.


Package hyperref Warning: Token not allowed in a PDF string (Unicode):
(hyperref)                removing `\hbox' on input line 2881.


Package hyperref Warning: Token not allowed in a PDF string (Unicode):
(hyperref)                removing `\mathsurround' on input line 2881.


Package hyperref Warning: Token not allowed in a PDF string (Unicode):
(hyperref)                removing `\z@' on input line 2881.


Package hyperref Warning: Token not allowed in a PDF string (Unicode):
(hyperref)                removing `math shift' on input line 2881.


Package hyperref Warning: Token not allowed in a PDF string (Unicode):
(hyperref)                removing `math shift' on input line 2885.


Package hyperref Warning: Token not allowed in a PDF string (Unicode):
(hyperref)                removing `\@@underline' on input line 2885.


Package hyperref Warning: Token not allowed in a PDF string (Unicode):
(hyperref)                removing `\hbox' on input line 2885.


Package hyperref Warning: Token not allowed in a PDF string (Unicode):
(hyperref)                removing `\mathsurround' on input line 2885.


Package hyperref Warning: Token not allowed in a PDF string (Unicode):
(hyperref)                removing `\z@' on input line 2885.


Package hyperref Warning: Token not allowed in a PDF string (Unicode):
(hyperref)                removing `math shift' on input line 2885.


Underfull \hbox (badness 10000) in paragraph at lines 2898--2905

 []

[104 <./ese/39.jpeg>]

Package hyperref Warning: Token not allowed in a PDF string (Unicode):
(hyperref)                removing `math shift' on input line 2905.


Package hyperref Warning: Token not allowed in a PDF string (Unicode):
(hyperref)                removing `\@@underline' on input line 2905.


Package hyperref Warning: Token not allowed in a PDF string (Unicode):
(hyperref)                removing `\hbox' on input line 2905.


Package hyperref Warning: Token not allowed in a PDF string (Unicode):
(hyperref)                removing `\mathsurround' on input line 2905.


Package hyperref Warning: Token not allowed in a PDF string (Unicode):
(hyperref)                removing `\z@' on input line 2905.


Package hyperref Warning: Token not allowed in a PDF string (Unicode):
(hyperref)                removing `math shift' on input line 2905.


Package hyperref Warning: Token not allowed in a PDF string (Unicode):
(hyperref)                removing `math shift' on input line 2910.


Package hyperref Warning: Token not allowed in a PDF string (Unicode):
(hyperref)                removing `\@@underline' on input line 2910.


Package hyperref Warning: Token not allowed in a PDF string (Unicode):
(hyperref)                removing `\hbox' on input line 2910.


Package hyperref Warning: Token not allowed in a PDF string (Unicode):
(hyperref)                removing `\mathsurround' on input line 2910.


Package hyperref Warning: Token not allowed in a PDF string (Unicode):
(hyperref)                removing `\z@' on input line 2910.


Package hyperref Warning: Token not allowed in a PDF string (Unicode):
(hyperref)                removing `math shift' on input line 2910.


Underfull \hbox (badness 10000) in paragraph at lines 2911--2914

 []


Package hyperref Warning: Token not allowed in a PDF string (Unicode):
(hyperref)                removing `math shift' on input line 2914.


Package hyperref Warning: Token not allowed in a PDF string (Unicode):
(hyperref)                removing `\@@underline' on input line 2914.


Package hyperref Warning: Token not allowed in a PDF string (Unicode):
(hyperref)                removing `\hbox' on input line 2914.


Package hyperref Warning: Token not allowed in a PDF string (Unicode):
(hyperref)                removing `\mathsurround' on input line 2914.


Package hyperref Warning: Token not allowed in a PDF string (Unicode):
(hyperref)                removing `\z@' on input line 2914.


Package hyperref Warning: Token not allowed in a PDF string (Unicode):
(hyperref)                removing `math shift' on input line 2914.


Package hyperref Warning: Token not allowed in a PDF string (Unicode):
(hyperref)                removing `math shift' on input line 2916.


Package hyperref Warning: Token not allowed in a PDF string (Unicode):
(hyperref)                removing `\@@underline' on input line 2916.


Package hyperref Warning: Token not allowed in a PDF string (Unicode):
(hyperref)                removing `\hbox' on input line 2916.


Package hyperref Warning: Token not allowed in a PDF string (Unicode):
(hyperref)                removing `\mathsurround' on input line 2916.


Package hyperref Warning: Token not allowed in a PDF string (Unicode):
(hyperref)                removing `\z@' on input line 2916.


Package hyperref Warning: Token not allowed in a PDF string (Unicode):
(hyperref)                removing `math shift' on input line 2916.

[105 <./ese/39a.jpeg>]

Package hyperref Warning: Token not allowed in a PDF string (Unicode):
(hyperref)                removing `math shift' on input line 2919.


Package hyperref Warning: Token not allowed in a PDF string (Unicode):
(hyperref)                removing `\@@underline' on input line 2919.


Package hyperref Warning: Token not allowed in a PDF string (Unicode):
(hyperref)                removing `\hbox' on input line 2919.


Package hyperref Warning: Token not allowed in a PDF string (Unicode):
(hyperref)                removing `\mathsurround' on input line 2919.


Package hyperref Warning: Token not allowed in a PDF string (Unicode):
(hyperref)                removing `\z@' on input line 2919.


Package hyperref Warning: Token not allowed in a PDF string (Unicode):
(hyperref)                removing `math shift' on input line 2919.


Package hyperref Warning: Token not allowed in a PDF string (Unicode):
(hyperref)                removing `math shift' on input line 2921.


Package hyperref Warning: Token not allowed in a PDF string (Unicode):
(hyperref)                removing `\@@underline' on input line 2921.


Package hyperref Warning: Token not allowed in a PDF string (Unicode):
(hyperref)                removing `\hbox' on input line 2921.


Package hyperref Warning: Token not allowed in a PDF string (Unicode):
(hyperref)                removing `\mathsurround' on input line 2921.


Package hyperref Warning: Token not allowed in a PDF string (Unicode):
(hyperref)                removing `\z@' on input line 2921.


Package hyperref Warning: Token not allowed in a PDF string (Unicode):
(hyperref)                removing `math shift' on input line 2921.


Underfull \hbox (badness 10000) in paragraph at lines 2922--2934

 []

[106 <./ese/39b.jpeg> <./ese/40.jpeg>]

Package hyperref Warning: Token not allowed in a PDF string (Unicode):
(hyperref)                removing `math shift' on input line 2934.


Package hyperref Warning: Token not allowed in a PDF string (Unicode):
(hyperref)                removing `\@@underline' on input line 2934.


Package hyperref Warning: Token not allowed in a PDF string (Unicode):
(hyperref)                removing `\hbox' on input line 2934.


Package hyperref Warning: Token not allowed in a PDF string (Unicode):
(hyperref)                removing `\mathsurround' on input line 2934.


Package hyperref Warning: Token not allowed in a PDF string (Unicode):
(hyperref)                removing `\z@' on input line 2934.


Package hyperref Warning: Token not allowed in a PDF string (Unicode):
(hyperref)                removing `math shift' on input line 2934.


Package hyperref Warning: Token not allowed in a PDF string (Unicode):
(hyperref)                removing `math shift' on input line 2935.


Package hyperref Warning: Token not allowed in a PDF string (Unicode):
(hyperref)                removing `\@@underline' on input line 2935.


Package hyperref Warning: Token not allowed in a PDF string (Unicode):
(hyperref)                removing `\hbox' on input line 2935.


Package hyperref Warning: Token not allowed in a PDF string (Unicode):
(hyperref)                removing `\mathsurround' on input line 2935.


Package hyperref Warning: Token not allowed in a PDF string (Unicode):
(hyperref)                removing `\z@' on input line 2935.


Package hyperref Warning: Token not allowed in a PDF string (Unicode):
(hyperref)                removing `math shift' on input line 2935.


Package hyperref Warning: Token not allowed in a PDF string (Unicode):
(hyperref)                removing `math shift' on input line 2937.


Package hyperref Warning: Token not allowed in a PDF string (Unicode):
(hyperref)                removing `\@@underline' on input line 2937.


Package hyperref Warning: Token not allowed in a PDF string (Unicode):
(hyperref)                removing `\hbox' on input line 2937.


Package hyperref Warning: Token not allowed in a PDF string (Unicode):
(hyperref)                removing `\mathsurround' on input line 2937.


Package hyperref Warning: Token not allowed in a PDF string (Unicode):
(hyperref)                removing `\z@' on input line 2937.


Package hyperref Warning: Token not allowed in a PDF string (Unicode):
(hyperref)                removing `math shift' on input line 2937.


Underfull \hbox (badness 10000) in paragraph at lines 2938--2940

 []


Package hyperref Warning: Token not allowed in a PDF string (Unicode):
(hyperref)                removing `math shift' on input line 2940.


Package hyperref Warning: Token not allowed in a PDF string (Unicode):
(hyperref)                removing `\@@underline' on input line 2940.


Package hyperref Warning: Token not allowed in a PDF string (Unicode):
(hyperref)                removing `\hbox' on input line 2940.


Package hyperref Warning: Token not allowed in a PDF string (Unicode):
(hyperref)                removing `\mathsurround' on input line 2940.


Package hyperref Warning: Token not allowed in a PDF string (Unicode):
(hyperref)                removing `\z@' on input line 2940.


Package hyperref Warning: Token not allowed in a PDF string (Unicode):
(hyperref)                removing `math shift' on input line 2940.


Package hyperref Warning: Token not allowed in a PDF string (Unicode):
(hyperref)                removing `math shift' on input line 2941.


Package hyperref Warning: Token not allowed in a PDF string (Unicode):
(hyperref)                removing `\@@underline' on input line 2941.


Package hyperref Warning: Token not allowed in a PDF string (Unicode):
(hyperref)                removing `\hbox' on input line 2941.


Package hyperref Warning: Token not allowed in a PDF string (Unicode):
(hyperref)                removing `\mathsurround' on input line 2941.


Package hyperref Warning: Token not allowed in a PDF string (Unicode):
(hyperref)                removing `\z@' on input line 2941.


Package hyperref Warning: Token not allowed in a PDF string (Unicode):
(hyperref)                removing `math shift' on input line 2941.


Package hyperref Warning: Token not allowed in a PDF string (Unicode):
(hyperref)                removing `math shift' on input line 2943.


Package hyperref Warning: Token not allowed in a PDF string (Unicode):
(hyperref)                removing `\@@underline' on input line 2943.


Package hyperref Warning: Token not allowed in a PDF string (Unicode):
(hyperref)                removing `\hbox' on input line 2943.


Package hyperref Warning: Token not allowed in a PDF string (Unicode):
(hyperref)                removing `\mathsurround' on input line 2943.


Package hyperref Warning: Token not allowed in a PDF string (Unicode):
(hyperref)                removing `\z@' on input line 2943.


Package hyperref Warning: Token not allowed in a PDF string (Unicode):
(hyperref)                removing `math shift' on input line 2943.


Underfull \hbox (badness 10000) in paragraph at lines 2944--2946

 []


Package hyperref Warning: Token not allowed in a PDF string (Unicode):
(hyperref)                removing `math shift' on input line 2946.


Package hyperref Warning: Token not allowed in a PDF string (Unicode):
(hyperref)                removing `\@@underline' on input line 2946.


Package hyperref Warning: Token not allowed in a PDF string (Unicode):
(hyperref)                removing `\hbox' on input line 2946.


Package hyperref Warning: Token not allowed in a PDF string (Unicode):
(hyperref)                removing `\mathsurround' on input line 2946.


Package hyperref Warning: Token not allowed in a PDF string (Unicode):
(hyperref)                removing `\z@' on input line 2946.


Package hyperref Warning: Token not allowed in a PDF string (Unicode):
(hyperref)                removing `math shift' on input line 2946.

[107 <./ese/41.jpeg>]

Package hyperref Warning: Token not allowed in a PDF string (Unicode):
(hyperref)                removing `math shift' on input line 2951.


Package hyperref Warning: Token not allowed in a PDF string (Unicode):
(hyperref)                removing `\@@underline' on input line 2951.


Package hyperref Warning: Token not allowed in a PDF string (Unicode):
(hyperref)                removing `\hbox' on input line 2951.


Package hyperref Warning: Token not allowed in a PDF string (Unicode):
(hyperref)                removing `\mathsurround' on input line 2951.


Package hyperref Warning: Token not allowed in a PDF string (Unicode):
(hyperref)                removing `\z@' on input line 2951.


Package hyperref Warning: Token not allowed in a PDF string (Unicode):
(hyperref)                removing `math shift' on input line 2951.


Package hyperref Warning: Token not allowed in a PDF string (Unicode):
(hyperref)                removing `math shift' on input line 2955.


Package hyperref Warning: Token not allowed in a PDF string (Unicode):
(hyperref)                removing `\@@underline' on input line 2955.


Package hyperref Warning: Token not allowed in a PDF string (Unicode):
(hyperref)                removing `\hbox' on input line 2955.


Package hyperref Warning: Token not allowed in a PDF string (Unicode):
(hyperref)                removing `\mathsurround' on input line 2955.


Package hyperref Warning: Token not allowed in a PDF string (Unicode):
(hyperref)                removing `\z@' on input line 2955.


Package hyperref Warning: Token not allowed in a PDF string (Unicode):
(hyperref)                removing `math shift' on input line 2955.


Package hyperref Warning: Token not allowed in a PDF string (Unicode):
(hyperref)                removing `math shift' on input line 2958.


Package hyperref Warning: Token not allowed in a PDF string (Unicode):
(hyperref)                removing `\@@underline' on input line 2958.


Package hyperref Warning: Token not allowed in a PDF string (Unicode):
(hyperref)                removing `\hbox' on input line 2958.


Package hyperref Warning: Token not allowed in a PDF string (Unicode):
(hyperref)                removing `\mathsurround' on input line 2958.


Package hyperref Warning: Token not allowed in a PDF string (Unicode):
(hyperref)                removing `\z@' on input line 2958.


Package hyperref Warning: Token not allowed in a PDF string (Unicode):
(hyperref)                removing `math shift' on input line 2958.


Package hyperref Warning: Token not allowed in a PDF string (Unicode):
(hyperref)                removing `math shift' on input line 2960.


Package hyperref Warning: Token not allowed in a PDF string (Unicode):
(hyperref)                removing `\@@underline' on input line 2960.


Package hyperref Warning: Token not allowed in a PDF string (Unicode):
(hyperref)                removing `\hbox' on input line 2960.


Package hyperref Warning: Token not allowed in a PDF string (Unicode):
(hyperref)                removing `\mathsurround' on input line 2960.


Package hyperref Warning: Token not allowed in a PDF string (Unicode):
(hyperref)                removing `\z@' on input line 2960.


Package hyperref Warning: Token not allowed in a PDF string (Unicode):
(hyperref)                removing `math shift' on input line 2960.


Package hyperref Warning: Token not allowed in a PDF string (Unicode):
(hyperref)                removing `math shift' on input line 2966.


Package hyperref Warning: Token not allowed in a PDF string (Unicode):
(hyperref)                removing `\@@underline' on input line 2966.


Package hyperref Warning: Token not allowed in a PDF string (Unicode):
(hyperref)                removing `\hbox' on input line 2966.


Package hyperref Warning: Token not allowed in a PDF string (Unicode):
(hyperref)                removing `\mathsurround' on input line 2966.


Package hyperref Warning: Token not allowed in a PDF string (Unicode):
(hyperref)                removing `\z@' on input line 2966.


Package hyperref Warning: Token not allowed in a PDF string (Unicode):
(hyperref)                removing `math shift' on input line 2966.

[108 <./ese/41a.jpeg>]

Package hyperref Warning: Token not allowed in a PDF string (Unicode):
(hyperref)                removing `math shift' on input line 2971.


Package hyperref Warning: Token not allowed in a PDF string (Unicode):
(hyperref)                removing `\@@underline' on input line 2971.


Package hyperref Warning: Token not allowed in a PDF string (Unicode):
(hyperref)                removing `\hbox' on input line 2971.


Package hyperref Warning: Token not allowed in a PDF string (Unicode):
(hyperref)                removing `\mathsurround' on input line 2971.


Package hyperref Warning: Token not allowed in a PDF string (Unicode):
(hyperref)                removing `\z@' on input line 2971.


Package hyperref Warning: Token not allowed in a PDF string (Unicode):
(hyperref)                removing `math shift' on input line 2971.


Underfull \hbox (badness 10000) in paragraph at lines 2972--2983

 []


Underfull \hbox (badness 10000) in paragraph at lines 2972--2983

 []

[109 <./images/69.VettAlea.jpeg> <./images/70.Prop1CDFVettA.jpeg>]

Package hyperref Warning: Token not allowed in a PDF string (Unicode):
(hyperref)                removing `math shift' on input line 2985.


Package hyperref Warning: Token not allowed in a PDF string (Unicode):
(hyperref)                removing `\@@underline' on input line 2985.


Package hyperref Warning: Token not allowed in a PDF string (Unicode):
(hyperref)                removing `\hbox' on input line 2985.


Package hyperref Warning: Token not allowed in a PDF string (Unicode):
(hyperref)                removing `\mathsurround' on input line 2985.


Package hyperref Warning: Token not allowed in a PDF string (Unicode):
(hyperref)                removing `\z@' on input line 2985.


Package hyperref Warning: Token not allowed in a PDF string (Unicode):
(hyperref)                removing `math shift' on input line 2985.

<images/83.jpeg, id=2794, 3221.03375pt x 830.10126pt>
File: images/83.jpeg Graphic file (type jpg)
<use images/83.jpeg>
Package pdftex.def Info: images/83.jpeg  used on input line 2990.
(pdftex.def)             Requested size: 418.74908pt x 107.91695pt.

Underfull \hbox (badness 10000) in paragraph at lines 2986--3000

 []


Underfull \hbox (badness 10000) in paragraph at lines 2986--3000

 []

[110 <./images/71.Prop2CDFVettA.jpeg>]

Package hyperref Warning: Token not allowed in a PDF string (Unicode):
(hyperref)                removing `math shift' on input line 3005.


Package hyperref Warning: Token not allowed in a PDF string (Unicode):
(hyperref)                removing `\@@underline' on input line 3005.


Package hyperref Warning: Token not allowed in a PDF string (Unicode):
(hyperref)                removing `\hbox' on input line 3005.


Package hyperref Warning: Token not allowed in a PDF string (Unicode):
(hyperref)                removing `\mathsurround' on input line 3005.


Package hyperref Warning: Token not allowed in a PDF string (Unicode):
(hyperref)                removing `\z@' on input line 3005.


Package hyperref Warning: Token not allowed in a PDF string (Unicode):
(hyperref)                removing `math shift' on input line 3005.


Underfull \hbox (badness 10000) in paragraph at lines 3006--3020

 []


Package hyperref Warning: Token not allowed in a PDF string (Unicode):
(hyperref)                removing `math shift' on input line 3021.


Package hyperref Warning: Token not allowed in a PDF string (Unicode):
(hyperref)                removing `\@@underline' on input line 3021.


Package hyperref Warning: Token not allowed in a PDF string (Unicode):
(hyperref)                removing `\hbox' on input line 3021.


Package hyperref Warning: Token not allowed in a PDF string (Unicode):
(hyperref)                removing `\mathsurround' on input line 3021.


Package hyperref Warning: Token not allowed in a PDF string (Unicode):
(hyperref)                removing `\z@' on input line 3021.


Package hyperref Warning: Token not allowed in a PDF string (Unicode):
(hyperref)                removing `math shift' on input line 3021.


Underfull \hbox (badness 10000) in paragraph at lines 3022--3028

 []


Package hyperref Warning: Token not allowed in a PDF string (Unicode):
(hyperref)                removing `math shift' on input line 3028.


Package hyperref Warning: Token not allowed in a PDF string (Unicode):
(hyperref)                removing `\@@underline' on input line 3028.


Package hyperref Warning: Token not allowed in a PDF string (Unicode):
(hyperref)                removing `\hbox' on input line 3028.


Package hyperref Warning: Token not allowed in a PDF string (Unicode):
(hyperref)                removing `\mathsurround' on input line 3028.


Package hyperref Warning: Token not allowed in a PDF string (Unicode):
(hyperref)                removing `\z@' on input line 3028.


Package hyperref Warning: Token not allowed in a PDF string (Unicode):
(hyperref)                removing `math shift' on input line 3028.

[111 <./images/72.Prop6CDFVettA.jpeg>]
Underfull \hbox (badness 10000) in paragraph at lines 3031--3037

 []


Underfull \hbox (badness 10000) in paragraph at lines 3031--3037

 []


Package hyperref Warning: Token not allowed in a PDF string (Unicode):
(hyperref)                removing `math shift' on input line 3037.


Package hyperref Warning: Token not allowed in a PDF string (Unicode):
(hyperref)                removing `\@@underline' on input line 3037.


Package hyperref Warning: Token not allowed in a PDF string (Unicode):
(hyperref)                removing `\hbox' on input line 3037.


Package hyperref Warning: Token not allowed in a PDF string (Unicode):
(hyperref)                removing `math shift' on input line 3037.


Package hyperref Warning: Token not allowed in a PDF string (Unicode):
(hyperref)                removing `\leavevmode@ifvmode' on input line 3037.


Package hyperref Warning: Token not allowed in a PDF string (Unicode):
(hyperref)                \kern 2.77695pt
(hyperref)                removed on input line 3037.


Package hyperref Warning: Token not allowed in a PDF string (Unicode):
(hyperref)                removing `\Leftarrow' on input line 3037.


Package hyperref Warning: Token not allowed in a PDF string (Unicode):
(hyperref)                removing `\mathrel' on input line 3037.


Package hyperref Warning: Token not allowed in a PDF string (Unicode):
(hyperref)                removing `\mkern' on input line 3037.


Package hyperref Warning: Token not allowed in a PDF string (Unicode):
(hyperref)                removing `\mathrel' on input line 3037.


Package hyperref Warning: Token not allowed in a PDF string (Unicode):
(hyperref)                removing `\std@equal' on input line 3037.


Package hyperref Warning: Token not allowed in a PDF string (Unicode):
(hyperref)                removing `\leavevmode@ifvmode' on input line 3037.


Package hyperref Warning: Token not allowed in a PDF string (Unicode):
(hyperref)                \kern 2.77695pt
(hyperref)                removed on input line 3037.


Package hyperref Warning: Token not allowed in a PDF string (Unicode):
(hyperref)                removing `math shift' on input line 3037.


Package hyperref Warning: Token not allowed in a PDF string (Unicode):
(hyperref)                removing `\mathsurround' on input line 3037.


Package hyperref Warning: Token not allowed in a PDF string (Unicode):
(hyperref)                removing `\z@' on input line 3037.


Package hyperref Warning: Token not allowed in a PDF string (Unicode):
(hyperref)                removing `math shift' on input line 3037.


Underfull \hbox (badness 10000) in paragraph at lines 3038--3061

 []


Underfull \hbox (badness 10000) in paragraph at lines 3038--3061

 []


Underfull \hbox (badness 10000) in paragraph at lines 3038--3061

 []


Underfull \hbox (badness 10000) in paragraph at lines 3038--3061

 []

[112 <./images/73.Prop7CDFVettA.jpeg>]

Package hyperref Warning: Token not allowed in a PDF string (Unicode):
(hyperref)                removing `math shift' on input line 3061.


Package hyperref Warning: Token not allowed in a PDF string (Unicode):
(hyperref)                removing `\@@underline' on input line 3061.


Package hyperref Warning: Token not allowed in a PDF string (Unicode):
(hyperref)                removing `\hbox' on input line 3061.


Package hyperref Warning: Token not allowed in a PDF string (Unicode):
(hyperref)                removing `\mathsurround' on input line 3061.


Package hyperref Warning: Token not allowed in a PDF string (Unicode):
(hyperref)                removing `\z@' on input line 3061.


Package hyperref Warning: Token not allowed in a PDF string (Unicode):
(hyperref)                removing `math shift' on input line 3061.

<ese/51.jpeg, id=2813, 3417.76875pt x 1962.33125pt>
File: ese/51.jpeg Graphic file (type jpg)
<use ese/51.jpeg>
Package pdftex.def Info: ese/51.jpeg  used on input line 3064.
(pdftex.def)             Requested size: 444.32555pt x 255.11201pt.

Package hyperref Warning: Token not allowed in a PDF string (Unicode):
(hyperref)                removing `math shift' on input line 3066.


Package hyperref Warning: Token not allowed in a PDF string (Unicode):
(hyperref)                removing `\@@underline' on input line 3066.


Package hyperref Warning: Token not allowed in a PDF string (Unicode):
(hyperref)                removing `\hbox' on input line 3066.


Package hyperref Warning: Token not allowed in a PDF string (Unicode):
(hyperref)                removing `\mathsurround' on input line 3066.


Package hyperref Warning: Token not allowed in a PDF string (Unicode):
(hyperref)                removing `\z@' on input line 3066.


Package hyperref Warning: Token not allowed in a PDF string (Unicode):
(hyperref)                removing `math shift' on input line 3066.

<ese/52.jpeg, id=2814, 3209.9925pt x 1313.90875pt>
File: ese/52.jpeg Graphic file (type jpg)
<use ese/52.jpeg>
Package pdftex.def Info: ese/52.jpeg  used on input line 3069.
(pdftex.def)             Requested size: 417.31367pt x 170.81413pt.
<ese/52a.jpeg, id=2815, 3169.8425pt x 2749.27126pt>
File: ese/52a.jpeg Graphic file (type jpg)
<use ese/52a.jpeg>
Package pdftex.def Info: ese/52a.jpeg  used on input line 3073.
(pdftex.def)             Requested size: 412.094pt x 357.41782pt.

Package hyperref Warning: Token not allowed in a PDF string (Unicode):
(hyperref)                removing `math shift' on input line 3076.


Package hyperref Warning: Token not allowed in a PDF string (Unicode):
(hyperref)                removing `math shift' on input line 3076.


Underfull \hbox (badness 10000) in paragraph at lines 3089--3094

 []

[113 <./images/74.VettAleaDisc1.jpeg>]

Package hyperref Warning: Token not allowed in a PDF string (Unicode):
(hyperref)                removing `math shift' on input line 3096.


Package hyperref Warning: Token not allowed in a PDF string (Unicode):
(hyperref)                removing `\@@underline' on input line 3096.


Package hyperref Warning: Token not allowed in a PDF string (Unicode):
(hyperref)                removing `\hbox' on input line 3096.


Package hyperref Warning: Token not allowed in a PDF string (Unicode):
(hyperref)                removing `\mathsurround' on input line 3096.


Package hyperref Warning: Token not allowed in a PDF string (Unicode):
(hyperref)                removing `\z@' on input line 3096.


Package hyperref Warning: Token not allowed in a PDF string (Unicode):
(hyperref)                removing `math shift' on input line 3096.

<images/84.jpeg, id=2821, 2009.5075pt x 1440.38126pt>
File: images/84.jpeg Graphic file (type jpg)
<use images/84.jpeg>
Package pdftex.def Info: images/84.jpeg  used on input line 3102.
(pdftex.def)             Requested size: 261.24515pt x 187.25613pt.
<images/85.jpeg, id=2822, 2099.845pt x 1348.03625pt>
File: images/85.jpeg Graphic file (type jpg)
<use images/85.jpeg>
Package pdftex.def Info: images/85.jpeg  used on input line 3108.
(pdftex.def)             Requested size: 217.6621pt x 139.72758pt.
<images/86.jpeg, id=2823, 2020.54875pt x 1402.23875pt>
File: images/86.jpeg Graphic file (type jpg)
<use images/86.jpeg>
Package pdftex.def Info: images/86.jpeg  used on input line 3113.
(pdftex.def)             Requested size: 217.6621pt x 151.03728pt.

Overfull \hbox (2.22221pt too wide) in paragraph at lines 3106--3116
[][] [] 
 []

<images/87.jpeg, id=2824, 2816.5225pt x 1383.1675pt>
File: images/87.jpeg Graphic file (type jpg)
<use images/87.jpeg>
Package pdftex.def Info: images/87.jpeg  used on input line 3120.
(pdftex.def)             Requested size: 366.16078pt x 179.81808pt.

Underfull \hbox (badness 10000) in paragraph at lines 3128--3140

 []


Underfull \hbox (badness 10000) in paragraph at lines 3128--3140

 []

[114 <./images/75.VettAleaDisc2.jpeg>]
Underfull \hbox (badness 10000) in paragraph at lines 3141--3146

 []


Underfull \hbox (badness 10000) in paragraph at lines 3141--3146

 []


Package hyperref Warning: Token not allowed in a PDF string (Unicode):
(hyperref)                removing `math shift' on input line 3146.


Package hyperref Warning: Token not allowed in a PDF string (Unicode):
(hyperref)                removing `\@@underline' on input line 3146.


Package hyperref Warning: Token not allowed in a PDF string (Unicode):
(hyperref)                removing `\hbox' on input line 3146.


Package hyperref Warning: Token not allowed in a PDF string (Unicode):
(hyperref)                removing `\mathsurround' on input line 3146.


Package hyperref Warning: Token not allowed in a PDF string (Unicode):
(hyperref)                removing `\z@' on input line 3146.


Package hyperref Warning: Token not allowed in a PDF string (Unicode):
(hyperref)                removing `math shift' on input line 3146.


Underfull \hbox (badness 10000) in paragraph at lines 3150--3160

 []


Underfull \hbox (badness 10000) in paragraph at lines 3150--3160

 []


Underfull \hbox (badness 10000) in paragraph at lines 3150--3160

 []


Underfull \hbox (badness 10000) in paragraph at lines 3150--3160

 []

[115 <./ese/42.jpeg>]
<ese/53.jpeg, id=2839, 2727.18875pt x 1838.87pt>
File: ese/53.jpeg Graphic file (type jpg)
<use ese/53.jpeg>
Package pdftex.def Info: ese/53.jpeg  used on input line 3170.
(pdftex.def)             Requested size: 436.35912pt x 294.2252pt.
<ese/53a.jpeg, id=2840, 2380.895pt x 3456.915pt>
File: ese/53a.jpeg Graphic file (type jpg)
<use ese/53a.jpeg>
Package pdftex.def Info: ese/53a.jpeg  used on input line 3174.
(pdftex.def)             Requested size: 380.95099pt x 553.1177pt.
<ese/54.jpeg, id=2841, 2603.7275pt x 3661.68pt>
File: ese/54.jpeg Graphic file (type jpg)
<use ese/54.jpeg>
Package pdftex.def Info: ese/54.jpeg  used on input line 3179.
(pdftex.def)             Requested size: 416.60492pt x 585.88078pt.
 [116 <./ese/43.jpeg> <./images/76.CDF_Cong_Cont.jpeg>]
[117 <./images/77.CDF_Marg_Cont.jpeg> <./images/78.CalcoloProbPDFCong.jpeg> <./
images/79.Prob_VA_inDom.jpeg>] [118 <./ese/44.jpeg>] [119 <./ese/44a.jpeg>]
[120 <./images/80.jpeg> <./images/81.jpeg>] [121 <./ese/45.jpeg> <./ese/46.jpeg
>] [122 <./ese/47.jpeg>] [123 <./ese/48.jpeg>] [124 <./ese/49.jpeg>] [125 <./es
e/50.jpeg> <./ese/50a.jpeg>] [126 <./images/82.jpeg>] [127 <./images/82a.jpeg> 
<./images/82b.jpeg>] [128 <./images/83.jpeg> <./ese/51.jpeg> <./ese/52.jpeg>]
[129 <./ese/52a.jpeg> <./images/84.jpeg> <./images/85.jpeg> <./images/86.jpeg>]
[130 <./images/87.jpeg> <./ese/53.jpeg>] [131 <./ese/53a.jpeg>] [132 <./ese/54.
jpeg>] (./main.aux)
 ***********
LaTeX2e <2023-11-01> patch level 1
L3 programming layer <2024-02-20>
 ***********
Package rerunfilecheck Info: File `main.out' has not changed.
(rerunfilecheck)             Checksum: 1249CF13940911C81646E5988C743F64;77745.
 ) 
Here is how much of TeX's memory you used:
 16697 strings out of 474116
 275880 string characters out of 5743683
 1956187 words of memory out of 5000000
 38076 multiletter control sequences out of 15000+600000
 569065 words of font info for 77 fonts, out of 8000000 for 9000
 1141 hyphenation exceptions out of 8191
 75i,22n,117p,615b,643s stack positions out of 10000i,1000n,20000p,200000b,200000s
</usr/local/texlive/2024/texmf-dist/fonts/type1/public/amsfonts/cm/cmbx10.pfb
></usr/local/texlive/2024/texmf-dist/fonts/type1/public/amsfonts/cm/cmbx12.pfb>
</usr/local/texlive/2024/texmf-dist/fonts/type1/public/amsfonts/cm/cmex10.pfb><
/usr/local/texlive/2024/texmf-dist/fonts/type1/public/amsfonts/cmextra/cmex7.pf
b></usr/local/texlive/2024/texmf-dist/fonts/type1/public/amsfonts/cm/cmmi10.pfb
></usr/local/texlive/2024/texmf-dist/fonts/type1/public/amsfonts/cm/cmmi12.pfb>
</usr/local/texlive/2024/texmf-dist/fonts/type1/public/amsfonts/cm/cmmi5.pfb></
usr/local/texlive/2024/texmf-dist/fonts/type1/public/amsfonts/cm/cmmi7.pfb></us
r/local/texlive/2024/texmf-dist/fonts/type1/public/amsfonts/cm/cmr10.pfb></usr/
local/texlive/2024/texmf-dist/fonts/type1/public/amsfonts/cm/cmr5.pfb></usr/loc
al/texlive/2024/texmf-dist/fonts/type1/public/amsfonts/cm/cmr7.pfb></usr/local/
texlive/2024/texmf-dist/fonts/type1/public/amsfonts/cm/cmr9.pfb></usr/local/tex
live/2024/texmf-dist/fonts/type1/public/amsfonts/cm/cmsl10.pfb></usr/local/texl
ive/2024/texmf-dist/fonts/type1/public/amsfonts/cm/cmssbx10.pfb></usr/local/tex
live/2024/texmf-dist/fonts/type1/public/amsfonts/cm/cmsy10.pfb></usr/local/texl
ive/2024/texmf-dist/fonts/type1/public/amsfonts/cm/cmsy5.pfb></usr/local/texliv
e/2024/texmf-dist/fonts/type1/public/amsfonts/cm/cmsy7.pfb></usr/local/texlive/
2024/texmf-dist/fonts/type1/public/amsfonts/latxfont/line10.pfb></usr/local/tex
live/2024/texmf-dist/fonts/type1/public/amsfonts/symbols/msam10.pfb></usr/local
/texlive/2024/texmf-dist/fonts/type1/public/amsfonts/symbols/msbm10.pfb></usr/l
ocal/texlive/2024/texmf-dist/fonts/type1/public/cm-super/sfrm1000.pfb>
Output written on main.pdf (133 pages, 263320875 bytes).
PDF statistics:
 3203 PDF objects out of 3580 (max. 8388607)
 2817 compressed objects within 29 object streams
 777 named destinations out of 1000 (max. 500000)
 3936 words of extra memory for PDF output out of 10000 (max. 10000000)

